{
	"__comment": "Designed by twodice",
	"textures": {
		"texture": "items/xormrrl1",
		"particle": "items/thskan",
		"texture1": "items/tlfqj"
	},
	"elements": [ 	 
		{
			"__comment": "Box2",
			"from": [ 7.5, -3.5, 7.5 ],
			"to": [ 8.5, 26, 8.5 ],
			"faces": {
				"down": { "uv": [ 9.125, 8.375, 9.5, 8.75 ], "texture": "#particle" },
				"up": { "uv": [ 9.125, 8.375, 9.5, 8.75 ], "texture": "#particle" },
				"north": { "uv": [ 9.125, 8.375, 9.5, 8.75 ], "texture": "#particle" },
				"south": { "uv": [ 9.125, 8.375, 9.5, 8.75 ], "texture": "#particle" },
				"west": { "uv": [ 9.125, 8.375, 9.5, 8.75 ], "texture": "#particle" },
				"east": { "uv": [ 9.125, 8.375, 9.5, 8.75 ], "texture": "#particle" }
			}
		},
		{
			"__comment": "Box2",
			"from": [ 7, -4, 7 ],
			"to": [ 9, -3, 9 ],
			"faces": {
				"down": { "uv": [ 9.125, 8.375, 9.5, 8.75 ], "texture": "#texture1" },
				"up": { "uv": [ 6.625, 12.5, 7, 12.875 ], "texture": "#texture1" },
				"north": { "uv": [ 7.125, 12.5, 8.75, 12.875 ], "texture": "#texture1" },
				"south": { "uv": [ 7.125, 12.5, 8.75, 12.875 ], "texture": "#texture1" },
				"west": { "uv": [ 7.125, 12.5, 8.75, 12.875 ], "texture": "#texture1" },
				"east": { "uv": [ 7.125, 12.5, 8.75, 12.875 ], "texture": "#texture1" }
			}
		},
		{
			"__comment": "Box2",
			"from": [ 6, -5, 6 ],
			"to": [ 10, -4, 10 ],
			"faces": {
				"down": { "uv": [ 9.125, 8.375, 9.5, 8.75 ], "texture": "#texture1" },
				"up": { "uv": [ 6.625, 12.5, 7, 12.875 ], "texture": "#texture1" },
				"north": { "uv": [ 7.125, 12.5, 8.75, 12.875 ], "texture": "#texture1" },
				"south": { "uv": [ 7.125, 12.5, 8.75, 12.875 ], "texture": "#texture1" },
				"west": { "uv": [ 7.125, 12.5, 8.75, 12.875 ], "texture": "#texture1" },
				"east": { "uv": [ 7.125, 12.5, 8.75, 12.875 ], "texture": "#texture1" }
			}
		},
		{
			"__comment": "Box2",
			"from": [ 5, -6, 5 ],
			"to": [ 11, -5, 11 ],
			"faces": {
				"down": { "uv": [ 9.125, 8.375, 9.5, 8.75 ], "texture": "#texture1" },
				"up": { "uv": [ 6.625, 12.5, 7, 12.875 ], "texture": "#texture1" },
				"north": { "uv": [ 7.125, 12.5, 8.75, 12.875 ], "texture": "#texture1" },
				"south": { "uv": [ 7.125, 12.5, 8.75, 12.875 ], "texture": "#texture1" },
				"west": { "uv": [ 7.125, 12.5, 8.75, 12.875 ], "texture": "#texture1" },
				"east": { "uv": [ 7.125, 12.5, 8.75, 12.875 ], "texture": "#texture1" }
			}
		},
		{
			"__comment": "Box6",
			"from": [ 0.5, -2.5, 7.4688 ],
			"to": [ 15, 31, 7.4698 ],
			"faces": {
				"down": { "uv": [ 2.25, 0.25, 3.875, 1 ], "texture": "#texture" },
				"up": { "uv": [ 2.25, 0.25, 3.875, 1 ], "texture": "#texture" },
				"north": { "uv": [ 5.5, 0, 11.125, 16 ], "texture": "#texture" },
				"south": { "uv": [ 11.125, 0, 5.5, 16 ], "texture": "#texture" },
				"west": { "uv": [ 2.25, 0.25, 3.875, 1 ], "texture": "#texture" },
				"east": { "uv": [ 2.25, 0.25, 3.875, 1 ], "texture": "#texture" }
			}
		}
	],
	"display": {
		"gui": {
			"rotation":  [ 0, 180, 0 ],
			"translation":  [ 0, -1.391, 0 ],
			"scale":  [ 0.4, 0.4, 0.4 ]
		},
		"head": {
			"translation":  [ 0, 10.5, 2 ],
			"scale":  [ 4, 4, 4 ]
		}
	}
}