{
	"__comment": "Designed by twodice",
	"textures": {
		"particle": "items/wjsflq1",
		"texture": "items/wjsflq2",
		"texture1": "items/hat5"
	},
	"elements": [ 	 
		{
			"__comment": "Box1",
			"from": [ 2, 0.125, 0 ],
			"to": [ 14, 0.875, 16 ],
			"faces": {
				"down": { "uv": [ 7.3125, 6.0625, 10, 7.8125 ], "texture": "#particle" },
				"up": { "uv": [ 7.3125, 6.0625, 10, 7.8125 ], "texture": "#particle" },
				"north": { "uv": [ 7.3125, 6.0625, 10, 7.8125 ], "texture": "#particle" },
				"south": { "uv": [ 7.3125, 6.0625, 10, 7.8125 ], "texture": "#particle" },
				"west": { "uv": [ 7.3125, 6.0625, 10, 7.8125 ], "texture": "#particle" },
				"east": { "uv": [ 7.3125, 6.0625, 10, 7.8125 ], "texture": "#particle" }
			}
		},
		{
			"__comment": "Box1",
			"from": [ 0, 0.125, 2 ],
			"to": [ 16, 0.875, 14 ],
			"faces": {
				"down": { "uv": [ 7.3125, 6.0625, 10, 7.8125 ], "texture": "#particle" },
				"up": { "uv": [ 7.3125, 6.0625, 10, 7.8125 ], "texture": "#particle" },
				"north": { "uv": [ 7.3125, 6.0625, 10, 7.8125 ], "texture": "#particle" },
				"south": { "uv": [ 7.3125, 6.0625, 10, 7.8125 ], "texture": "#particle" },
				"west": { "uv": [ 7.3125, 6.0625, 10, 7.8125 ], "texture": "#particle" },
				"east": { "uv": [ 7.3125, 6.0625, 10, 7.8125 ], "texture": "#particle" }
			}
		},
		{
			"__comment": "Box1",
			"from": [ 5, 0.125, -1 ],
			"to": [ 11, 0.875, 0 ],
			"faces": {
				"down": { "uv": [ 7.3125, 6.0625, 10, 7.8125 ], "texture": "#particle" },
				"up": { "uv": [ 7.3125, 6.0625, 10, 7.8125 ], "texture": "#particle" },
				"north": { "uv": [ 7.3125, 6.0625, 10, 7.8125 ], "texture": "#particle" },
				"south": { "uv": [ 7.3125, 6.0625, 10, 7.8125 ], "texture": "#particle" },
				"west": { "uv": [ 7.3125, 6.0625, 10, 7.8125 ], "texture": "#particle" },
				"east": { "uv": [ 7.3125, 6.0625, 10, 7.8125 ], "texture": "#particle" }
			}
		},
		{
			"__comment": "Box1",
			"from": [ -1, 0.125, 5 ],
			"to": [ 0, 0.875, 11 ],
			"faces": {
				"down": { "uv": [ 7.3125, 6.0625, 10, 7.8125 ], "texture": "#particle" },
				"up": { "uv": [ 7.3125, 6.0625, 10, 7.8125 ], "texture": "#particle" },
				"north": { "uv": [ 7.3125, 6.0625, 10, 7.8125 ], "texture": "#particle" },
				"south": { "uv": [ 7.3125, 6.0625, 10, 7.8125 ], "texture": "#particle" },
				"west": { "uv": [ 7.3125, 6.0625, 10, 7.8125 ], "texture": "#particle" },
				"east": { "uv": [ 7.3125, 6.0625, 10, 7.8125 ], "texture": "#particle" }
			}
		},
		{
			"__comment": "Box1",
			"from": [ 16, 0.125, 5 ],
			"to": [ 17, 0.875, 11 ],
			"faces": {
				"down": { "uv": [ 7.3125, 6.0625, 10, 7.8125 ], "texture": "#particle" },
				"up": { "uv": [ 7.3125, 6.0625, 10, 7.8125 ], "texture": "#particle" },
				"north": { "uv": [ 7.3125, 6.0625, 10, 7.8125 ], "texture": "#particle" },
				"south": { "uv": [ 7.3125, 6.0625, 10, 7.8125 ], "texture": "#particle" },
				"west": { "uv": [ 7.3125, 6.0625, 10, 7.8125 ], "texture": "#particle" },
				"east": { "uv": [ 7.3125, 6.0625, 10, 7.8125 ], "texture": "#particle" }
			}
		},
		{
			"__comment": "Box1",
			"from": [ 5, 0.125, 16 ],
			"to": [ 11, 0.875, 17 ],
			"faces": {
				"down": { "uv": [ 7.3125, 6.0625, 10, 7.8125 ], "texture": "#particle" },
				"up": { "uv": [ 7.3125, 6.0625, 10, 7.8125 ], "texture": "#particle" },
				"north": { "uv": [ 7.3125, 6.0625, 10, 7.8125 ], "texture": "#particle" },
				"south": { "uv": [ 7.3125, 6.0625, 10, 7.8125 ], "texture": "#particle" },
				"west": { "uv": [ 7.3125, 6.0625, 10, 7.8125 ], "texture": "#particle" },
				"east": { "uv": [ 7.3125, 6.0625, 10, 7.8125 ], "texture": "#particle" }
			}
		},
		{
			"__comment": "Box1",
			"from": [ 4, 1, 4 ],
			"to": [ 12, 4, 12 ],
			"faces": {
				"down": { "uv": [ 7.3125, 6.0625, 10, 7.8125 ], "texture": "#particle" },
				"up": { "uv": [ 7.3125, 6.0625, 10, 7.8125 ], "texture": "#particle" },
				"north": { "uv": [ 7.125, 2.4375, 13.625, 4.9375 ], "texture": "#particle" },
				"south": { "uv": [ 7.125, 2.4375, 13.625, 4.9375 ], "texture": "#particle" },
				"west": { "uv": [ 7.125, 2.4375, 13.625, 4.9375 ], "texture": "#particle" },
				"east": { "uv": [ 7.125, 2.4375, 13.625, 4.9375 ], "texture": "#particle" }
			}
		},
		{
			"__comment": "Box1",
			"from": [ 5, 4, 5 ],
			"to": [ 11, 5, 11 ],
			"faces": {
				"down": { "uv": [ 7.3125, 6.0625, 10, 7.8125 ], "texture": "#particle" },
				"up": { "uv": [ 7.3125, 6.0625, 10, 7.8125 ], "texture": "#particle" },
				"north": { "uv": [ 7.3125, 6.0625, 10, 7.8125 ], "texture": "#particle" },
				"south": { "uv": [ 7.3125, 6.0625, 10, 7.8125 ], "texture": "#particle" },
				"west": { "uv": [ 7.3125, 6.0625, 10, 7.8125 ], "texture": "#particle" },
				"east": { "uv": [ 7.3125, 6.0625, 10, 7.8125 ], "texture": "#particle" }
			}
		},
		{
			"__comment": "Box1",
			"from": [ 6.5, 5, 6.5 ],
			"to": [ 9.5, 6, 9.5 ],
			"faces": {
				"down": { "uv": [ 7.3125, 6.0625, 10, 7.8125 ], "texture": "#particle" },
				"up": { "uv": [ 7.3125, 6.0625, 10, 7.8125 ], "texture": "#particle" },
				"north": { "uv": [ 7.3125, 6.0625, 10, 7.8125 ], "texture": "#particle" },
				"south": { "uv": [ 7.3125, 6.0625, 10, 7.8125 ], "texture": "#particle" },
				"west": { "uv": [ 7.3125, 6.0625, 10, 7.8125 ], "texture": "#particle" },
				"east": { "uv": [ 7.3125, 6.0625, 10, 7.8125 ], "texture": "#particle" }
			}
		},
		{
			"__comment": "Box1",
			"from": [ 4, 0.875, 3 ],
			"to": [ 12, 1.875, 4 ],
			"faces": {
				"down": { "uv": [ 0, 0, 4, 0.5 ], "texture": "#particle" },
				"up": { "uv": [ 4, 0, 0, 0.5 ], "texture": "#particle" },
				"north": { "uv": [ 0, 0, 4, 0.5 ], "texture": "#particle" },
				"south": { "uv": [ 0, 0, 4, 0.5 ], "texture": "#particle" },
				"west": { "uv": [ 1.5, 0, 2, 0.5 ], "texture": "#particle" },
				"east": { "uv": [ 1.5, 0, 2, 0.5 ], "texture": "#particle" }
			}
		},
		{
			"__comment": "Box1",
			"from": [ 4, 0.875, 12 ],
			"to": [ 12, 1.875, 13 ],
			"faces": {
				"down": { "uv": [ 0, 0, 4, 0.5 ], "texture": "#particle" },
				"up": { "uv": [ 4, 0, 0, 0.5 ], "texture": "#particle" },
				"north": { "uv": [ 0, 0, 4, 0.5 ], "texture": "#particle" },
				"south": { "uv": [ 0, 0, 4, 0.5 ], "texture": "#particle" },
				"west": { "uv": [ 1.5, 0, 2, 0.5 ], "texture": "#particle" },
				"east": { "uv": [ 1.5, 0, 2, 0.5 ], "texture": "#particle" }
			}
		},
		{
			"__comment": "Box1",
			"from": [ 3, 0.875, 4 ],
			"to": [ 4, 1.875, 12 ],
			"faces": {
				"down": { "uv": [ 0, 0, 4, 0.5 ], "texture": "#particle", "rotation": 270 },
				"up": { "uv": [ 4, 0, 0, 0.5 ], "texture": "#particle", "rotation": 90 },
				"north": { "uv": [ 1.5, 0, 2, 0.5 ], "texture": "#particle" },
				"south": { "uv": [ 1.5, 0, 2, 0.5 ], "texture": "#particle" },
				"west": { "uv": [ 0, 0, 4, 0.5 ], "texture": "#particle" },
				"east": { "uv": [ 0, 0, 4, 0.5 ], "texture": "#particle" }
			}
		},
		{
			"__comment": "Box1",
			"from": [ 12, 0.875, 4 ],
			"to": [ 13, 1.875, 12 ],
			"faces": {
				"down": { "uv": [ 0, 0, 4, 0.5 ], "texture": "#particle", "rotation": 270 },
				"up": { "uv": [ 4, 0, 0, 0.5 ], "texture": "#particle", "rotation": 90 },
				"north": { "uv": [ 1.5, 0, 2, 0.5 ], "texture": "#particle" },
				"south": { "uv": [ 1.5, 0, 2, 0.5 ], "texture": "#particle" },
				"west": { "uv": [ 0, 0, 4, 0.5 ], "texture": "#particle" },
				"east": { "uv": [ 0, 0, 4, 0.5 ], "texture": "#particle" }
			}
		},
		{
			"__comment": "Box18",
			"from": [ 6.5, 1.5, 12.0615 ],
			"to": [ 9.5, 4, 12.0625 ],
			"faces": {
				"down": { "uv": [ 3.5, 9.375, 5.5, 9.376 ], "texture": "#particle", "rotation": 180 },
				"up": { "uv": [ 3.5, 9.375, 5.5, 9.376 ], "texture": "#particle", "rotation": 180 },
				"north": { "uv": [ 3.5, 9.375, 5.5, 9.376 ], "texture": "#particle" },
				"south": { "uv": [ 0.125, 9.125, 3.8125, 12.875 ], "texture": "#particle" },
				"west": { "uv": [ 3.5, 9.375, 5.5, 9.376 ], "texture": "#particle" },
				"east": { "uv": [ 3.5, 9.375, 5.5, 9.376 ], "texture": "#particle" }
			}
		},
		{
			"__comment": "Box1",
			"from": [ 7.25, 6, 7.25 ],
			"to": [ 8.75, 6.25, 8.75 ],
			"faces": {
				"down": { "uv": [ 7.3125, 6.0625, 10, 7.8125 ], "texture": "#particle" },
				"up": { "uv": [ 7.3125, 6.0625, 10, 7.8125 ], "texture": "#particle" },
				"north": { "uv": [ 7.3125, 6.0625, 10, 7.8125 ], "texture": "#particle" },
				"south": { "uv": [ 7.3125, 6.0625, 10, 7.8125 ], "texture": "#particle" },
				"west": { "uv": [ 7.3125, 6.0625, 10, 7.8125 ], "texture": "#particle" },
				"east": { "uv": [ 7.3125, 6.0625, 10, 7.8125 ], "texture": "#particle" }
			}
		},
		{
			"__comment": "Box1",
			"from": [ 7.75, 6.25, 7.75 ],
			"to": [ 8.25, 7.5, 8.25 ],
			"faces": {
				"down": { "uv": [ 7.3125, 6.0625, 10, 7.8125 ], "texture": "#particle" },
				"up": { "uv": [ 7.3125, 6.0625, 10, 7.8125 ], "texture": "#particle" },
				"north": { "uv": [ 7.3125, 6.0625, 10, 7.8125 ], "texture": "#particle" },
				"south": { "uv": [ 7.3125, 6.0625, 10, 7.8125 ], "texture": "#particle" },
				"west": { "uv": [ 7.3125, 6.0625, 10, 7.8125 ], "texture": "#particle" },
				"east": { "uv": [ 7.3125, 6.0625, 10, 7.8125 ], "texture": "#particle" }
			}
		},
		{
			"__comment": "Box1",
			"from": [ 7.5, 6.75, 7.75 ],
			"to": [ 8.5, 7.25, 8.25 ],
			"faces": {
				"down": { "uv": [ 7.3125, 6.0625, 10, 7.8125 ], "texture": "#particle" },
				"up": { "uv": [ 7.3125, 6.0625, 10, 7.8125 ], "texture": "#particle" },
				"north": { "uv": [ 7.3125, 6.0625, 10, 7.8125 ], "texture": "#particle" },
				"south": { "uv": [ 7.3125, 6.0625, 10, 7.8125 ], "texture": "#particle" },
				"west": { "uv": [ 7.3125, 6.0625, 10, 7.8125 ], "texture": "#particle" },
				"east": { "uv": [ 7.3125, 6.0625, 10, 7.8125 ], "texture": "#particle" }
			}
		},
		{
			"__comment": "Box1",
			"from": [ 7.75, 6.75, 7.5 ],
			"to": [ 8.25, 7.25, 8.5 ],
			"faces": {
				"down": { "uv": [ 7.3125, 6.0625, 10, 7.8125 ], "texture": "#particle", "rotation": 270 },
				"up": { "uv": [ 7.3125, 6.0625, 10, 7.8125 ], "texture": "#particle", "rotation": 90 },
				"north": { "uv": [ 7.3125, 6.0625, 10, 7.8125 ], "texture": "#particle" },
				"south": { "uv": [ 7.3125, 6.0625, 10, 7.8125 ], "texture": "#particle" },
				"west": { "uv": [ 7.3125, 6.0625, 10, 7.8125 ], "texture": "#particle" },
				"east": { "uv": [ 7.3125, 6.0625, 10, 7.8125 ], "texture": "#particle" }
			}
		},
		{
			"__comment": "Box23",
			"from": [ 10.625, 4.25, 8 ],
			"to": [ 31.625, 8.5, 8.001 ],
			"rotation": { "origin": [ 10.625, 4.25, 8 ], "axis": "z", "angle": -45 },
			"faces": {
				"down": { "uv": [ 0, 7.5, 6.5, 8.5 ], "texture": "#particle" },
				"up": { "uv": [ 0, 7.5, 6.5, 8.5 ], "texture": "#particle" },
				"north": { "uv": [ 14.9375, 9.4375, 5.1875, 12.3125 ], "texture": "#particle" },
				"south": { "uv": [ 5, 9.375, 15.25, 12.5625 ], "texture": "#particle" },
				"west": { "uv": [ 5.1875, 9.4375, 14.9375, 12.3125 ], "texture": "#particle" },
				"east": { "uv": [ 14.9375, 9.4375, 5.1875, 12.3125 ], "texture": "#particle" }
			}
		},
		{
			"__comment": "Box24",
			"from": [ 8.4502, 6.7913, 7.9 ],
			"to": [ 11.9502, 7.2913, 8.4 ],
			"rotation": { "origin": [ 8.375, 7.25, 8 ], "axis": "z", "angle": -22.5 },
			"faces": {
				"down": { "uv": [ 6, 6.0625, 10.0625, 7.875 ], "texture": "#texture", "rotation": 180 },
				"up": { "uv": [ 6, 6.0625, 10.0625, 7.875 ], "texture": "#texture", "rotation": 180 },
				"north": { "uv": [ 6, 6.0625, 10.0625, 7.875 ], "texture": "#texture", "rotation": 180 },
				"south": { "uv": [ 6, 6.0625, 10.0625, 7.875 ], "texture": "#texture", "rotation": 180 },
				"west": { "uv": [ 10.0625, 7.875, 6, 6.0625 ], "texture": "#texture" },
				"east": { "uv": [ 10.0625, 7.875, 6, 6.0625 ], "texture": "#texture" }
			}
		},
		{
			"__comment": "Box1",
			"from": [ 3.5, -0.75, 7.5 ],
			"to": [ 4.25, 0, 8.25 ],
			"rotation": { "origin": [ 3.5, -0.75, 7.5 ], "axis": "z", "angle": 45 },
			"faces": {
				"down": { "uv": [ 10.3125, 13.8125, 10.625, 14.125 ], "texture": "#particle" },
				"up": { "uv": [ 10.3125, 13.8125, 10.625, 14.125 ], "texture": "#particle" },
				"north": { "uv": [ 10.3125, 13.8125, 10.625, 14.125 ], "texture": "#particle" },
				"south": { "uv": [ 10.3125, 13.8125, 10.625, 14.125 ], "texture": "#particle" },
				"west": { "uv": [ 10.3125, 13.8125, 10.625, 14.125 ], "texture": "#particle" },
				"east": { "uv": [ 10.3125, 13.8125, 10.625, 14.125 ], "texture": "#particle" }
			}
		},
		{
			"__comment": "Box1",
			"from": [ 12.5, -0.75, 7.5 ],
			"to": [ 13.25, 0, 8.25 ],
			"rotation": { "origin": [ 12.5, -0.75, 7.5 ], "axis": "z", "angle": 45 },
			"faces": {
				"down": { "uv": [ 10.3125, 13.8125, 10.625, 14.125 ], "texture": "#particle" },
				"up": { "uv": [ 10.3125, 13.8125, 10.625, 14.125 ], "texture": "#particle" },
				"north": { "uv": [ 10.3125, 13.8125, 10.625, 14.125 ], "texture": "#particle" },
				"south": { "uv": [ 10.3125, 13.8125, 10.625, 14.125 ], "texture": "#particle" },
				"west": { "uv": [ 10.3125, 13.8125, 10.625, 14.125 ], "texture": "#particle" },
				"east": { "uv": [ 10.3125, 13.8125, 10.625, 14.125 ], "texture": "#particle" }
			}
		},
		{
			"__comment": "Box1",
			"from": [ 12.5, -1.75, 7.5 ],
			"to": [ 13.25, -1, 8.25 ],
			"rotation": { "origin": [ 12.5, -1.75, 7.5 ], "axis": "z", "angle": 45 },
			"faces": {
				"down": { "uv": [ 10.3125, 13.8125, 10.625, 14.125 ], "texture": "#particle" },
				"up": { "uv": [ 10.3125, 13.8125, 10.625, 14.125 ], "texture": "#particle" },
				"north": { "uv": [ 10.3125, 13.8125, 10.625, 14.125 ], "texture": "#particle" },
				"south": { "uv": [ 10.3125, 13.8125, 10.625, 14.125 ], "texture": "#particle" },
				"west": { "uv": [ 10.3125, 13.8125, 10.625, 14.125 ], "texture": "#particle" },
				"east": { "uv": [ 10.3125, 13.8125, 10.625, 14.125 ], "texture": "#particle" }
			}
		},
		{
			"__comment": "Box1",
			"from": [ 3.5, -1.75, 7.5 ],
			"to": [ 4.25, -1, 8.25 ],
			"rotation": { "origin": [ 3.5, -1.75, 7.5 ], "axis": "z", "angle": 45 },
			"faces": {
				"down": { "uv": [ 10.3125, 13.8125, 10.625, 14.125 ], "texture": "#particle" },
				"up": { "uv": [ 10.3125, 13.8125, 10.625, 14.125 ], "texture": "#particle" },
				"north": { "uv": [ 10.3125, 13.8125, 10.625, 14.125 ], "texture": "#particle" },
				"south": { "uv": [ 10.3125, 13.8125, 10.625, 14.125 ], "texture": "#particle" },
				"west": { "uv": [ 10.3125, 13.8125, 10.625, 14.125 ], "texture": "#particle" },
				"east": { "uv": [ 10.3125, 13.8125, 10.625, 14.125 ], "texture": "#particle" }
			}
		},
		{
			"__comment": "Box1",
			"from": [ 12.5, -2.75, 8 ],
			"to": [ 13.25, -2, 8.75 ],
			"rotation": { "origin": [ 12.5, -2.75, 8 ], "axis": "z", "angle": 45 },
			"faces": {
				"down": { "uv": [ 10.3125, 13.8125, 10.625, 14.125 ], "texture": "#particle" },
				"up": { "uv": [ 10.3125, 13.8125, 10.625, 14.125 ], "texture": "#particle" },
				"north": { "uv": [ 10.3125, 13.8125, 10.625, 14.125 ], "texture": "#particle" },
				"south": { "uv": [ 10.3125, 13.8125, 10.625, 14.125 ], "texture": "#particle" },
				"west": { "uv": [ 10.3125, 13.8125, 10.625, 14.125 ], "texture": "#particle" },
				"east": { "uv": [ 10.3125, 13.8125, 10.625, 14.125 ], "texture": "#particle" }
			}
		},
		{
			"__comment": "Box1",
			"from": [ 3.5, -2.75, 8 ],
			"to": [ 4.25, -2, 8.75 ],
			"rotation": { "origin": [ 3.5, -2.75, 8 ], "axis": "z", "angle": 45 },
			"faces": {
				"down": { "uv": [ 10.3125, 13.8125, 10.625, 14.125 ], "texture": "#particle" },
				"up": { "uv": [ 10.3125, 13.8125, 10.625, 14.125 ], "texture": "#particle" },
				"north": { "uv": [ 10.3125, 13.8125, 10.625, 14.125 ], "texture": "#particle" },
				"south": { "uv": [ 10.3125, 13.8125, 10.625, 14.125 ], "texture": "#particle" },
				"west": { "uv": [ 10.3125, 13.8125, 10.625, 14.125 ], "texture": "#particle" },
				"east": { "uv": [ 10.3125, 13.8125, 10.625, 14.125 ], "texture": "#particle" }
			}
		},
		{
			"__comment": "Box1",
			"from": [ 12.5, -4.25, 8.25 ],
			"to": [ 13.58, -3.17, 9.33 ],
			"rotation": { "origin": [ 12.5, -4.25, 8.25 ], "axis": "z", "angle": 45 },
			"faces": {
				"down": { "uv": [ 9.375, 13.75, 9.6875, 14.0625 ], "texture": "#particle" },
				"up": { "uv": [ 9.375, 13.75, 9.6875, 14.0625 ], "texture": "#particle" },
				"north": { "uv": [ 9.375, 13.75, 9.6875, 14.0625 ], "texture": "#particle" },
				"south": { "uv": [ 9.375, 13.75, 9.6875, 14.0625 ], "texture": "#particle" },
				"west": { "uv": [ 9.375, 13.75, 9.6875, 14.0625 ], "texture": "#particle" },
				"east": { "uv": [ 9.375, 13.75, 9.6875, 14.0625 ], "texture": "#particle" }
			}
		},
		{
			"__comment": "Box1",
			"from": [ 3.5, -4.25, 8.25 ],
			"to": [ 4.58, -3.17, 9.33 ],
			"rotation": { "origin": [ 3.5, -4.25, 8.25 ], "axis": "z", "angle": 45 },
			"faces": {
				"down": { "uv": [ 9.375, 13.75, 9.6875, 14.0625 ], "texture": "#particle" },
				"up": { "uv": [ 9.375, 13.75, 9.6875, 14.0625 ], "texture": "#particle" },
				"north": { "uv": [ 9.375, 13.75, 9.6875, 14.0625 ], "texture": "#particle" },
				"south": { "uv": [ 9.375, 13.75, 9.6875, 14.0625 ], "texture": "#particle" },
				"west": { "uv": [ 9.375, 13.75, 9.6875, 14.0625 ], "texture": "#particle" },
				"east": { "uv": [ 9.375, 13.75, 9.6875, 14.0625 ], "texture": "#particle" }
			}
		},
		{
			"__comment": "Box1",
			"from": [ 3.5, -5.25, 9.25 ],
			"to": [ 4.25, -4.5, 10 ],
			"rotation": { "origin": [ 3.5, -5.25, 9.25 ], "axis": "z", "angle": 45 },
			"faces": {
				"down": { "uv": [ 10.3125, 13.8125, 10.625, 14.125 ], "texture": "#particle" },
				"up": { "uv": [ 10.3125, 13.8125, 10.625, 14.125 ], "texture": "#particle" },
				"north": { "uv": [ 10.3125, 13.8125, 10.625, 14.125 ], "texture": "#particle" },
				"south": { "uv": [ 10.3125, 13.8125, 10.625, 14.125 ], "texture": "#particle" },
				"west": { "uv": [ 10.3125, 13.8125, 10.625, 14.125 ], "texture": "#particle" },
				"east": { "uv": [ 10.3125, 13.8125, 10.625, 14.125 ], "texture": "#particle" }
			}
		},
		{
			"__comment": "Box1",
			"from": [ 3.875, -6.25, 9.875 ],
			"to": [ 4.625, -5.5, 10.625 ],
			"rotation": { "origin": [ 3.875, -6.25, 9.875 ], "axis": "z", "angle": 45 },
			"faces": {
				"down": { "uv": [ 10.3125, 13.8125, 10.625, 14.125 ], "texture": "#particle" },
				"up": { "uv": [ 10.3125, 13.8125, 10.625, 14.125 ], "texture": "#particle" },
				"north": { "uv": [ 10.3125, 13.8125, 10.625, 14.125 ], "texture": "#particle" },
				"south": { "uv": [ 10.3125, 13.8125, 10.625, 14.125 ], "texture": "#particle" },
				"west": { "uv": [ 10.3125, 13.8125, 10.625, 14.125 ], "texture": "#particle" },
				"east": { "uv": [ 10.3125, 13.8125, 10.625, 14.125 ], "texture": "#particle" }
			}
		},
		{
			"__comment": "Box1",
			"from": [ 12.5, -5.25, 9.25 ],
			"to": [ 13.25, -4.5, 10 ],
			"rotation": { "origin": [ 12.5, -5.25, 9.25 ], "axis": "z", "angle": 45 },
			"faces": {
				"down": { "uv": [ 10.3125, 13.8125, 10.625, 14.125 ], "texture": "#particle" },
				"up": { "uv": [ 10.3125, 13.8125, 10.625, 14.125 ], "texture": "#particle" },
				"north": { "uv": [ 10.3125, 13.8125, 10.625, 14.125 ], "texture": "#particle" },
				"south": { "uv": [ 10.3125, 13.8125, 10.625, 14.125 ], "texture": "#particle" },
				"west": { "uv": [ 10.3125, 13.8125, 10.625, 14.125 ], "texture": "#particle" },
				"east": { "uv": [ 10.3125, 13.8125, 10.625, 14.125 ], "texture": "#particle" }
			}
		},
		{
			"__comment": "Box1",
			"from": [ 12.125, -6.25, 9.875 ],
			"to": [ 12.875, -5.5, 10.625 ],
			"rotation": { "origin": [ 12.125, -6.25, 9.875 ], "axis": "z", "angle": 45 },
			"faces": {
				"down": { "uv": [ 10.3125, 13.8125, 10.625, 14.125 ], "texture": "#particle" },
				"up": { "uv": [ 10.3125, 13.8125, 10.625, 14.125 ], "texture": "#particle" },
				"north": { "uv": [ 10.3125, 13.8125, 10.625, 14.125 ], "texture": "#particle" },
				"south": { "uv": [ 10.3125, 13.8125, 10.625, 14.125 ], "texture": "#particle" },
				"west": { "uv": [ 10.3125, 13.8125, 10.625, 14.125 ], "texture": "#particle" },
				"east": { "uv": [ 10.3125, 13.8125, 10.625, 14.125 ], "texture": "#particle" }
			}
		},
		{
			"__comment": "Box1",
			"from": [ 11.75, -7.25, 10.25 ],
			"to": [ 12.5, -6.5, 11 ],
			"rotation": { "origin": [ 11.75, -7.25, 10.25 ], "axis": "z", "angle": 45 },
			"faces": {
				"down": { "uv": [ 10.3125, 13.8125, 10.625, 14.125 ], "texture": "#particle" },
				"up": { "uv": [ 10.3125, 13.8125, 10.625, 14.125 ], "texture": "#particle" },
				"north": { "uv": [ 10.3125, 13.8125, 10.625, 14.125 ], "texture": "#particle" },
				"south": { "uv": [ 10.3125, 13.8125, 10.625, 14.125 ], "texture": "#particle" },
				"west": { "uv": [ 10.3125, 13.8125, 10.625, 14.125 ], "texture": "#particle" },
				"east": { "uv": [ 10.3125, 13.8125, 10.625, 14.125 ], "texture": "#particle" }
			}
		},
		{
			"__comment": "Box1",
			"from": [ 4.25, -7.25, 10.25 ],
			"to": [ 5, -6.5, 11 ],
			"rotation": { "origin": [ 4.25, -7.25, 10.25 ], "axis": "z", "angle": 45 },
			"faces": {
				"down": { "uv": [ 10.3125, 13.8125, 10.625, 14.125 ], "texture": "#particle" },
				"up": { "uv": [ 10.3125, 13.8125, 10.625, 14.125 ], "texture": "#particle" },
				"north": { "uv": [ 10.3125, 13.8125, 10.625, 14.125 ], "texture": "#particle" },
				"south": { "uv": [ 10.3125, 13.8125, 10.625, 14.125 ], "texture": "#particle" },
				"west": { "uv": [ 10.3125, 13.8125, 10.625, 14.125 ], "texture": "#particle" },
				"east": { "uv": [ 10.3125, 13.8125, 10.625, 14.125 ], "texture": "#particle" }
			}
		},
		{
			"__comment": "Box1",
			"from": [ 4.5, -8.33, 10.25 ],
			"to": [ 5.58, -7.25, 11.33 ],
			"faces": {
				"down": { "uv": [ 9.375, 13.75, 9.6875, 14.0625 ], "texture": "#particle" },
				"up": { "uv": [ 9.375, 13.75, 9.6875, 14.0625 ], "texture": "#particle" },
				"north": { "uv": [ 9.375, 13.75, 9.6875, 14.0625 ], "texture": "#particle" },
				"south": { "uv": [ 9.375, 13.75, 9.6875, 14.0625 ], "texture": "#particle" },
				"west": { "uv": [ 9.375, 13.75, 9.6875, 14.0625 ], "texture": "#particle" },
				"east": { "uv": [ 9.375, 13.75, 9.6875, 14.0625 ], "texture": "#particle" }
			}
		},
		{
			"__comment": "Box1",
			"from": [ 8, -10.25, 10.25 ],
			"to": [ 9.08, -9.17, 11.33 ],
			"rotation": { "origin": [ 8, -10.25, 10.25 ], "axis": "z", "angle": 45 },
			"faces": {
				"down": { "uv": [ 9.375, 13.75, 9.6875, 14.0625 ], "texture": "#particle" },
				"up": { "uv": [ 9.375, 13.75, 9.6875, 14.0625 ], "texture": "#particle" },
				"north": { "uv": [ 9.375, 13.75, 9.6875, 14.0625 ], "texture": "#particle" },
				"south": { "uv": [ 9.375, 13.75, 9.6875, 14.0625 ], "texture": "#particle" },
				"west": { "uv": [ 9.375, 13.75, 9.6875, 14.0625 ], "texture": "#particle" },
				"east": { "uv": [ 9.375, 13.75, 9.6875, 14.0625 ], "texture": "#particle" }
			}
		},
		{
			"__comment": "Box1",
			"from": [ 10.5, -8.205, 10.25 ],
			"to": [ 11.58, -7.125, 11.33 ],
			"faces": {
				"down": { "uv": [ 9.375, 13.75, 9.6875, 14.0625 ], "texture": "#particle" },
				"up": { "uv": [ 9.375, 13.75, 9.6875, 14.0625 ], "texture": "#particle" },
				"north": { "uv": [ 9.375, 13.75, 9.6875, 14.0625 ], "texture": "#particle" },
				"south": { "uv": [ 9.375, 13.75, 9.6875, 14.0625 ], "texture": "#particle" },
				"west": { "uv": [ 9.375, 13.75, 9.6875, 14.0625 ], "texture": "#particle" },
				"east": { "uv": [ 9.375, 13.75, 9.6875, 14.0625 ], "texture": "#particle" }
			}
		},
		{
			"__comment": "Box1",
			"from": [ 6.5, -9.5, 10.375 ],
			"to": [ 7.25, -8.75, 11.125 ],
			"rotation": { "origin": [ 6.5, -8.75, 10.375 ], "axis": "z", "angle": -22.5 },
			"faces": {
				"down": { "uv": [ 10.3125, 13.8125, 10.625, 14.125 ], "texture": "#particle", "rotation": 90 },
				"up": { "uv": [ 10.625, 14.125, 10.3125, 13.8125 ], "texture": "#particle", "rotation": 270 },
				"north": { "uv": [ 10.3125, 13.8125, 10.625, 14.125 ], "texture": "#particle", "rotation": 270 },
				"south": { "uv": [ 10.3125, 13.8125, 10.625, 14.125 ], "texture": "#particle", "rotation": 90 },
				"west": { "uv": [ 10.3125, 13.8125, 10.625, 14.125 ], "texture": "#particle", "rotation": 90 },
				"east": { "uv": [ 10.625, 14.125, 10.3125, 13.8125 ], "texture": "#particle", "rotation": 270 }
			}
		},
		{
			"__comment": "Box1",
			"from": [ 5.5277, -9.0581, 10.375 ],
			"to": [ 6.2777, -8.3081, 11.125 ],
			"rotation": { "origin": [ 6.5, -8.75, 10 ], "axis": "z", "angle": -22.5 },
			"faces": {
				"down": { "uv": [ 10.3125, 13.8125, 10.625, 14.125 ], "texture": "#particle", "rotation": 90 },
				"up": { "uv": [ 10.625, 14.125, 10.3125, 13.8125 ], "texture": "#particle", "rotation": 270 },
				"north": { "uv": [ 10.3125, 13.8125, 10.625, 14.125 ], "texture": "#particle", "rotation": 270 },
				"south": { "uv": [ 10.3125, 13.8125, 10.625, 14.125 ], "texture": "#particle", "rotation": 90 },
				"west": { "uv": [ 10.3125, 13.8125, 10.625, 14.125 ], "texture": "#particle", "rotation": 90 },
				"east": { "uv": [ 10.625, 14.125, 10.3125, 13.8125 ], "texture": "#particle", "rotation": 270 }
			}
		},
		{
			"__comment": "Box1",
			"from": [ 10, -9, 10.375 ],
			"to": [ 10.75, -8.25, 11.125 ],
			"rotation": { "origin": [ 10, -9, 10.375 ], "axis": "z", "angle": 22.5 },
			"faces": {
				"down": { "uv": [ 10.3125, 13.8125, 10.625, 14.125 ], "texture": "#particle" },
				"up": { "uv": [ 10.3125, 13.8125, 10.625, 14.125 ], "texture": "#particle" },
				"north": { "uv": [ 10.3125, 13.8125, 10.625, 14.125 ], "texture": "#particle" },
				"south": { "uv": [ 10.3125, 13.8125, 10.625, 14.125 ], "texture": "#particle" },
				"west": { "uv": [ 10.3125, 13.8125, 10.625, 14.125 ], "texture": "#particle" },
				"east": { "uv": [ 10.3125, 13.8125, 10.625, 14.125 ], "texture": "#particle" }
			}
		},
		{
			"__comment": "Box1",
			"from": [ 9.027699, -9.441899, 10.375 ],
			"to": [ 9.777699, -8.691899, 11.125 ],
			"rotation": { "origin": [ 10, -9, 10 ], "axis": "z", "angle": 22.5 },
			"faces": {
				"down": { "uv": [ 10.3125, 13.8125, 10.625, 14.125 ], "texture": "#particle" },
				"up": { "uv": [ 10.3125, 13.8125, 10.625, 14.125 ], "texture": "#particle" },
				"north": { "uv": [ 10.3125, 13.8125, 10.625, 14.125 ], "texture": "#particle" },
				"south": { "uv": [ 10.3125, 13.8125, 10.625, 14.125 ], "texture": "#particle" },
				"west": { "uv": [ 10.3125, 13.8125, 10.625, 14.125 ], "texture": "#particle" },
				"east": { "uv": [ 10.3125, 13.8125, 10.625, 14.125 ], "texture": "#particle" }
			}
		},
		{
			"__comment": "Box43",
			"from": [ 7.625, -3.25, 8.1875 ],
			"to": [ 22.625, 12.25, 8.1885 ],
			"rotation": { "origin": [ 22.625, 12.25, 8.1875 ], "axis": "z", "angle": 22.5 },
			"faces": {
				"down": { "uv": [ 0, 13, 1, 15.5 ], "texture": "#texture1", "rotation": 90 },
				"up": { "uv": [ 12.5, 0, 13.5, 2.5 ], "texture": "#texture1", "rotation": 270 },
				"north": { "uv": [ 16, 16, 0, 0 ], "texture": "#texture1", "rotation": 90 },
				"south": { "uv": [ 16, 0, 0, 16 ], "texture": "#texture1", "rotation": 90 },
				"west": { "uv": [ 13.5, 7, 12.5, 0 ], "texture": "#texture1" },
				"east": { "uv": [ 16, 7, 15, 0 ], "texture": "#texture1" }
			}
		}
	],
	"display": {
		"thirdperson_righthand": {
			"rotation":  [ 180, 0, -180 ],
			"translation":  [ 0, 7.6521, 0 ],
			"scale":  [ 0.7, 0.7, 0.7 ]
		},
		"thirdperson_lefthand": {
			"rotation":  [ 180, 0, -180 ],
			"translation":  [ 0, 7.6521, 0 ],
			"scale":  [ 0.7, 0.7, 0.7 ]
		},
		"firstperson_righthand": {
			"translation":  [ 0, 9, 0 ],
			"scale":  [ 0.5, 0.5, 0.5 ]
		},
		"firstperson_lefthand": {
			"translation":  [ 0, 9, 0 ],
			"scale":  [ 0.5, 0.5, 0.5 ]
		},
		"gui": {
			"translation":  [ -2, 5, 0 ],
			"scale":  [ 0.5, 0.5, 0.5 ]
		},
		"head": {
			"rotation":  [ 0, 180, 0 ],
			"translation":  [ 0, 16, 0 ],
			"scale":  [ 1.81, 1.81, 1.81 ]
		},
		"ground": {
			"translation":  [ 0, 5, 0 ]
		}
	}
}