{
	"__comment": "Designed by EATSTEAK with Cubik Studio - https://cubik.studio",
	"textures": {
		"particle": "items/particle",
		"vip2_hair": "items/vip2_hair"
	},
	"elements": [ 	 
		{
			"__comment": "Box2",
			"from": [ 6, 0, 4 ],
			"to": [ 10.0625, 1, 5.625 ],
			"faces": {
				"down": { "uv": [ 6, 15, 10, 16 ], "texture": "#vip2_hair" },
				"up": { "uv": [ 6, 15.999, 10, 14.999 ], "texture": "#vip2_hair" },
				"north": { "uv": [ 10, 14.999, 6, 16 ], "texture": "#vip2_hair" },
				"south": { "uv": [ 6, 14.999, 10, 16 ], "texture": "#vip2_hair" },
				"west": { "uv": [ 6, 14.999, 7, 16 ], "texture": "#vip2_hair" },
				"east": { "uv": [ 10, 14.999, 9, 16 ], "texture": "#vip2_hair" }
			}
		},
		{
			"__comment": "Box2",
			"from": [ 8, 1, 4 ],
			"to": [ 10.0625, 1.5, 5 ],
			"faces": {
				"down": { "uv": [ 6, 14.001, 8, 15.001 ], "texture": "#vip2_hair" },
				"up": { "uv": [ 6, 15, 8, 14 ], "texture": "#vip2_hair" },
				"north": { "uv": [ 8, 14, 6, 15.001 ], "texture": "#vip2_hair" },
				"south": { "uv": [ 6, 14, 8, 15.001 ], "texture": "#vip2_hair" },
				"west": { "uv": [ 6, 14, 7, 15.001 ], "texture": "#vip2_hair" },
				"east": { "uv": [ 8, 14, 7, 15.001 ], "texture": "#vip2_hair" }
			}
		}
	],
	"display": {
		"head": {
			"translation":  [ 0, 20.7, 0 ],
			"scale":  [ 1.75, 1.75, 1.75 ]
		}
	}
}