{
	"__comment": "Designed by twodice",
	"textures": {
		"particle": "items/ball1",
		"texture": "items/stst",
		"texture1": "items/stst1",
		"texture2": "items/stst3"
	},
	"elements": [ 	 
		{
			"__comment": "Box1",
			"from": [ -0.625, 6, -4 ],
			"to": [ 16.655, 16.8, 24.08 ],
			"rotation": { "origin": [ -0.625, 6, -4 ], "axis": "x", "angle": 22.5 },
			"faces": {
				"down": { "uv": [ 4, 0, 12, 16 ], "texture": "#texture" },
				"up": { "uv": [ 4, 0, 12, 16 ], "texture": "#texture" },
				"north": { "uv": [ 4, 4, 12, 12.5 ], "texture": "#texture" },
				"south": { "uv": [ 4, 4, 12, 12.5 ], "texture": "#texture" },
				"west": { "uv": [ 0, 0.5, 16, 9 ], "texture": "#texture" },
				"east": { "uv": [ 0, 0.5, 16, 9 ], "texture": "#texture" }
			}
		},
		{
			"__comment": "Box3",
			"from": [ -2.785, -10.47, 13.55 ],
			"to": [ 3.695001, -6.149998, 24.35 ],
			"faces": {
				"down": { "uv": [ 9.5, 11, 13.5, 13 ], "texture": "#texture1" },
				"up": { "uv": [ 9.5, 11, 13.5, 13 ], "texture": "#texture1" },
				"north": { "uv": [ 9.5, 11, 13.5, 13 ], "texture": "#texture1" },
				"south": { "uv": [ 9.5, 11, 13.5, 13 ], "texture": "#texture1" },
				"west": { "uv": [ 9.5, 11, 13.5, 13 ], "texture": "#texture1" },
				"east": { "uv": [ 9.5, 11, 13.5, 13 ], "texture": "#texture1" }
			}
		},
		{
			"__comment": "Box3",
			"from": [ -1.84, -10.47, -11.83 ],
			"to": [ 4.64, -6.149998, -1.03 ],
			"faces": {
				"down": { "uv": [ 9.5, 11, 13.5, 13 ], "texture": "#texture1" },
				"up": { "uv": [ 9.5, 11, 13.5, 13 ], "texture": "#texture1" },
				"north": { "uv": [ 9.5, 11, 13.5, 13 ], "texture": "#texture1" },
				"south": { "uv": [ 9.5, 11, 13.5, 13 ], "texture": "#texture1" },
				"west": { "uv": [ 9.5, 11, 13.5, 13 ], "texture": "#texture1" },
				"east": { "uv": [ 9.5, 11, 13.5, 13 ], "texture": "#texture1" }
			}
		},
		{
			"__comment": "Box3",
			"from": [ 11.39, -10.47, -11.83 ],
			"to": [ 17.87, -6.149998, -1.03 ],
			"faces": {
				"down": { "uv": [ 9.5625, 15, 12.5625, 16 ], "texture": "#texture1" },
				"up": { "uv": [ 9.5, 11, 13.5, 13 ], "texture": "#texture1" },
				"north": { "uv": [ 9.5, 11, 13.5, 13 ], "texture": "#texture1" },
				"south": { "uv": [ 9.5, 11, 13.5, 13 ], "texture": "#texture1" },
				"west": { "uv": [ 9.5, 11, 13.5, 13 ], "texture": "#texture1" },
				"east": { "uv": [ 9.5, 11, 13.5, 13 ], "texture": "#texture1" }
			}
		},
		{
			"__comment": "Box3",
			"from": [ 12.335, -10.47, 13.55 ],
			"to": [ 18.815, -6.149998, 24.35 ],
			"faces": {
				"down": { "uv": [ 10, 3.25, 13, 8.25 ], "texture": "#texture1" },
				"up": { "uv": [ 10, 7.75, 13, 12.75 ], "texture": "#texture1" },
				"north": { "uv": [ 4, 8.5, 8, 10.5 ], "texture": "#texture1" },
				"south": { "uv": [ 4, 8.5, 8, 10.5 ], "texture": "#texture1" },
				"west": { "uv": [ 4, 8.5, 8, 10.5 ], "texture": "#texture1" },
				"east": { "uv": [ 4, 8.5, 8, 10.5 ], "texture": "#texture1" }
			}
		},
		{
			"__comment": "Box3",
			"from": [ -1.705, -6.42, -8.86 ],
			"to": [ 4.775001, 14.1, -1.299999 ],
			"rotation": { "origin": [ -1.705, -6.420001, -8.860001 ], "axis": "x", "angle": 22.5 },
			"faces": {
				"down": { "uv": [ 3.5, 15.5, 6.5, 16 ], "texture": "#texture1" },
				"up": { "uv": [ 3.5, 0, 6.5, 0.5 ], "texture": "#texture" },
				"north": { "uv": [ 9.5, 5.5, 12.5, 15 ], "texture": "#texture1" },
				"south": { "uv": [ 3.5, 5.5, 6.5, 15 ], "texture": "#texture" },
				"west": { "uv": [ 0, 0, 6, 12.5 ], "texture": "#texture" },
				"east": { "uv": [ 0, 0, 6, 12.5 ], "texture": "#texture" }
			}
		},
		{
			"__comment": "Box1",
			"from": [ 1.535, 1.95, -5.35 ],
			"to": [ 14.495, 6.27, 22.73 ],
			"rotation": { "origin": [ 1.535, 1.949999, -5.35 ], "axis": "x", "angle": 22.5 },
			"faces": {
				"down": { "uv": [ 4, 0, 12, 16 ], "texture": "#texture" },
				"up": { "uv": [ 4, 0, 12, 16 ], "texture": "#texture" },
				"north": { "uv": [ 4, 4, 12, 12.5 ], "texture": "#texture" },
				"south": { "uv": [ 4, 4, 12, 12.5 ], "texture": "#texture" },
				"west": { "uv": [ 0, 4, 16, 7.5 ], "texture": "#texture" },
				"east": { "uv": [ 0, 4, 16, 7.5 ], "texture": "#texture" }
			}
		},
		{
			"__comment": "Box3",
			"from": [ 11.255, -6.42, -8.86 ],
			"to": [ 17.735, 14.1, -1.299999 ],
			"rotation": { "origin": [ 11.255, -6.420001, -8.860001 ], "axis": "x", "angle": 22.5 },
			"faces": {
				"down": { "uv": [ 3.5, 15.5, 6.5, 16 ], "texture": "#texture1" },
				"up": { "uv": [ 3.5, 0, 6.5, 0.5 ], "texture": "#texture" },
				"north": { "uv": [ 0, 0, 6, 12.5 ], "texture": "#texture1" },
				"south": { "uv": [ 0, 0, 6, 12.5 ], "texture": "#texture" },
				"west": { "uv": [ 0, 0, 6, 12.5 ], "texture": "#texture" },
				"east": { "uv": [ 0, 0, 6, 12.5 ], "texture": "#texture" }
			}
		},
		{
			"__comment": "Box1",
			"from": [ -0.625, -6.69, 20.57 ],
			"to": [ 16.655, 4.11, 22.73 ],
			"rotation": { "origin": [ -0.625, -6.690001, 20.57 ], "axis": "x", "angle": 22.5 },
			"faces": {
				"down": { "uv": [ 4, 0, 12, 16 ], "texture": "#texture" },
				"up": { "uv": [ 4, 0, 12, 16 ], "texture": "#texture" },
				"north": { "uv": [ 4, 4, 12, 12.5 ], "texture": "#texture" },
				"south": { "uv": [ 4, 4, 12, 12.5 ], "texture": "#texture" },
				"west": { "uv": [ 0, 4, 16, 12.5 ], "texture": "#texture" },
				"east": { "uv": [ 0, 4, 16, 12.5 ], "texture": "#texture" }
			}
		},
		{
			"__comment": "Box1",
			"from": [ -0.625, -8.849999, 21.65 ],
			"to": [ 16.655, 1.950001, 23.81 ],
			"rotation": { "origin": [ -0.625, -8.850001, 21.65 ], "axis": "x", "angle": 22.5 },
			"faces": {
				"down": { "uv": [ 4, 0, 16, 4 ], "texture": "#texture" },
				"up": { "uv": [ 4, 0, 16, 4 ], "texture": "#texture" },
				"north": { "uv": [ 4, 4, 12, 12.5 ], "texture": "#texture" },
				"south": { "uv": [ 4, 4, 12, 12.5 ], "texture": "#texture" },
				"west": { "uv": [ 0, 4, 16, 12.5 ], "texture": "#texture" },
				"east": { "uv": [ 0, 4, 16, 12.5 ], "texture": "#texture" }
			}
		},
		{
			"__comment": "Box1",
			"from": [ -0.76, -5.61, 23.81 ],
			"to": [ 16.52, 1.950002, 28.13 ],
			"faces": {
				"down": { "uv": [ 4, 0, 12, 16 ], "texture": "#texture" },
				"up": { "uv": [ 4, 0, 12, 16 ], "texture": "#texture" },
				"north": { "uv": [ 1, 3, 13, 11 ], "texture": "#texture" },
				"south": { "uv": [ 1, 3, 13, 11 ], "texture": "#texture" },
				"west": { "uv": [ 0, 4, 16, 12.5 ], "texture": "#texture" },
				"east": { "uv": [ 0, 4, 16, 12.5 ], "texture": "#texture" }
			}
		},
		{
			"__comment": "Box3",
			"from": [ -2.785, -2.37, 15.17 ],
			"to": [ 3.695001, 8.43, 24.89 ],
			"rotation": { "origin": [ -2.785, -2.370001, 15.17 ], "axis": "x", "angle": 22.5 },
			"faces": {
				"down": { "uv": [ 3, 2, 6, 6.5 ], "texture": "#texture" },
				"up": { "uv": [ 3, 9.5, 6, 14 ], "texture": "#texture" },
				"north": { "uv": [ 10, 10.125, 13, 15.125 ], "texture": "#texture" },
				"south": { "uv": [ 3, 10.125, 6, 15.125 ], "texture": "#texture" },
				"west": { "uv": [ 7, 7, 16, 16 ], "texture": "#texture" },
				"east": { "uv": [ 7, 7, 16, 16 ], "texture": "#texture" }
			}
		},
		{
			"__comment": "Box3",
			"from": [ -1.705, -2.235, 0.725 ],
			"to": [ 4.775001, 10.725, 2.885 ],
			"rotation": { "origin": [ -1.705, -2.235001, 0.7250004 ], "axis": "x", "angle": 22.5 },
			"faces": {
				"down": { "uv": [ 3.5, 15.5, 6.5, 16 ], "texture": "#texture" },
				"up": { "uv": [ 3.5, 0, 6.5, 0.5 ], "texture": "#texture" },
				"north": { "uv": [ 5.5, 3, 7.5, 13 ], "texture": "#texture" },
				"south": { "uv": [ 5.5, 3, 7.5, 13 ], "texture": "#texture" },
				"west": { "uv": [ 5.5, 3, 7.5, 13 ], "texture": "#texture" },
				"east": { "uv": [ 5.5, 3, 7.5, 13 ], "texture": "#texture" }
			}
		},
		{
			"__comment": "Box3",
			"from": [ 11.255, -2.235, 0.725 ],
			"to": [ 17.735, 10.725, 2.885 ],
			"rotation": { "origin": [ -1.705, -2.235001, 0.7250004 ], "axis": "x", "angle": 22.5 },
			"faces": {
				"down": { "uv": [ 3.5, 15.5, 6.5, 16 ], "texture": "#texture" },
				"up": { "uv": [ 3.5, 0, 6.5, 0.5 ], "texture": "#texture" },
				"north": { "uv": [ 5.5, 3, 7.5, 13 ], "texture": "#texture" },
				"south": { "uv": [ 5.5, 3, 7.5, 13 ], "texture": "#texture" },
				"west": { "uv": [ 5.5, 3, 7.5, 13 ], "texture": "#texture" },
				"east": { "uv": [ 5.5, 3, 7.5, 13 ], "texture": "#texture" }
			}
		},
		{
			"__comment": "Box3",
			"from": [ -2.65, -6.15, 18.95 ],
			"to": [ 3.830002, -3.99, 24.35 ],
			"faces": {
				"down": { "uv": [ 3.0625, 3.25, 6.0625, 5.75 ], "texture": "#texture" },
				"up": { "uv": [ 3.0625, 10.25, 6.0625, 12.75 ], "texture": "#texture" },
				"north": { "uv": [ 9.9375, 14.25, 12.9375, 15.25 ], "texture": "#texture" },
				"south": { "uv": [ 3.0625, 14.25, 6.0625, 15.25 ], "texture": "#texture" },
				"west": { "uv": [ 10.25, 14.25, 12.75, 15.25 ], "texture": "#texture" },
				"east": { "uv": [ 3.25, 14.25, 5.75, 15.25 ], "texture": "#texture" }
			}
		},
		{
			"__comment": "Box3",
			"from": [ 12.2, -6.15, 18.95 ],
			"to": [ 18.68, -3.99, 24.35 ],
			"faces": {
				"down": { "uv": [ 9.9375, 3.25, 12.9375, 5.75 ], "texture": "#texture" },
				"up": { "uv": [ 9.9375, 10.25, 12.9375, 12.75 ], "texture": "#texture" },
				"north": { "uv": [ 3.0625, 14.25, 6.0625, 15.25 ], "texture": "#texture" },
				"south": { "uv": [ 9.9375, 14.25, 12.9375, 15.25 ], "texture": "#texture" },
				"west": { "uv": [ 10.25, 14.25, 12.75, 15.25 ], "texture": "#texture" },
				"east": { "uv": [ 3.25, 14.25, 5.75, 15.25 ], "texture": "#texture" }
			}
		},
		{
			"__comment": "Box3",
			"from": [ -2.785, 4.11, 13.01 ],
			"to": [ 3.695001, 8.43, 15.17 ],
			"rotation": { "origin": [ -2.785, -2.370001, 15.17 ], "axis": "x", "angle": 22.5 },
			"faces": {
				"down": { "uv": [ 3, 6.5, 6, 7.5 ], "texture": "#texture" },
				"up": { "uv": [ 3, 8.5, 6, 9.5 ], "texture": "#texture" },
				"north": { "uv": [ 10, 10.125, 13, 12.125 ], "texture": "#texture" },
				"south": { "uv": [ 3, 10.125, 6, 12.125 ], "texture": "#texture" },
				"west": { "uv": [ 8.5, 10.125, 9.5, 12.125 ], "texture": "#texture" },
				"east": { "uv": [ 6.5, 10.125, 7.5, 12.125 ], "texture": "#texture" }
			}
		},
		{
			"__comment": "Box3",
			"from": [ 12.335, 4.38, 15.71 ],
			"to": [ 18.815, 8.700001, 17.87 ],
			"rotation": { "origin": [ 12.335, 4.38, 15.71 ], "axis": "x", "angle": 22.5 },
			"faces": {
				"down": { "uv": [ 10, 6.5, 13, 7.5 ], "texture": "#texture" },
				"up": { "uv": [ 10, 8.5, 13, 9.5 ], "texture": "#texture" },
				"north": { "uv": [ 3, 10, 6, 12 ], "texture": "#texture" },
				"south": { "uv": [ 10, 10, 13, 12 ], "texture": "#texture" },
				"west": { "uv": [ 8.5, 10, 9.5, 12 ], "texture": "#texture" },
				"east": { "uv": [ 6.5, 10, 7.5, 12 ], "texture": "#texture" }
			}
		},
		{
			"__comment": "Box3",
			"from": [ 12.335, -2.1, 15.17 ],
			"to": [ 18.815, 8.700001, 24.89 ],
			"rotation": { "origin": [ -2.785, -2.370001, 15.17 ], "axis": "x", "angle": 22.5 },
			"faces": {
				"down": { "uv": [ 3, 2, 6, 6.5 ], "texture": "#texture" },
				"up": { "uv": [ 3, 9.5, 6, 14 ], "texture": "#texture" },
				"north": { "uv": [ 10, 10.125, 13, 15.125 ], "texture": "#texture" },
				"south": { "uv": [ 3, 10.125, 6, 15.125 ], "texture": "#texture" },
				"west": { "uv": [ 3, 4, 12, 13 ], "texture": "#texture" },
				"east": { "uv": [ 3, 4, 12, 13 ], "texture": "#texture" }
			}
		},
		{
			"__comment": "Box23",
			"from": [ 7.205, -5.61, 28.13 ],
			"to": [ 8.825, -1.829998, 29.75 ],
			"faces": {
				"down": { "uv": [ 2.5, 15, 1.75, 14.25 ], "texture": "#texture" },
				"up": { "uv": [ 13.5, 14.25, 14.25, 15 ], "texture": "#texture" },
				"north": { "uv": [ 14.25, 16, 13.5, 14.5 ], "texture": "#texture" },
				"south": { "uv": [ 13.5, 0, 14.25, 1.5 ], "texture": "#texture" },
				"west": { "uv": [ 14.5, 14.25, 16, 15 ], "texture": "#texture", "rotation": 270 },
				"east": { "uv": [ 0, 14.25, 1.5, 15 ], "texture": "#texture", "rotation": 90 }
			}
		},
		{
			"__comment": "Box23",
			"from": [ 6.125, -4.53, 27.995 ],
			"to": [ 9.905001, -2.91, 29.615 ],
			"faces": {
				"down": { "uv": [ 3, 15, 1.25, 14.25 ], "texture": "#texture" },
				"up": { "uv": [ 13, 14.25, 14.75, 15 ], "texture": "#texture" },
				"north": { "uv": [ 14.75, 15.75, 13, 15 ], "texture": "#texture" },
				"south": { "uv": [ 13, 0.25, 14.75, 1 ], "texture": "#texture" },
				"west": { "uv": [ 15, 14.25, 15.75, 15 ], "texture": "#texture", "rotation": 270 },
				"east": { "uv": [ 0.25, 14.25, 1, 15 ], "texture": "#texture", "rotation": 90 }
			}
		},
		{
			"__comment": "Box23",
			"from": [ 7.205, -1.83, 28.13 ],
			"to": [ 8.825, 1.95, 29.75 ],
			"faces": {
				"down": { "uv": [ 2.5, 15, 1.75, 14.25 ], "texture": "#texture" },
				"up": { "uv": [ 13.5, 14.25, 14.25, 15 ], "texture": "#texture" },
				"north": { "uv": [ 14.25, 16, 13.5, 14.5 ], "texture": "#texture" },
				"south": { "uv": [ 13.5, 0, 14.25, 1.5 ], "texture": "#texture" },
				"west": { "uv": [ 14.5, 14.25, 16, 15 ], "texture": "#texture", "rotation": 270 },
				"east": { "uv": [ 0, 14.25, 1.5, 15 ], "texture": "#texture", "rotation": 90 }
			}
		},
		{
			"__comment": "Box23",
			"from": [ 6.125, -0.75, 27.995 ],
			"to": [ 9.905001, 0.8700001, 29.615 ],
			"faces": {
				"down": { "uv": [ 3, 15, 1.25, 14.25 ], "texture": "#texture" },
				"up": { "uv": [ 13, 14.25, 14.75, 15 ], "texture": "#texture" },
				"north": { "uv": [ 14.75, 15.75, 13, 15 ], "texture": "#texture" },
				"south": { "uv": [ 13, 0.25, 14.75, 1 ], "texture": "#texture" },
				"west": { "uv": [ 15, 14.25, 15.75, 15 ], "texture": "#texture", "rotation": 270 },
				"east": { "uv": [ 0.25, 14.25, 1, 15 ], "texture": "#texture", "rotation": 90 }
			}
		},
		{
			"__comment": "Box23",
			"from": [ 7.205, 1.95, 27.59 ],
			"to": [ 8.825, 5.73, 29.21 ],
			"rotation": { "origin": [ 7.205, 1.949999, 29.21 ], "axis": "x", "angle": -22.5 },
			"faces": {
				"down": { "uv": [ 2.5, 15, 1.75, 14.25 ], "texture": "#texture" },
				"up": { "uv": [ 13.5, 14.25, 14.25, 15 ], "texture": "#texture" },
				"north": { "uv": [ 14.25, 16, 13.5, 14.5 ], "texture": "#texture" },
				"south": { "uv": [ 13.5, 0, 14.25, 1.5 ], "texture": "#texture" },
				"west": { "uv": [ 14.5, 14.25, 16, 15 ], "texture": "#texture", "rotation": 270 },
				"east": { "uv": [ 0, 14.25, 1.5, 15 ], "texture": "#texture", "rotation": 90 }
			}
		},
		{
			"__comment": "Box23",
			"from": [ 6.125, 3.03, 27.455 ],
			"to": [ 9.905001, 4.65, 29.075 ],
			"rotation": { "origin": [ 7.205, 1.949999, 29.075 ], "axis": "x", "angle": -22.5 },
			"faces": {
				"down": { "uv": [ 3, 15, 1.25, 14.25 ], "texture": "#texture" },
				"up": { "uv": [ 13, 14.25, 14.75, 15 ], "texture": "#texture" },
				"north": { "uv": [ 14.75, 15.75, 13, 15 ], "texture": "#texture" },
				"south": { "uv": [ 13, 0.25, 14.75, 1 ], "texture": "#texture" },
				"west": { "uv": [ 15, 14.25, 15.75, 15 ], "texture": "#texture", "rotation": 270 },
				"east": { "uv": [ 0.25, 14.25, 1, 15 ], "texture": "#texture", "rotation": 90 }
			}
		},
		{
			"__comment": "Box23",
			"from": [ 7.205, 4.11, 23.81 ],
			"to": [ 8.825, 5.73, 27.59 ],
			"rotation": { "origin": [ 7.205, 5.73, 27.59 ], "axis": "x", "angle": 22.5 },
			"faces": {
				"down": { "uv": [ 13.5, 14.5, 14.25, 16 ], "texture": "#texture" },
				"up": { "uv": [ 13.5, 0, 14.25, 1.5 ], "texture": "#texture" },
				"north": { "uv": [ 14.25, 15, 13.5, 14.25 ], "texture": "#texture" },
				"south": { "uv": [ 2.5, 15, 1.75, 14.25 ], "texture": "#texture" },
				"west": { "uv": [ 14.5, 14.25, 16, 15 ], "texture": "#texture", "rotation": 180 },
				"east": { "uv": [ 0, 14.25, 1.5, 15 ], "texture": "#texture", "rotation": 180 }
			}
		},
		{
			"__comment": "Box23",
			"from": [ 6.125, 3.84, 24.89 ],
			"to": [ 9.905001, 5.46, 26.51 ],
			"rotation": { "origin": [ 7.205, 5.46, 27.59 ], "axis": "x", "angle": 22.5 },
			"faces": {
				"down": { "uv": [ 13, 15, 14.75, 15.75 ], "texture": "#texture" },
				"up": { "uv": [ 13, 0.25, 14.75, 1 ], "texture": "#texture" },
				"north": { "uv": [ 14.75, 15, 13, 14.25 ], "texture": "#texture" },
				"south": { "uv": [ 3, 15, 1.25, 14.25 ], "texture": "#texture" },
				"west": { "uv": [ 15, 14.25, 15.75, 15 ], "texture": "#texture", "rotation": 180 },
				"east": { "uv": [ 0.25, 14.25, 1, 15 ], "texture": "#texture", "rotation": 180 }
			}
		},
		{
			"__comment": "Box23",
			"from": [ 7.205, 5.46, 20.705 ],
			"to": [ 8.825, 7.08, 24.485 ],
			"rotation": { "origin": [ 7.205, 7.08, 24.485 ], "axis": "x", "angle": 22.5 },
			"faces": {
				"down": { "uv": [ 13.5, 14.5, 14.25, 16 ], "texture": "#texture" },
				"up": { "uv": [ 13.5, 0, 14.25, 1.5 ], "texture": "#texture" },
				"north": { "uv": [ 14.25, 15, 13.5, 14.25 ], "texture": "#texture" },
				"south": { "uv": [ 2.5, 15, 1.75, 14.25 ], "texture": "#texture" },
				"west": { "uv": [ 14.5, 14.25, 16, 15 ], "texture": "#texture", "rotation": 180 },
				"east": { "uv": [ 0, 14.25, 1.5, 15 ], "texture": "#texture", "rotation": 180 }
			}
		},
		{
			"__comment": "Box23",
			"from": [ 6.125, 5.19, 21.65 ],
			"to": [ 9.905001, 6.81, 23.27 ],
			"rotation": { "origin": [ 7.205, 6.81, 24.35 ], "axis": "x", "angle": 22.5 },
			"faces": {
				"down": { "uv": [ 13, 15, 14.75, 15.75 ], "texture": "#texture" },
				"up": { "uv": [ 13, 0.25, 14.75, 1 ], "texture": "#texture" },
				"north": { "uv": [ 14.75, 15, 13, 14.25 ], "texture": "#texture" },
				"south": { "uv": [ 3, 15, 1.25, 14.25 ], "texture": "#texture" },
				"west": { "uv": [ 15, 14.25, 15.75, 15 ], "texture": "#texture", "rotation": 180 },
				"east": { "uv": [ 0.25, 14.25, 1, 15 ], "texture": "#texture", "rotation": 180 }
			}
		},
		{
			"__comment": "Box23",
			"from": [ 7.205, 6.81, 17.33 ],
			"to": [ 8.825, 8.43, 21.11 ],
			"rotation": { "origin": [ 7.205, 8.429999, 21.11 ], "axis": "x", "angle": 22.5 },
			"faces": {
				"down": { "uv": [ 13.5, 14.5, 14.25, 16 ], "texture": "#texture" },
				"up": { "uv": [ 13.5, 0, 14.25, 1.5 ], "texture": "#texture" },
				"north": { "uv": [ 14.25, 15, 13.5, 14.25 ], "texture": "#texture" },
				"south": { "uv": [ 2.5, 15, 1.75, 14.25 ], "texture": "#texture" },
				"west": { "uv": [ 14.5, 14.25, 16, 15 ], "texture": "#texture", "rotation": 180 },
				"east": { "uv": [ 0, 14.25, 1.5, 15 ], "texture": "#texture", "rotation": 180 }
			}
		},
		{
			"__comment": "Box23",
			"from": [ 6.125, 6.675, 18.275 ],
			"to": [ 9.905001, 8.295, 19.895 ],
			"rotation": { "origin": [ 7.205, 8.295, 20.975 ], "axis": "x", "angle": 22.5 },
			"faces": {
				"down": { "uv": [ 13, 15, 14.75, 15.75 ], "texture": "#texture" },
				"up": { "uv": [ 13, 0.25, 14.75, 1 ], "texture": "#texture" },
				"north": { "uv": [ 14.75, 15, 13, 14.25 ], "texture": "#texture" },
				"south": { "uv": [ 3, 15, 1.25, 14.25 ], "texture": "#texture" },
				"west": { "uv": [ 15, 14.25, 15.75, 15 ], "texture": "#texture", "rotation": 180 },
				"east": { "uv": [ 0.25, 14.25, 1, 15 ], "texture": "#texture", "rotation": 180 }
			}
		},
		{
			"__comment": "Box35",
			"from": [ -1.705, 12.21, -0.22 ],
			"to": [ -0.6249998, 12.75, 7.340001 ],
			"rotation": { "origin": [ -1.705, 12.21, -0.2199998 ], "axis": "x", "angle": 22.5 },
			"faces": {
				"down": { "uv": [ 14, 11.5, 15, 13.75 ], "texture": "#texture" },
				"up": { "uv": [ 14, 2.25, 15, 4.5 ], "texture": "#texture" },
				"north": { "uv": [ 1, 6.5, 2, 7 ], "texture": "#texture" },
				"south": { "uv": [ 14, 6.5, 15, 7 ], "texture": "#texture" },
				"west": { "uv": [ 2.25, 6.5, 4.5, 7 ], "texture": "#texture" },
				"east": { "uv": [ 11.5, 6.5, 13.75, 7 ], "texture": "#texture" }
			}
		},
		{
			"__comment": "Box35",
			"from": [ 16.655, 12.21, -0.22 ],
			"to": [ 17.735, 12.75, 7.340001 ],
			"rotation": { "origin": [ 16.655, 12.21, -0.2199998 ], "axis": "x", "angle": 22.5 },
			"faces": {
				"down": { "uv": [ 14, 11.5, 15, 13.75 ], "texture": "#texture" },
				"up": { "uv": [ 14, 2.25, 15, 4.5 ], "texture": "#texture" },
				"north": { "uv": [ 1, 6.5, 2, 7 ], "texture": "#texture" },
				"south": { "uv": [ 14, 6.5, 15, 7 ], "texture": "#texture" },
				"west": { "uv": [ 2.25, 6.5, 4.5, 7 ], "texture": "#texture" },
				"east": { "uv": [ 11.5, 6.5, 13.75, 7 ], "texture": "#texture" }
			}
		},
		{
			"__comment": "Box35",
			"from": [ -1.705, 12.345, 0.86 ],
			"to": [ -0.6249998, 12.885, 6.800001 ],
			"rotation": { "origin": [ -1.705, 12.345, 0.8600006 ], "axis": "x", "angle": 22.5 },
			"faces": {
				"down": { "uv": [ 14, 11.5, 15, 13.75 ], "texture": "#texture" },
				"up": { "uv": [ 14, 2.25, 15, 4.5 ], "texture": "#texture" },
				"north": { "uv": [ 1, 6.5, 2, 7 ], "texture": "#texture" },
				"south": { "uv": [ 14, 6.5, 15, 7 ], "texture": "#texture" },
				"west": { "uv": [ 2.25, 6.5, 4.5, 7 ], "texture": "#texture" },
				"east": { "uv": [ 11.5, 6.5, 13.75, 7 ], "texture": "#texture" }
			}
		},
		{
			"__comment": "Box35",
			"from": [ 16.655, 12.345, 0.86 ],
			"to": [ 17.735, 12.885, 6.800001 ],
			"rotation": { "origin": [ 16.655, 12.345, 0.8600006 ], "axis": "x", "angle": 22.5 },
			"faces": {
				"down": { "uv": [ 14, 11.5, 15, 13.75 ], "texture": "#texture" },
				"up": { "uv": [ 14, 2.25, 15, 4.5 ], "texture": "#texture" },
				"north": { "uv": [ 1, 6.5, 2, 7 ], "texture": "#texture" },
				"south": { "uv": [ 14, 6.5, 15, 7 ], "texture": "#texture" },
				"west": { "uv": [ 2.25, 6.5, 4.5, 7 ], "texture": "#texture" },
				"east": { "uv": [ 11.5, 6.5, 13.75, 7 ], "texture": "#texture" }
			}
		},
		{
			"__comment": "Box1",
			"from": [ 8.2357, 14.505, -9.264999 ],
			"to": [ 20.6557, 26.925, 3.695002 ],
			"faces": {
				"down": { "uv": [ 4, 0, 12, 16 ], "texture": "#texture1", "rotation": 180 },
				"up": { "uv": [ 4, 0, 12, 16 ], "texture": "#texture1", "rotation": 180 },
				"north": { "uv": [ 4, 4, 12, 12.5 ], "texture": "#texture1" },
				"south": { "uv": [ 4, 4, 12, 12.5 ], "texture": "#texture1" },
				"west": { "uv": [ 0, 4, 16, 12.5 ], "texture": "#texture1" },
				"east": { "uv": [ 0, 4, 16, 12.5 ], "texture": "#texture1" }
			}
		},
		{
			"__comment": "Box1",
			"from": [ 0.455, 4.38, -3.46 ],
			"to": [ 15.575, 15.18, 8.960001 ],
			"rotation": { "origin": [ 0.4549999, 4.38, -3.46 ], "axis": "x", "angle": -22.5 },
			"faces": {
				"down": { "uv": [ 4, 0, 12, 16 ], "texture": "#texture1" },
				"up": { "uv": [ 4, 0, 12, 16 ], "texture": "#texture1" },
				"north": { "uv": [ 4, 4, 12, 12.5 ], "texture": "#texture1" },
				"south": { "uv": [ 4, 4, 12, 12.5 ], "texture": "#texture1" },
				"west": { "uv": [ 0, 4, 16, 12.5 ], "texture": "#texture1" },
				"east": { "uv": [ 0, 4, 16, 12.5 ], "texture": "#texture1" }
			}
		},
		{
			"__comment": "Box1",
			"from": [ 0.375, 18.75, -8 ],
			"to": [ 9.015, 30.09, 3.880001 ],
			"rotation": { "origin": [ 0.375, 18.75, -8 ], "axis": "z", "angle": -45 },
			"faces": {
				"down": { "uv": [ 4, 0, 12, 16 ], "texture": "#texture1" },
				"up": { "uv": [ 4, 0, 12, 16 ], "texture": "#texture1" },
				"north": { "uv": [ 4, 4, 12, 12.5 ], "texture": "#texture1" },
				"south": { "uv": [ 4, 4, 12, 12.5 ], "texture": "#texture1" },
				"west": { "uv": [ 0, 4, 16, 12.5 ], "texture": "#texture1" },
				"east": { "uv": [ 0, 4, 16, 12.5 ], "texture": "#texture1" }
			}
		},
		{
			"__comment": "Box1",
			"from": [ 20.6557, 14.37, -9.264999 ],
			"to": [ 22.8157, 20.85, 3.695002 ],
			"faces": {
				"down": { "uv": [ 4, 0, 12, 16 ], "texture": "#texture1", "rotation": 180 },
				"up": { "uv": [ 4, 0, 12, 16 ], "texture": "#texture1", "rotation": 180 },
				"north": { "uv": [ 13, 7.5, 16, 13.5 ], "texture": "#texture2" },
				"south": { "uv": [ 0, 7.5, 3, 13.5 ], "texture": "#texture2" },
				"west": { "uv": [ 0, 4, 16, 12.5 ], "texture": "#texture1" },
				"east": { "uv": [ 3, 7.5, 13.5, 13.5 ], "texture": "#texture2" }
			}
		},
		{
			"__comment": "Box43",
			"from": [ -1.975, -7.23, -1.57 ],
			"to": [ -1.97284, -5.61, 0.05000031 ],
			"faces": {
				"down": { "uv": [ 14, 7, 14.25, 9 ], "texture": "#particle" },
				"up": { "uv": [ 14, 7, 14.25, 9 ], "texture": "#particle" },
				"north": { "uv": [ 0, 0, 16, 16 ], "texture": "#particle" },
				"south": { "uv": [ 0, 0, 16, 16 ], "texture": "#particle" },
				"west": { "uv": [ 0, 0, 16, 16 ], "texture": "#particle", "rotation": 180 },
				"east": { "uv": [ 16, 0, 0, 16 ], "texture": "#particle", "rotation": 180 }
			}
		},
		{
			"__comment": "Box43",
			"from": [ -1.975, -6.15, -1.03 ],
			"to": [ -1.97284, -3.99, 1.13 ],
			"faces": {
				"down": { "uv": [ 14, 7, 14.25, 9 ], "texture": "#particle" },
				"up": { "uv": [ 14, 7, 14.25, 9 ], "texture": "#particle" },
				"north": { "uv": [ 0, 0, 16, 16 ], "texture": "#particle" },
				"south": { "uv": [ 0, 0, 16, 16 ], "texture": "#particle" },
				"west": { "uv": [ 0, 0, 16, 16 ], "texture": "#particle", "rotation": 180 },
				"east": { "uv": [ 16, 0, 0, 16 ], "texture": "#particle", "rotation": 180 }
			}
		},
		{
			"__comment": "Box43",
			"from": [ -1.975, -4.53, -0.49 ],
			"to": [ -1.97284, -1.829999, 2.21 ],
			"faces": {
				"down": { "uv": [ 14, 7, 14.25, 9 ], "texture": "#particle" },
				"up": { "uv": [ 14, 7, 14.25, 9 ], "texture": "#particle" },
				"north": { "uv": [ 0, 0, 16, 16 ], "texture": "#particle" },
				"south": { "uv": [ 0, 0, 16, 16 ], "texture": "#particle" },
				"west": { "uv": [ 0, 0, 16, 16 ], "texture": "#particle", "rotation": 180 },
				"east": { "uv": [ 16, 0, 0, 16 ], "texture": "#particle", "rotation": 180 }
			}
		},
		{
			"__comment": "Box43",
			"from": [ -1.975, -2.37, 0.59 ],
			"to": [ -1.97284, 0.3300002, 3.29 ],
			"faces": {
				"down": { "uv": [ 14, 7, 14.25, 9 ], "texture": "#particle" },
				"up": { "uv": [ 14, 7, 14.25, 9 ], "texture": "#particle" },
				"north": { "uv": [ 0, 0, 16, 16 ], "texture": "#particle" },
				"south": { "uv": [ 0, 0, 16, 16 ], "texture": "#particle" },
				"west": { "uv": [ 0, 0, 16, 16 ], "texture": "#particle", "rotation": 180 },
				"east": { "uv": [ 16, 0, 0, 16 ], "texture": "#particle", "rotation": 180 }
			}
		},
		{
			"__comment": "Box43",
			"from": [ -1.975, -0.21, 1.67 ],
			"to": [ -1.97284, 2.49, 4.37 ],
			"faces": {
				"down": { "uv": [ 14, 7, 14.25, 9 ], "texture": "#particle" },
				"up": { "uv": [ 14, 7, 14.25, 9 ], "texture": "#particle" },
				"north": { "uv": [ 0, 0, 16, 16 ], "texture": "#particle" },
				"south": { "uv": [ 0, 0, 16, 16 ], "texture": "#particle" },
				"west": { "uv": [ 0, 0, 16, 16 ], "texture": "#particle", "rotation": 180 },
				"east": { "uv": [ 16, 0, 0, 16 ], "texture": "#particle", "rotation": 180 }
			}
		},
		{
			"__comment": "Box43",
			"from": [ -1.975, 1.95, 2.75 ],
			"to": [ -1.97284, 4.65, 5.45 ],
			"faces": {
				"down": { "uv": [ 14, 7, 14.25, 9 ], "texture": "#particle" },
				"up": { "uv": [ 14, 7, 14.25, 9 ], "texture": "#particle" },
				"north": { "uv": [ 0, 0, 16, 16 ], "texture": "#particle" },
				"south": { "uv": [ 0, 0, 16, 16 ], "texture": "#particle" },
				"west": { "uv": [ 0, 0, 16, 16 ], "texture": "#particle", "rotation": 180 },
				"east": { "uv": [ 16, 0, 0, 16 ], "texture": "#particle", "rotation": 180 }
			}
		},
		{
			"__comment": "Box43",
			"from": [ -1.975, 4.11, 3.83 ],
			"to": [ -1.97284, 6.81, 6.53 ],
			"faces": {
				"down": { "uv": [ 14, 7, 14.25, 9 ], "texture": "#particle" },
				"up": { "uv": [ 14, 7, 14.25, 9 ], "texture": "#particle" },
				"north": { "uv": [ 0, 0, 16, 16 ], "texture": "#particle" },
				"south": { "uv": [ 0, 0, 16, 16 ], "texture": "#particle" },
				"west": { "uv": [ 0, 0, 16, 16 ], "texture": "#particle", "rotation": 180 },
				"east": { "uv": [ 16, 0, 0, 16 ], "texture": "#particle", "rotation": 180 }
			}
		},
		{
			"__comment": "Box43",
			"from": [ -1.975, 6.27, 4.91 ],
			"to": [ -1.97284, 8.97, 7.61 ],
			"faces": {
				"down": { "uv": [ 14, 7, 14.25, 9 ], "texture": "#particle" },
				"up": { "uv": [ 14, 7, 14.25, 9 ], "texture": "#particle" },
				"north": { "uv": [ 0, 0, 16, 16 ], "texture": "#particle" },
				"south": { "uv": [ 0, 0, 16, 16 ], "texture": "#particle" },
				"west": { "uv": [ 0, 0, 16, 16 ], "texture": "#particle", "rotation": 180 },
				"east": { "uv": [ 16, 0, 0, 16 ], "texture": "#particle", "rotation": 180 }
			}
		},
		{
			"__comment": "Box43",
			"from": [ -2.11, -6.69, 0.05 ],
			"to": [ -2.10784, -5.07, 1.67 ],
			"faces": {
				"down": { "uv": [ 14, 7, 14.25, 9 ], "texture": "#particle" },
				"up": { "uv": [ 14, 7, 14.25, 9 ], "texture": "#particle" },
				"north": { "uv": [ 0, 0, 16, 16 ], "texture": "#particle" },
				"south": { "uv": [ 0, 0, 16, 16 ], "texture": "#particle" },
				"west": { "uv": [ 0, 0, 16, 16 ], "texture": "#particle", "rotation": 180 },
				"east": { "uv": [ 16, 0, 0, 16 ], "texture": "#particle", "rotation": 180 }
			}
		},
		{
			"__comment": "Box43",
			"from": [ -2.11, -5.61, 1.13 ],
			"to": [ -2.10784, -3.45, 3.29 ],
			"faces": {
				"down": { "uv": [ 14, 7, 14.25, 9 ], "texture": "#particle" },
				"up": { "uv": [ 14, 7, 14.25, 9 ], "texture": "#particle" },
				"north": { "uv": [ 0, 0, 16, 16 ], "texture": "#particle" },
				"south": { "uv": [ 0, 0, 16, 16 ], "texture": "#particle" },
				"west": { "uv": [ 0, 0, 16, 16 ], "texture": "#particle", "rotation": 180 },
				"east": { "uv": [ 16, 0, 0, 16 ], "texture": "#particle", "rotation": 180 }
			}
		},
		{
			"__comment": "Box43",
			"from": [ -2.11, -3.99, 2.21 ],
			"to": [ -2.10784, -1.83, 4.37 ],
			"faces": {
				"down": { "uv": [ 14, 7, 14.25, 9 ], "texture": "#particle" },
				"up": { "uv": [ 14, 7, 14.25, 9 ], "texture": "#particle" },
				"north": { "uv": [ 0, 0, 16, 16 ], "texture": "#particle" },
				"south": { "uv": [ 0, 0, 16, 16 ], "texture": "#particle" },
				"west": { "uv": [ 0, 0, 16, 16 ], "texture": "#particle", "rotation": 180 },
				"east": { "uv": [ 16, 0, 0, 16 ], "texture": "#particle", "rotation": 180 }
			}
		},
		{
			"__comment": "Box43",
			"from": [ -2.11, -2.37, 3.29 ],
			"to": [ -2.10784, 0.3300002, 5.99 ],
			"faces": {
				"down": { "uv": [ 14, 7, 14.25, 9 ], "texture": "#particle" },
				"up": { "uv": [ 14, 7, 14.25, 9 ], "texture": "#particle" },
				"north": { "uv": [ 0, 0, 16, 16 ], "texture": "#particle" },
				"south": { "uv": [ 0, 0, 16, 16 ], "texture": "#particle" },
				"west": { "uv": [ 0, 0, 16, 16 ], "texture": "#particle", "rotation": 180 },
				"east": { "uv": [ 16, 0, 0, 16 ], "texture": "#particle", "rotation": 180 }
			}
		},
		{
			"__comment": "Box43",
			"from": [ -2.11, -0.21, 4.37 ],
			"to": [ -2.10784, 3.03, 7.61 ],
			"faces": {
				"down": { "uv": [ 14, 7, 14.25, 9 ], "texture": "#particle" },
				"up": { "uv": [ 14, 7, 14.25, 9 ], "texture": "#particle" },
				"north": { "uv": [ 0, 0, 16, 16 ], "texture": "#particle" },
				"south": { "uv": [ 0, 0, 16, 16 ], "texture": "#particle" },
				"west": { "uv": [ 0, 0, 16, 16 ], "texture": "#particle", "rotation": 180 },
				"east": { "uv": [ 16, 0, 0, 16 ], "texture": "#particle", "rotation": 180 }
			}
		},
		{
			"__comment": "Box43",
			"from": [ -2.11, 2.49, 5.99 ],
			"to": [ -2.10784, 6.27, 9.77 ],
			"faces": {
				"down": { "uv": [ 14, 7, 14.25, 9 ], "texture": "#particle" },
				"up": { "uv": [ 14, 7, 14.25, 9 ], "texture": "#particle" },
				"north": { "uv": [ 0, 0, 16, 16 ], "texture": "#particle" },
				"south": { "uv": [ 0, 0, 16, 16 ], "texture": "#particle" },
				"west": { "uv": [ 0, 0, 16, 16 ], "texture": "#particle", "rotation": 180 },
				"east": { "uv": [ 16, 0, 0, 16 ], "texture": "#particle", "rotation": 180 }
			}
		},
		{
			"__comment": "Box43",
			"from": [ -2.11, 5.73, 7.07 ],
			"to": [ -2.10784, 11.13, 11.93 ],
			"faces": {
				"down": { "uv": [ 14, 7, 14.25, 9 ], "texture": "#particle" },
				"up": { "uv": [ 14, 7, 14.25, 9 ], "texture": "#particle" },
				"north": { "uv": [ 0, 0, 16, 16 ], "texture": "#particle" },
				"south": { "uv": [ 0, 0, 16, 16 ], "texture": "#particle" },
				"west": { "uv": [ 0, 0, 16, 16 ], "texture": "#particle", "rotation": 180 },
				"east": { "uv": [ 16, 0, 0, 16 ], "texture": "#particle", "rotation": 180 }
			}
		},
		{
			"__comment": "Box43",
			"from": [ 17.735, 5.73, 7.61 ],
			"to": [ 17.73716, 11.13, 12.47 ],
			"faces": {
				"down": { "uv": [ 14, 7, 14.25, 9 ], "texture": "#particle" },
				"up": { "uv": [ 14, 7, 14.25, 9 ], "texture": "#particle" },
				"north": { "uv": [ 0, 0, 16, 16 ], "texture": "#particle" },
				"south": { "uv": [ 0, 0, 16, 16 ], "texture": "#particle" },
				"west": { "uv": [ 0, 0, 16, 16 ], "texture": "#particle", "rotation": 180 },
				"east": { "uv": [ 16, 0, 0, 16 ], "texture": "#particle", "rotation": 180 }
			}
		},
		{
			"__comment": "Box43",
			"from": [ 17.87, -7.23, -1.03 ],
			"to": [ 17.87216, -5.61, 0.5900002 ],
			"faces": {
				"down": { "uv": [ 14, 7, 14.25, 9 ], "texture": "#particle" },
				"up": { "uv": [ 14, 7, 14.25, 9 ], "texture": "#particle" },
				"north": { "uv": [ 0, 0, 16, 16 ], "texture": "#particle" },
				"south": { "uv": [ 0, 0, 16, 16 ], "texture": "#particle" },
				"west": { "uv": [ 0, 0, 16, 16 ], "texture": "#particle", "rotation": 180 },
				"east": { "uv": [ 16, 0, 0, 16 ], "texture": "#particle", "rotation": 180 }
			}
		},
		{
			"__comment": "Box43",
			"from": [ 17.87, -6.15, -0.49 ],
			"to": [ 17.87216, -3.99, 1.67 ],
			"faces": {
				"down": { "uv": [ 14, 7, 14.25, 9 ], "texture": "#particle" },
				"up": { "uv": [ 14, 7, 14.25, 9 ], "texture": "#particle" },
				"north": { "uv": [ 0, 0, 16, 16 ], "texture": "#particle" },
				"south": { "uv": [ 0, 0, 16, 16 ], "texture": "#particle" },
				"west": { "uv": [ 0, 0, 16, 16 ], "texture": "#particle", "rotation": 180 },
				"east": { "uv": [ 16, 0, 0, 16 ], "texture": "#particle", "rotation": 180 }
			}
		},
		{
			"__comment": "Box43",
			"from": [ 17.87, -4.53, 0.05 ],
			"to": [ 17.87216, -1.829999, 2.75 ],
			"faces": {
				"down": { "uv": [ 14, 7, 14.25, 9 ], "texture": "#particle" },
				"up": { "uv": [ 14, 7, 14.25, 9 ], "texture": "#particle" },
				"north": { "uv": [ 0, 0, 16, 16 ], "texture": "#particle" },
				"south": { "uv": [ 0, 0, 16, 16 ], "texture": "#particle" },
				"west": { "uv": [ 0, 0, 16, 16 ], "texture": "#particle", "rotation": 180 },
				"east": { "uv": [ 16, 0, 0, 16 ], "texture": "#particle", "rotation": 180 }
			}
		},
		{
			"__comment": "Box43",
			"from": [ 17.87, -2.37, 1.13 ],
			"to": [ 17.87216, 0.3300002, 3.83 ],
			"faces": {
				"down": { "uv": [ 14, 7, 14.25, 9 ], "texture": "#particle" },
				"up": { "uv": [ 14, 7, 14.25, 9 ], "texture": "#particle" },
				"north": { "uv": [ 0, 0, 16, 16 ], "texture": "#particle" },
				"south": { "uv": [ 0, 0, 16, 16 ], "texture": "#particle" },
				"west": { "uv": [ 0, 0, 16, 16 ], "texture": "#particle", "rotation": 180 },
				"east": { "uv": [ 16, 0, 0, 16 ], "texture": "#particle", "rotation": 180 }
			}
		},
		{
			"__comment": "Box43",
			"from": [ 17.87, -0.21, 2.21 ],
			"to": [ 17.87216, 2.49, 4.91 ],
			"faces": {
				"down": { "uv": [ 14, 7, 14.25, 9 ], "texture": "#particle" },
				"up": { "uv": [ 14, 7, 14.25, 9 ], "texture": "#particle" },
				"north": { "uv": [ 0, 0, 16, 16 ], "texture": "#particle" },
				"south": { "uv": [ 0, 0, 16, 16 ], "texture": "#particle" },
				"west": { "uv": [ 0, 0, 16, 16 ], "texture": "#particle", "rotation": 180 },
				"east": { "uv": [ 16, 0, 0, 16 ], "texture": "#particle", "rotation": 180 }
			}
		},
		{
			"__comment": "Box43",
			"from": [ 17.87, 1.95, 3.29 ],
			"to": [ 17.87216, 4.65, 5.99 ],
			"faces": {
				"down": { "uv": [ 14, 7, 14.25, 9 ], "texture": "#particle" },
				"up": { "uv": [ 14, 7, 14.25, 9 ], "texture": "#particle" },
				"north": { "uv": [ 0, 0, 16, 16 ], "texture": "#particle" },
				"south": { "uv": [ 0, 0, 16, 16 ], "texture": "#particle" },
				"west": { "uv": [ 0, 0, 16, 16 ], "texture": "#particle", "rotation": 180 },
				"east": { "uv": [ 16, 0, 0, 16 ], "texture": "#particle", "rotation": 180 }
			}
		},
		{
			"__comment": "Box43",
			"from": [ 17.87, 4.11, 4.37 ],
			"to": [ 17.87216, 6.81, 7.07 ],
			"faces": {
				"down": { "uv": [ 14, 7, 14.25, 9 ], "texture": "#particle" },
				"up": { "uv": [ 14, 7, 14.25, 9 ], "texture": "#particle" },
				"north": { "uv": [ 0, 0, 16, 16 ], "texture": "#particle" },
				"south": { "uv": [ 0, 0, 16, 16 ], "texture": "#particle" },
				"west": { "uv": [ 0, 0, 16, 16 ], "texture": "#particle", "rotation": 180 },
				"east": { "uv": [ 16, 0, 0, 16 ], "texture": "#particle", "rotation": 180 }
			}
		},
		{
			"__comment": "Box43",
			"from": [ 17.87, 6.27, 5.45 ],
			"to": [ 17.87216, 8.97, 8.15 ],
			"faces": {
				"down": { "uv": [ 14, 7, 14.25, 9 ], "texture": "#particle" },
				"up": { "uv": [ 14, 7, 14.25, 9 ], "texture": "#particle" },
				"north": { "uv": [ 0, 0, 16, 16 ], "texture": "#particle" },
				"south": { "uv": [ 0, 0, 16, 16 ], "texture": "#particle" },
				"west": { "uv": [ 0, 0, 16, 16 ], "texture": "#particle", "rotation": 180 },
				"east": { "uv": [ 16, 0, 0, 16 ], "texture": "#particle", "rotation": 180 }
			}
		},
		{
			"__comment": "Box43",
			"from": [ 17.735, -6.69, 0.59 ],
			"to": [ 17.73716, -5.07, 2.21 ],
			"faces": {
				"down": { "uv": [ 14, 7, 14.25, 9 ], "texture": "#particle" },
				"up": { "uv": [ 14, 7, 14.25, 9 ], "texture": "#particle" },
				"north": { "uv": [ 0, 0, 16, 16 ], "texture": "#particle" },
				"south": { "uv": [ 0, 0, 16, 16 ], "texture": "#particle" },
				"west": { "uv": [ 0, 0, 16, 16 ], "texture": "#particle", "rotation": 180 },
				"east": { "uv": [ 16, 0, 0, 16 ], "texture": "#particle", "rotation": 180 }
			}
		},
		{
			"__comment": "Box43",
			"from": [ 17.735, -5.61, 1.67 ],
			"to": [ 17.73716, -3.45, 3.83 ],
			"faces": {
				"down": { "uv": [ 14, 7, 14.25, 9 ], "texture": "#particle" },
				"up": { "uv": [ 14, 7, 14.25, 9 ], "texture": "#particle" },
				"north": { "uv": [ 0, 0, 16, 16 ], "texture": "#particle" },
				"south": { "uv": [ 0, 0, 16, 16 ], "texture": "#particle" },
				"west": { "uv": [ 0, 0, 16, 16 ], "texture": "#particle", "rotation": 180 },
				"east": { "uv": [ 16, 0, 0, 16 ], "texture": "#particle", "rotation": 180 }
			}
		},
		{
			"__comment": "Box43",
			"from": [ 17.735, -3.99, 2.75 ],
			"to": [ 17.73716, -1.83, 4.91 ],
			"faces": {
				"down": { "uv": [ 14, 7, 14.25, 9 ], "texture": "#particle" },
				"up": { "uv": [ 14, 7, 14.25, 9 ], "texture": "#particle" },
				"north": { "uv": [ 0, 0, 16, 16 ], "texture": "#particle" },
				"south": { "uv": [ 0, 0, 16, 16 ], "texture": "#particle" },
				"west": { "uv": [ 0, 0, 16, 16 ], "texture": "#particle", "rotation": 180 },
				"east": { "uv": [ 16, 0, 0, 16 ], "texture": "#particle", "rotation": 180 }
			}
		},
		{
			"__comment": "Box43",
			"from": [ 17.735, -2.37, 3.83 ],
			"to": [ 17.73716, 0.3300002, 6.53 ],
			"faces": {
				"down": { "uv": [ 14, 7, 14.25, 9 ], "texture": "#particle" },
				"up": { "uv": [ 14, 7, 14.25, 9 ], "texture": "#particle" },
				"north": { "uv": [ 0, 0, 16, 16 ], "texture": "#particle" },
				"south": { "uv": [ 0, 0, 16, 16 ], "texture": "#particle" },
				"west": { "uv": [ 0, 0, 16, 16 ], "texture": "#particle", "rotation": 180 },
				"east": { "uv": [ 16, 0, 0, 16 ], "texture": "#particle", "rotation": 180 }
			}
		},
		{
			"__comment": "Box43",
			"from": [ 17.735, -0.21, 4.91 ],
			"to": [ 17.73716, 3.03, 8.15 ],
			"faces": {
				"down": { "uv": [ 14, 7, 14.25, 9 ], "texture": "#particle" },
				"up": { "uv": [ 14, 7, 14.25, 9 ], "texture": "#particle" },
				"north": { "uv": [ 0, 0, 16, 16 ], "texture": "#particle" },
				"south": { "uv": [ 0, 0, 16, 16 ], "texture": "#particle" },
				"west": { "uv": [ 0, 0, 16, 16 ], "texture": "#particle", "rotation": 180 },
				"east": { "uv": [ 16, 0, 0, 16 ], "texture": "#particle", "rotation": 180 }
			}
		},
		{
			"__comment": "Box43",
			"from": [ 17.735, 2.49, 6.53 ],
			"to": [ 17.73716, 6.27, 10.31 ],
			"faces": {
				"down": { "uv": [ 14, 7, 14.25, 9 ], "texture": "#particle" },
				"up": { "uv": [ 14, 7, 14.25, 9 ], "texture": "#particle" },
				"north": { "uv": [ 0, 0, 16, 16 ], "texture": "#particle" },
				"south": { "uv": [ 0, 0, 16, 16 ], "texture": "#particle" },
				"west": { "uv": [ 0, 0, 16, 16 ], "texture": "#particle", "rotation": 180 },
				"east": { "uv": [ 16, 0, 0, 16 ], "texture": "#particle", "rotation": 180 }
			}
		},
		{
			"__comment": "Box1",
			"from": [ 22.2757, 18.275, -2.65 ],
			"to": [ 23.8957, 20.975, 0.05000043 ],
			"faces": {
				"down": { "uv": [ 4, 0, 12, 16 ], "texture": "#texture2", "rotation": 180 },
				"up": { "uv": [ 0, 0, 5, 5 ], "texture": "#texture2", "rotation": 180 },
				"north": { "uv": [ 0, 0, 5, 5 ], "texture": "#texture2" },
				"south": { "uv": [ 0, 0, 5, 5 ], "texture": "#texture2" },
				"west": { "uv": [ 0, 0, 5, 5 ], "texture": "#texture2" },
				"east": { "uv": [ 0, 0, 5, 5 ], "texture": "#texture2" }
			}
		},
		{
			"__comment": "Box43",
			"from": [ 15.2556, 14.37, -9.5372 ],
			"to": [ 18.4956, 17.61, -9.53504 ],
			"faces": {
				"down": { "uv": [ 14, 7, 14.25, 9 ], "texture": "#particle", "rotation": 270 },
				"up": { "uv": [ 14, 7, 14.25, 9 ], "texture": "#particle", "rotation": 90 },
				"north": { "uv": [ 0, 0, 16, 16 ], "texture": "#particle", "rotation": 180 },
				"south": { "uv": [ 16, 0, 0, 16 ], "texture": "#particle", "rotation": 180 },
				"west": { "uv": [ 0, 0, 16, 16 ], "texture": "#particle" },
				"east": { "uv": [ 0, 0, 16, 16 ], "texture": "#particle" }
			}
		},
		{
			"__comment": "Box43",
			"from": [ 13.6356, 17.07, -9.5371 ],
			"to": [ 16.8756, 20.31, -9.53494 ],
			"faces": {
				"down": { "uv": [ 14, 7, 14.25, 9 ], "texture": "#particle", "rotation": 270 },
				"up": { "uv": [ 14, 7, 14.25, 9 ], "texture": "#particle", "rotation": 90 },
				"north": { "uv": [ 0, 0, 16, 16 ], "texture": "#particle", "rotation": 180 },
				"south": { "uv": [ 16, 0, 0, 16 ], "texture": "#particle", "rotation": 180 },
				"west": { "uv": [ 0, 0, 16, 16 ], "texture": "#particle" },
				"east": { "uv": [ 0, 0, 16, 16 ], "texture": "#particle" }
			}
		},
		{
			"__comment": "Box43",
			"from": [ 12.0157, 19.77, -9.5372 ],
			"to": [ 15.2557, 23.01, -9.53504 ],
			"faces": {
				"down": { "uv": [ 14, 7, 14.25, 9 ], "texture": "#particle", "rotation": 270 },
				"up": { "uv": [ 14, 7, 14.25, 9 ], "texture": "#particle", "rotation": 90 },
				"north": { "uv": [ 0, 0, 16, 16 ], "texture": "#particle", "rotation": 180 },
				"south": { "uv": [ 16, 0, 0, 16 ], "texture": "#particle", "rotation": 180 },
				"west": { "uv": [ 0, 0, 16, 16 ], "texture": "#particle" },
				"east": { "uv": [ 0, 0, 16, 16 ], "texture": "#particle" }
			}
		},
		{
			"__comment": "Box43",
			"from": [ 10.9357, 22.47, -9.5371 ],
			"to": [ 14.1757, 25.71, -9.53494 ],
			"faces": {
				"down": { "uv": [ 14, 7, 14.25, 9 ], "texture": "#particle", "rotation": 270 },
				"up": { "uv": [ 14, 7, 14.25, 9 ], "texture": "#particle", "rotation": 90 },
				"north": { "uv": [ 0, 0, 16, 16 ], "texture": "#particle", "rotation": 180 },
				"south": { "uv": [ 16, 0, 0, 16 ], "texture": "#particle", "rotation": 180 },
				"west": { "uv": [ 0, 0, 16, 16 ], "texture": "#particle" },
				"east": { "uv": [ 0, 0, 16, 16 ], "texture": "#particle" }
			}
		},
		{
			"__comment": "Box43",
			"from": [ 13.6356, 23.55, -9.6722 ],
			"to": [ 16.8756, 26.79, -9.67004 ],
			"faces": {
				"down": { "uv": [ 14, 7, 14.25, 9 ], "texture": "#particle", "rotation": 270 },
				"up": { "uv": [ 14, 7, 14.25, 9 ], "texture": "#particle", "rotation": 90 },
				"north": { "uv": [ 0, 0, 16, 16 ], "texture": "#particle", "rotation": 180 },
				"south": { "uv": [ 16, 0, 0, 16 ], "texture": "#particle", "rotation": 180 },
				"west": { "uv": [ 0, 0, 16, 16 ], "texture": "#particle" },
				"east": { "uv": [ 0, 0, 16, 16 ], "texture": "#particle" }
			}
		},
		{
			"__comment": "Box43",
			"from": [ 14.7156, 20.31, -9.6722 ],
			"to": [ 17.9556, 23.55, -9.67004 ],
			"faces": {
				"down": { "uv": [ 14, 7, 14.25, 9 ], "texture": "#particle", "rotation": 270 },
				"up": { "uv": [ 14, 7, 14.25, 9 ], "texture": "#particle", "rotation": 90 },
				"north": { "uv": [ 0, 0, 16, 16 ], "texture": "#particle", "rotation": 180 },
				"south": { "uv": [ 16, 0, 0, 16 ], "texture": "#particle", "rotation": 180 },
				"west": { "uv": [ 0, 0, 16, 16 ], "texture": "#particle" },
				"east": { "uv": [ 0, 0, 16, 16 ], "texture": "#particle" }
			}
		},
		{
			"__comment": "Box43",
			"from": [ 16.3356, 17.61, -9.6722 ],
			"to": [ 19.5756, 20.85, -9.67004 ],
			"faces": {
				"down": { "uv": [ 14, 7, 14.25, 9 ], "texture": "#particle", "rotation": 270 },
				"up": { "uv": [ 14, 7, 14.25, 9 ], "texture": "#particle", "rotation": 90 },
				"north": { "uv": [ 0, 0, 16, 16 ], "texture": "#particle", "rotation": 180 },
				"south": { "uv": [ 16, 0, 0, 16 ], "texture": "#particle", "rotation": 180 },
				"west": { "uv": [ 0, 0, 16, 16 ], "texture": "#particle" },
				"east": { "uv": [ 0, 0, 16, 16 ], "texture": "#particle" }
			}
		},
		{
			"__comment": "Box43",
			"from": [ 17.9556, 14.37, -9.6722 ],
			"to": [ 21.1956, 17.61, -9.67004 ],
			"faces": {
				"down": { "uv": [ 14, 7, 14.25, 9 ], "texture": "#particle", "rotation": 270 },
				"up": { "uv": [ 14, 7, 14.25, 9 ], "texture": "#particle", "rotation": 90 },
				"north": { "uv": [ 0, 0, 16, 16 ], "texture": "#particle", "rotation": 180 },
				"south": { "uv": [ 16, 0, 0, 16 ], "texture": "#particle", "rotation": 180 },
				"west": { "uv": [ 0, 0, 16, 16 ], "texture": "#particle" },
				"east": { "uv": [ 0, 0, 16, 16 ], "texture": "#particle" }
			}
		},
		{
			"__comment": "Box43",
			"from": [ 8.7757, 20.85, -9.6721 ],
			"to": [ 12.0157, 24.09, -9.66994 ],
			"faces": {
				"down": { "uv": [ 14, 7, 14.25, 9 ], "texture": "#particle", "rotation": 270 },
				"up": { "uv": [ 14, 7, 14.25, 9 ], "texture": "#particle", "rotation": 90 },
				"north": { "uv": [ 0, 0, 16, 16 ], "texture": "#particle", "rotation": 180 },
				"south": { "uv": [ 16, 0, 0, 16 ], "texture": "#particle", "rotation": 180 },
				"west": { "uv": [ 0, 0, 16, 16 ], "texture": "#particle" },
				"east": { "uv": [ 0, 0, 16, 16 ], "texture": "#particle" }
			}
		},
		{
			"__comment": "Box43",
			"from": [ 10.3957, 17.07, -9.6721 ],
			"to": [ 13.6357, 20.31, -9.66994 ],
			"faces": {
				"down": { "uv": [ 14, 7, 14.25, 9 ], "texture": "#particle", "rotation": 270 },
				"up": { "uv": [ 14, 7, 14.25, 9 ], "texture": "#particle", "rotation": 90 },
				"north": { "uv": [ 0, 0, 16, 16 ], "texture": "#particle", "rotation": 180 },
				"south": { "uv": [ 16, 0, 0, 16 ], "texture": "#particle", "rotation": 180 },
				"west": { "uv": [ 0, 0, 16, 16 ], "texture": "#particle" },
				"east": { "uv": [ 0, 0, 16, 16 ], "texture": "#particle" }
			}
		},
		{
			"__comment": "Box43",
			"from": [ 20.7907, 23.145, -5.89 ],
			"to": [ 20.79286, 26.385, -2.65 ],
			"faces": {
				"down": { "uv": [ 14, 7, 14.25, 9 ], "texture": "#particle", "rotation": 180 },
				"up": { "uv": [ 14, 7, 14.25, 9 ], "texture": "#particle", "rotation": 180 },
				"north": { "uv": [ 0, 0, 16, 16 ], "texture": "#particle" },
				"south": { "uv": [ 0, 0, 16, 16 ], "texture": "#particle" },
				"west": { "uv": [ 16, 0, 0, 16 ], "texture": "#particle", "rotation": 180 },
				"east": { "uv": [ 0, 0, 16, 16 ], "texture": "#particle", "rotation": 180 }
			}
		},
		{
			"__comment": "Box43",
			"from": [ 20.7885, 23.145, -2.11 ],
			"to": [ 20.79066, 26.385, 1.13 ],
			"faces": {
				"down": { "uv": [ 14, 7, 14.25, 9 ], "texture": "#particle" },
				"up": { "uv": [ 14, 7, 14.25, 9 ], "texture": "#particle" },
				"north": { "uv": [ 0, 0, 16, 16 ], "texture": "#particle" },
				"south": { "uv": [ 0, 0, 16, 16 ], "texture": "#particle" },
				"west": { "uv": [ 0, 0, 16, 16 ], "texture": "#particle", "rotation": 180 },
				"east": { "uv": [ 16, 0, 0, 16 ], "texture": "#particle", "rotation": 180 }
			}
		},
		{
			"__comment": "Box1",
			"from": [ 22.2757, 18.275, -5.35 ],
			"to": [ 23.8957, 20.975, -2.65 ],
			"faces": {
				"down": { "uv": [ 12, 16, 4, 0 ], "texture": "#texture2", "rotation": 180 },
				"up": { "uv": [ 0, 0, 5, 5 ], "texture": "#texture2", "rotation": 180 },
				"north": { "uv": [ 0, 0, 5, 5 ], "texture": "#texture2" },
				"south": { "uv": [ 0, 0, 5, 5 ], "texture": "#texture2" },
				"west": { "uv": [ 0, 0, 5, 5 ], "texture": "#texture2" },
				"east": { "uv": [ 0, 0, 5, 5 ], "texture": "#texture2" }
			}
		},
		{
			"__comment": "Box1",
			"from": [ 19.8016, 19.3321, -3.73 ],
			"to": [ 24.1216, 20.9521, -1.57 ],
			"rotation": { "origin": [ 23.54284, 22.02, -2.65 ], "axis": "z", "angle": -22.5 },
			"faces": {
				"down": { "uv": [ 4, 0, 12, 16 ], "texture": "#texture2" },
				"up": { "uv": [ 8.5, 0.375, 10.5, 5 ], "texture": "#texture2", "rotation": 90 },
				"north": { "uv": [ 0, 0, 5, 5 ], "texture": "#texture2" },
				"south": { "uv": [ 0, 0, 5, 5 ], "texture": "#texture2" },
				"west": { "uv": [ 0, 0, 5, 5 ], "texture": "#texture2" },
				"east": { "uv": [ 0, 0, 5, 5 ], "texture": "#texture2" }
			}
		},
		{
			"__comment": "Box43",
			"from": [ 17.4157, 14.37, 3.8278 ],
			"to": [ 20.6557, 17.61, 3.82996 ],
			"faces": {
				"down": { "uv": [ 14, 7, 14.25, 9 ], "texture": "#particle", "rotation": 270 },
				"up": { "uv": [ 14, 7, 14.25, 9 ], "texture": "#particle", "rotation": 90 },
				"north": { "uv": [ 0, 0, 16, 16 ], "texture": "#particle", "rotation": 180 },
				"south": { "uv": [ 16, 0, 0, 16 ], "texture": "#particle", "rotation": 180 },
				"west": { "uv": [ 0, 0, 16, 16 ], "texture": "#particle" },
				"east": { "uv": [ 0, 0, 16, 16 ], "texture": "#particle" }
			}
		},
		{
			"__comment": "Box43",
			"from": [ 14.7157, 14.37, 3.9629 ],
			"to": [ 17.9557, 17.61, 3.96506 ],
			"faces": {
				"down": { "uv": [ 14, 7, 14.25, 9 ], "texture": "#particle", "rotation": 270 },
				"up": { "uv": [ 14, 7, 14.25, 9 ], "texture": "#particle", "rotation": 90 },
				"north": { "uv": [ 0, 0, 16, 16 ], "texture": "#particle", "rotation": 180 },
				"south": { "uv": [ 16, 0, 0, 16 ], "texture": "#particle", "rotation": 180 },
				"west": { "uv": [ 0, 0, 16, 16 ], "texture": "#particle" },
				"east": { "uv": [ 0, 0, 16, 16 ], "texture": "#particle" }
			}
		},
		{
			"__comment": "Box43",
			"from": [ 15.7957, 17.61, 3.8278 ],
			"to": [ 19.0357, 20.85, 3.82996 ],
			"faces": {
				"down": { "uv": [ 14, 7, 14.25, 9 ], "texture": "#particle", "rotation": 270 },
				"up": { "uv": [ 14, 7, 14.25, 9 ], "texture": "#particle", "rotation": 90 },
				"north": { "uv": [ 0, 0, 16, 16 ], "texture": "#particle", "rotation": 180 },
				"south": { "uv": [ 16, 0, 0, 16 ], "texture": "#particle", "rotation": 180 },
				"west": { "uv": [ 0, 0, 16, 16 ], "texture": "#particle" },
				"east": { "uv": [ 0, 0, 16, 16 ], "texture": "#particle" }
			}
		},
		{
			"__comment": "Box43",
			"from": [ 13.0957, 17.07, 3.9629 ],
			"to": [ 16.3357, 20.31, 3.96506 ],
			"faces": {
				"down": { "uv": [ 14, 7, 14.25, 9 ], "texture": "#particle", "rotation": 270 },
				"up": { "uv": [ 14, 7, 14.25, 9 ], "texture": "#particle", "rotation": 90 },
				"north": { "uv": [ 0, 0, 16, 16 ], "texture": "#particle", "rotation": 180 },
				"south": { "uv": [ 16, 0, 0, 16 ], "texture": "#particle", "rotation": 180 },
				"west": { "uv": [ 0, 0, 16, 16 ], "texture": "#particle" },
				"east": { "uv": [ 0, 0, 16, 16 ], "texture": "#particle" }
			}
		},
		{
			"__comment": "Box43",
			"from": [ 14.1757, 20.31, 3.8279 ],
			"to": [ 17.4157, 23.55, 3.83006 ],
			"faces": {
				"down": { "uv": [ 14, 7, 14.25, 9 ], "texture": "#particle", "rotation": 270 },
				"up": { "uv": [ 14, 7, 14.25, 9 ], "texture": "#particle", "rotation": 90 },
				"north": { "uv": [ 0, 0, 16, 16 ], "texture": "#particle", "rotation": 180 },
				"south": { "uv": [ 16, 0, 0, 16 ], "texture": "#particle", "rotation": 180 },
				"west": { "uv": [ 0, 0, 16, 16 ], "texture": "#particle" },
				"east": { "uv": [ 0, 0, 16, 16 ], "texture": "#particle" }
			}
		},
		{
			"__comment": "Box43",
			"from": [ 11.4757, 19.77, 3.9629 ],
			"to": [ 14.7157, 23.01, 3.96506 ],
			"faces": {
				"down": { "uv": [ 14, 7, 14.25, 9 ], "texture": "#particle", "rotation": 270 },
				"up": { "uv": [ 14, 7, 14.25, 9 ], "texture": "#particle", "rotation": 90 },
				"north": { "uv": [ 0, 0, 16, 16 ], "texture": "#particle", "rotation": 180 },
				"south": { "uv": [ 16, 0, 0, 16 ], "texture": "#particle", "rotation": 180 },
				"west": { "uv": [ 0, 0, 16, 16 ], "texture": "#particle" },
				"east": { "uv": [ 0, 0, 16, 16 ], "texture": "#particle" }
			}
		},
		{
			"__comment": "Box43",
			"from": [ 13.0957, 23.55, 3.8279 ],
			"to": [ 16.3357, 26.79, 3.83006 ],
			"faces": {
				"down": { "uv": [ 14, 7, 14.25, 9 ], "texture": "#particle", "rotation": 270 },
				"up": { "uv": [ 14, 7, 14.25, 9 ], "texture": "#particle", "rotation": 90 },
				"north": { "uv": [ 0, 0, 16, 16 ], "texture": "#particle", "rotation": 180 },
				"south": { "uv": [ 16, 0, 0, 16 ], "texture": "#particle", "rotation": 180 },
				"west": { "uv": [ 0, 0, 16, 16 ], "texture": "#particle" },
				"east": { "uv": [ 0, 0, 16, 16 ], "texture": "#particle" }
			}
		},
		{
			"__comment": "Box43",
			"from": [ 10.3957, 22.47, 3.9629 ],
			"to": [ 13.6357, 25.71, 3.96506 ],
			"faces": {
				"down": { "uv": [ 14, 7, 14.25, 9 ], "texture": "#particle", "rotation": 270 },
				"up": { "uv": [ 14, 7, 14.25, 9 ], "texture": "#particle", "rotation": 90 },
				"north": { "uv": [ 0, 0, 16, 16 ], "texture": "#particle", "rotation": 180 },
				"south": { "uv": [ 16, 0, 0, 16 ], "texture": "#particle", "rotation": 180 },
				"west": { "uv": [ 0, 0, 16, 16 ], "texture": "#particle" },
				"east": { "uv": [ 0, 0, 16, 16 ], "texture": "#particle" }
			}
		},
		{
			"__comment": "Box43",
			"from": [ 8.2357, 20.85, 3.8279 ],
			"to": [ 11.4757, 24.09, 3.83006 ],
			"faces": {
				"down": { "uv": [ 14, 7, 14.25, 9 ], "texture": "#particle", "rotation": 270 },
				"up": { "uv": [ 14, 7, 14.25, 9 ], "texture": "#particle", "rotation": 90 },
				"north": { "uv": [ 0, 0, 16, 16 ], "texture": "#particle", "rotation": 180 },
				"south": { "uv": [ 16, 0, 0, 16 ], "texture": "#particle", "rotation": 180 },
				"west": { "uv": [ 0, 0, 16, 16 ], "texture": "#particle" },
				"east": { "uv": [ 0, 0, 16, 16 ], "texture": "#particle" }
			}
		},
		{
			"__comment": "Box43",
			"from": [ 9.8557, 17.07, 3.8279 ],
			"to": [ 13.0957, 20.31, 3.83006 ],
			"faces": {
				"down": { "uv": [ 14, 7, 14.25, 9 ], "texture": "#particle", "rotation": 270 },
				"up": { "uv": [ 14, 7, 14.25, 9 ], "texture": "#particle", "rotation": 90 },
				"north": { "uv": [ 0, 0, 16, 16 ], "texture": "#particle", "rotation": 180 },
				"south": { "uv": [ 16, 0, 0, 16 ], "texture": "#particle", "rotation": 180 },
				"west": { "uv": [ 0, 0, 16, 16 ], "texture": "#particle" },
				"east": { "uv": [ 0, 0, 16, 16 ], "texture": "#particle" }
			}
		},
		{
			"__comment": "Box1",
			"from": [ 20.6557, 20.85, -0.895 ],
			"to": [ 20.9257, 22.2, -0.22 ],
			"faces": {
				"down": { "uv": [ 5, 5, 0, 0 ], "texture": "#texture2", "rotation": 270 },
				"up": { "uv": [ 0, 0, 5, 5 ], "texture": "#texture2", "rotation": 90 },
				"north": { "uv": [ 8.5, 5.125, 9.75, 2.75 ], "texture": "#texture2", "rotation": 180 },
				"south": { "uv": [ 8.5, 5.125, 9.75, 2.75 ], "texture": "#texture2", "rotation": 180 },
				"west": { "uv": [ 8.5, 5.125, 9.75, 2.75 ], "texture": "#texture2", "rotation": 180 },
				"east": { "uv": [ 8.5, 5.125, 9.75, 2.75 ], "texture": "#texture2", "rotation": 180 }
			}
		},
		{
			"__comment": "Box1",
			"from": [ 20.6557, 20.85, -0.22 ],
			"to": [ 21.0607, 23.01, 1.94 ],
			"faces": {
				"down": { "uv": [ 11.625, 2.75, 14, 5.125 ], "texture": "#texture2", "rotation": 90 },
				"up": { "uv": [ 11.625, 2.75, 14, 5.125 ], "texture": "#texture2", "rotation": 90 },
				"north": { "uv": [ 11.625, 2.75, 14, 5.125 ], "texture": "#texture2", "rotation": 270 },
				"south": { "uv": [ 11.625, 2.75, 14, 5.125 ], "texture": "#texture2", "rotation": 270 },
				"west": { "uv": [ 11.625, 2.75, 14, 5.125 ], "texture": "#texture2", "rotation": 270 },
				"east": { "uv": [ 11.625, 2.75, 14, 5.125 ], "texture": "#texture2", "rotation": 270 }
			}
		},
		{
			"__comment": "Box1",
			"from": [ 20.6557, 20.85, 1.94 ],
			"to": [ 20.9257, 23.955, 2.75 ],
			"faces": {
				"down": { "uv": [ 8.5, 5.125, 10.5, 0 ], "texture": "#texture2", "rotation": 270 },
				"up": { "uv": [ 8.5, 5.125, 10.5, 0 ], "texture": "#texture2", "rotation": 270 },
				"north": { "uv": [ 8.5, 5.125, 9.875, 0 ], "texture": "#texture2", "rotation": 180 },
				"south": { "uv": [ 8.5, 5.125, 9.875, 0 ], "texture": "#texture2", "rotation": 180 },
				"west": { "uv": [ 8.5, 5.125, 9.875, 0 ], "texture": "#texture2", "rotation": 180 },
				"east": { "uv": [ 8.5, 5.125, 9.875, 0 ], "texture": "#texture2", "rotation": 180 }
			}
		},
		{
			"__comment": "Box1",
			"from": [ 20.7907, 20.85, -5.08 ],
			"to": [ 21.0607, 22.2, -4.405 ],
			"faces": {
				"down": { "uv": [ 5, 5, 0, 0 ], "texture": "#texture2", "rotation": 90 },
				"up": { "uv": [ 0, 0, 5, 5 ], "texture": "#texture2", "rotation": 270 },
				"north": { "uv": [ 8.5, 5.125, 9.75, 2.75 ], "texture": "#texture2", "rotation": 180 },
				"south": { "uv": [ 8.5, 5.125, 9.75, 2.75 ], "texture": "#texture2", "rotation": 180 },
				"west": { "uv": [ 8.5, 5.125, 9.75, 2.75 ], "texture": "#texture2", "rotation": 180 },
				"east": { "uv": [ 8.5, 5.125, 9.75, 2.75 ], "texture": "#texture2", "rotation": 180 }
			}
		},
		{
			"__comment": "Box1",
			"from": [ 20.6557, 20.85, -7.24 ],
			"to": [ 21.0607, 23.01, -5.08 ],
			"faces": {
				"down": { "uv": [ 11.625, 2.75, 14, 5.125 ], "texture": "#texture2", "rotation": 270 },
				"up": { "uv": [ 11.625, 2.75, 14, 5.125 ], "texture": "#texture2", "rotation": 270 },
				"north": { "uv": [ 11.625, 2.75, 14, 5.125 ], "texture": "#texture2", "rotation": 270 },
				"south": { "uv": [ 11.625, 2.75, 14, 5.125 ], "texture": "#texture2", "rotation": 270 },
				"west": { "uv": [ 11.625, 2.75, 14, 5.125 ], "texture": "#texture2", "rotation": 270 },
				"east": { "uv": [ 11.625, 2.75, 14, 5.125 ], "texture": "#texture2", "rotation": 270 }
			}
		},
		{
			"__comment": "Box1",
			"from": [ 20.7907, 20.85, -8.05 ],
			"to": [ 21.0607, 23.955, -7.24 ],
			"faces": {
				"down": { "uv": [ 8.5, 5.125, 10.5, 0 ], "texture": "#texture2", "rotation": 90 },
				"up": { "uv": [ 8.5, 5.125, 10.5, 0 ], "texture": "#texture2", "rotation": 90 },
				"north": { "uv": [ 8.5, 5.125, 9.875, 0 ], "texture": "#texture2", "rotation": 180 },
				"south": { "uv": [ 8.5, 5.125, 9.875, 0 ], "texture": "#texture2", "rotation": 180 },
				"west": { "uv": [ 8.5, 5.125, 9.875, 0 ], "texture": "#texture2", "rotation": 180 },
				"east": { "uv": [ 8.5, 5.125, 9.875, 0 ], "texture": "#texture2", "rotation": 180 }
			}
		},
		{
			"__comment": "Box1",
			"from": [ 9.5857, 26.925, -7.51 ],
			"to": [ 19.5757, 27.87, 2.210001 ],
			"faces": {
				"down": { "uv": [ 4, 0, 12, 16 ], "texture": "#texture1", "rotation": 180 },
				"up": { "uv": [ 4, 0, 12, 16 ], "texture": "#texture1", "rotation": 180 },
				"north": { "uv": [ 4, 4, 12, 12.5 ], "texture": "#texture1" },
				"south": { "uv": [ 4, 4, 12, 12.5 ], "texture": "#texture1" },
				"west": { "uv": [ 0, 4, 16, 12.5 ], "texture": "#texture1" },
				"east": { "uv": [ 0, 4, 16, 12.5 ], "texture": "#texture1" }
			}
		},
		{
			"__comment": "Box1",
			"from": [ 10.5307, 27.87, -6.43 ],
			"to": [ 18.7657, 28.41, 1.130001 ],
			"faces": {
				"down": { "uv": [ 4, 0, 12, 16 ], "texture": "#texture1", "rotation": 180 },
				"up": { "uv": [ 4, 0, 12, 16 ], "texture": "#texture1", "rotation": 180 },
				"north": { "uv": [ 4, 4, 12, 12.5 ], "texture": "#texture1" },
				"south": { "uv": [ 4, 4, 12, 12.5 ], "texture": "#texture1" },
				"west": { "uv": [ 0, 4, 16, 12.5 ], "texture": "#texture1" },
				"east": { "uv": [ 0, 4, 16, 12.5 ], "texture": "#texture1" }
			}
		},
		{
			"__comment": "Box43",
			"from": [ 3.155, 8.969999, 17.33 ],
			"to": [ 6.665, 8.972159, 20.84 ],
			"rotation": { "origin": [ 6.665001, 8.97, 17.33 ], "axis": "x", "angle": 22.5 },
			"faces": {
				"down": { "uv": [ 16, 0, 0, 16 ], "texture": "#particle", "rotation": 180 },
				"up": { "uv": [ 16, 16, 0, 0 ], "texture": "#particle", "rotation": 180 },
				"north": { "uv": [ 14.25, 9, 14, 7 ], "texture": "#particle", "rotation": 270 },
				"south": { "uv": [ 14, 7, 14.25, 9 ], "texture": "#particle", "rotation": 90 },
				"west": { "uv": [ 16, 16, 0, 0 ], "texture": "#particle", "rotation": 270 },
				"east": { "uv": [ 16, 16, 0, 0 ], "texture": "#particle", "rotation": 90 }
			}
		},
		{
			"__comment": "Box43",
			"from": [ 3.155, 6.54, 23.27 ],
			"to": [ 6.665, 6.54216, 26.78 ],
			"rotation": { "origin": [ 6.665001, 6.54, 23.27 ], "axis": "x", "angle": 22.5 },
			"faces": {
				"down": { "uv": [ 16, 0, 0, 16 ], "texture": "#particle", "rotation": 180 },
				"up": { "uv": [ 16, 16, 0, 0 ], "texture": "#particle", "rotation": 180 },
				"north": { "uv": [ 14.25, 9, 14, 7 ], "texture": "#particle", "rotation": 270 },
				"south": { "uv": [ 14, 7, 14.25, 9 ], "texture": "#particle", "rotation": 90 },
				"west": { "uv": [ 16, 16, 0, 0 ], "texture": "#particle", "rotation": 270 },
				"east": { "uv": [ 16, 16, 0, 0 ], "texture": "#particle", "rotation": 90 }
			}
		},
		{
			"__comment": "Box43",
			"from": [ 3.155, 7.755, 20.57 ],
			"to": [ 6.665, 7.75716, 24.08 ],
			"rotation": { "origin": [ 6.665001, 7.755, 20.57 ], "axis": "x", "angle": 22.5 },
			"faces": {
				"down": { "uv": [ 16, 0, 0, 16 ], "texture": "#particle", "rotation": 180 },
				"up": { "uv": [ 16, 16, 0, 0 ], "texture": "#particle", "rotation": 180 },
				"north": { "uv": [ 14.25, 9, 14, 7 ], "texture": "#particle", "rotation": 270 },
				"south": { "uv": [ 14, 7, 14.25, 9 ], "texture": "#particle", "rotation": 90 },
				"west": { "uv": [ 16, 16, 0, 0 ], "texture": "#particle", "rotation": 270 },
				"east": { "uv": [ 16, 16, 0, 0 ], "texture": "#particle", "rotation": 90 }
			}
		},
		{
			"__comment": "Box43",
			"from": [ 3.155, 5.46, 25.97 ],
			"to": [ 6.665, 5.46216, 29.48 ],
			"rotation": { "origin": [ 6.665001, 5.46, 25.97 ], "axis": "x", "angle": 45 },
			"faces": {
				"down": { "uv": [ 16, 0, 0, 16 ], "texture": "#particle", "rotation": 180 },
				"up": { "uv": [ 16, 16, 0, 0 ], "texture": "#particle", "rotation": 180 },
				"north": { "uv": [ 14.25, 9, 14, 7 ], "texture": "#particle", "rotation": 270 },
				"south": { "uv": [ 14, 7, 14.25, 9 ], "texture": "#particle", "rotation": 90 },
				"west": { "uv": [ 16, 16, 0, 0 ], "texture": "#particle", "rotation": 270 },
				"east": { "uv": [ 16, 16, 0, 0 ], "texture": "#particle", "rotation": 90 }
			}
		},
		{
			"__comment": "Box43",
			"from": [ 3.155, -0.21, 28.265 ],
			"to": [ 6.665, 3.3, 28.26716 ],
			"faces": {
				"down": { "uv": [ 14, 7, 14.25, 9 ], "texture": "#particle", "rotation": 90 },
				"up": { "uv": [ 14, 7, 14.25, 9 ], "texture": "#particle", "rotation": 270 },
				"north": { "uv": [ 0, 16, 16, 0 ], "texture": "#particle", "rotation": 180 },
				"south": { "uv": [ 16, 16, 0, 0 ], "texture": "#particle", "rotation": 180 },
				"west": { "uv": [ 16, 16, 0, 0 ], "texture": "#particle" },
				"east": { "uv": [ 16, 16, 0, 0 ], "texture": "#particle" }
			}
		},
		{
			"__comment": "Box43",
			"from": [ 3.155, -3.72, 28.265 ],
			"to": [ 6.665, -0.2099991, 28.26716 ],
			"faces": {
				"down": { "uv": [ 14, 7, 14.25, 9 ], "texture": "#particle", "rotation": 90 },
				"up": { "uv": [ 14, 7, 14.25, 9 ], "texture": "#particle", "rotation": 270 },
				"north": { "uv": [ 0, 16, 16, 0 ], "texture": "#particle", "rotation": 180 },
				"south": { "uv": [ 16, 16, 0, 0 ], "texture": "#particle", "rotation": 180 },
				"west": { "uv": [ 16, 16, 0, 0 ], "texture": "#particle" },
				"east": { "uv": [ 16, 16, 0, 0 ], "texture": "#particle" }
			}
		},
		{
			"__comment": "Box43",
			"from": [ 3.155, -6.96, 28.265 ],
			"to": [ 6.665, -3.45, 28.26716 ],
			"faces": {
				"down": { "uv": [ 14, 7, 14.25, 9 ], "texture": "#particle", "rotation": 90 },
				"up": { "uv": [ 14, 7, 14.25, 9 ], "texture": "#particle", "rotation": 270 },
				"north": { "uv": [ 0, 16, 16, 0 ], "texture": "#particle", "rotation": 180 },
				"south": { "uv": [ 16, 16, 0, 0 ], "texture": "#particle", "rotation": 180 },
				"west": { "uv": [ 16, 16, 0, 0 ], "texture": "#particle" },
				"east": { "uv": [ 16, 16, 0, 0 ], "texture": "#particle" }
			}
		},
		{
			"__comment": "Box43",
			"from": [ 9.5, -0.21, 28.3978 ],
			"to": [ 13.01, 3.3, 28.39996 ],
			"faces": {
				"down": { "uv": [ 14, 7, 14.25, 9 ], "texture": "#particle", "rotation": 270 },
				"up": { "uv": [ 14, 7, 14.25, 9 ], "texture": "#particle", "rotation": 90 },
				"north": { "uv": [ 16, 16, 0, 0 ], "texture": "#particle", "rotation": 180 },
				"south": { "uv": [ 0, 16, 16, 0 ], "texture": "#particle", "rotation": 180 },
				"west": { "uv": [ 16, 16, 0, 0 ], "texture": "#particle" },
				"east": { "uv": [ 16, 16, 0, 0 ], "texture": "#particle" }
			}
		},
		{
			"__comment": "Box43",
			"from": [ 9.5, -3.72, 28.3978 ],
			"to": [ 13.01, -0.2099991, 28.39996 ],
			"faces": {
				"down": { "uv": [ 14, 7, 14.25, 9 ], "texture": "#particle", "rotation": 270 },
				"up": { "uv": [ 14, 7, 14.25, 9 ], "texture": "#particle", "rotation": 90 },
				"north": { "uv": [ 16, 16, 0, 0 ], "texture": "#particle", "rotation": 180 },
				"south": { "uv": [ 0, 16, 16, 0 ], "texture": "#particle", "rotation": 180 },
				"west": { "uv": [ 16, 16, 0, 0 ], "texture": "#particle" },
				"east": { "uv": [ 16, 16, 0, 0 ], "texture": "#particle" }
			}
		},
		{
			"__comment": "Box43",
			"from": [ 9.5, -6.96, 28.3978 ],
			"to": [ 13.01, -3.45, 28.39996 ],
			"faces": {
				"down": { "uv": [ 14, 7, 14.25, 9 ], "texture": "#particle", "rotation": 270 },
				"up": { "uv": [ 14, 7, 14.25, 9 ], "texture": "#particle", "rotation": 90 },
				"north": { "uv": [ 16, 16, 0, 0 ], "texture": "#particle", "rotation": 180 },
				"south": { "uv": [ 0, 16, 16, 0 ], "texture": "#particle", "rotation": 180 },
				"west": { "uv": [ 16, 16, 0, 0 ], "texture": "#particle" },
				"east": { "uv": [ 16, 16, 0, 0 ], "texture": "#particle" }
			}
		},
		{
			"__comment": "Box43",
			"from": [ 9.77, 6.5378, 23.405 ],
			"to": [ 13.28, 6.53996, 26.915 ],
			"rotation": { "origin": [ 9.77, 6.54, 23.405 ], "axis": "x", "angle": 22.5 },
			"faces": {
				"down": { "uv": [ 16, 16, 0, 0 ], "texture": "#particle" },
				"up": { "uv": [ 16, 0, 0, 16 ], "texture": "#particle" },
				"north": { "uv": [ 14, 7, 14.25, 9 ], "texture": "#particle", "rotation": 270 },
				"south": { "uv": [ 14.25, 9, 14, 7 ], "texture": "#particle", "rotation": 90 },
				"west": { "uv": [ 16, 16, 0, 0 ], "texture": "#particle", "rotation": 270 },
				"east": { "uv": [ 16, 16, 0, 0 ], "texture": "#particle", "rotation": 90 }
			}
		},
		{
			"__comment": "Box43",
			"from": [ 9.77, 6.4486, 20.4456 ],
			"to": [ 13.28, 6.450761, 23.9556 ],
			"rotation": { "origin": [ 9.77, 6.54, 23.405 ], "axis": "x", "angle": 22.5 },
			"faces": {
				"down": { "uv": [ 16, 16, 0, 0 ], "texture": "#particle" },
				"up": { "uv": [ 16, 0, 0, 16 ], "texture": "#particle" },
				"north": { "uv": [ 14, 7, 14.25, 9 ], "texture": "#particle", "rotation": 270 },
				"south": { "uv": [ 14.25, 9, 14, 7 ], "texture": "#particle", "rotation": 90 },
				"west": { "uv": [ 16, 16, 0, 0 ], "texture": "#particle", "rotation": 270 },
				"east": { "uv": [ 16, 16, 0, 0 ], "texture": "#particle", "rotation": 90 }
			}
		},
		{
			"__comment": "Box43",
			"from": [ 9.77, 6.5659, 16.9872 ],
			"to": [ 13.28, 6.56806, 20.4972 ],
			"rotation": { "origin": [ 9.77, 6.54, 23.405 ], "axis": "x", "angle": 22.5 },
			"faces": {
				"down": { "uv": [ 16, 16, 0, 0 ], "texture": "#particle" },
				"up": { "uv": [ 16, 0, 0, 16 ], "texture": "#particle" },
				"north": { "uv": [ 14, 7, 14.25, 9 ], "texture": "#particle", "rotation": 270 },
				"south": { "uv": [ 14.25, 9, 14, 7 ], "texture": "#particle", "rotation": 90 },
				"west": { "uv": [ 16, 16, 0, 0 ], "texture": "#particle", "rotation": 270 },
				"east": { "uv": [ 16, 16, 0, 0 ], "texture": "#particle", "rotation": 90 }
			}
		},
		{
			"__comment": "Box43",
			"from": [ 9.77, 5.4578, 26.375 ],
			"to": [ 13.28, 5.45996, 29.885 ],
			"rotation": { "origin": [ 9.77, 5.46, 26.375 ], "axis": "x", "angle": 45 },
			"faces": {
				"down": { "uv": [ 16, 16, 0, 0 ], "texture": "#particle" },
				"up": { "uv": [ 16, 0, 0, 16 ], "texture": "#particle" },
				"north": { "uv": [ 14, 7, 14.25, 9 ], "texture": "#particle", "rotation": 270 },
				"south": { "uv": [ 14.25, 9, 14, 7 ], "texture": "#particle", "rotation": 90 },
				"west": { "uv": [ 16, 16, 0, 0 ], "texture": "#particle", "rotation": 270 },
				"east": { "uv": [ 16, 16, 0, 0 ], "texture": "#particle", "rotation": 90 }
			}
		},
		{
			"__comment": "Box1",
			"from": [ 6.375, 5, -5.5 ],
			"to": [ 9.875, 8, -2.5 ],
			"rotation": { "origin": [ 6.375, 5, -5.5 ], "axis": "x", "angle": -22.5 },
			"faces": {
				"down": { "uv": [ 0, 0, 3, 3 ], "texture": "#texture2" },
				"up": { "uv": [ 0, 0, 3, 3 ], "texture": "#texture2" },
				"north": { "uv": [ 0, 0, 3, 3 ], "texture": "#texture2" },
				"south": { "uv": [ 0, 0, 3, 3 ], "texture": "#texture2" },
				"west": { "uv": [ 0, 0, 3, 3 ], "texture": "#texture2" },
				"east": { "uv": [ 0, 0, 3, 3 ], "texture": "#texture2" }
			}
		}
	],
	"display": {
		"gui": {
			"rotation":  [ 0, 90, 0 ],
			"scale":  [ 0.5, 0.5, 0.5 ]
		},
		"head": {
			"rotation":  [ 0, -90, 0 ],
			"translation":  [ -15, 10, 0 ],
			"scale":  [ 3, 3, 3 ]
		},
		"fixed": {
			"rotation":  [ 0, 90, 0 ],
			"translation":  [ -10, 53, 17 ],
			"scale":  [ 4, 4, 4 ]
		}
	}
}