{
	"__comment": "Designed by twodice",
	"textures": {
		"texture": "items/ejemstkfka"
	},
	"elements": [ 	 
		{
			"__comment": "Box1",
			"from": [ -16, -16, 8 ],
			"to": [ 32, 32, 8.001 ],
			"faces": {
				"down": { "uv": [ 0, 7.999, 16, 8 ], "texture": "#texture" },
				"up": { "uv": [ 0, 8, 16, 8.000999 ], "texture": "#texture" },
				"north": { "uv": [ 0, 0, 16, 16 ], "texture": "#texture" },
				"south": { "uv": [ 16, 0, 0, 16 ], "texture": "#texture" },
				"west": { "uv": [ 8, 0, 8.001, 16 ], "texture": "#texture" },
				"east": { "uv": [ 7.999, 0, 8, 16 ], "texture": "#texture" }
			}
		}
	],
	"display": {
		"head": {
			"translation":  [ 0, 0, 6.8 ],
			"scale":  [ 0.7, 0.7, 0.7 ]
		}
	}
}