{
	"__comment": "Designed by twodice",
	"textures": {
		"particle": "blocks/e_particle",
		"texture": "blocks/daylight_detector_top"
	},
	"elements": [ 	 
		{
			"__comment": "Box1",
			"from": [ 0, 0, 0 ],
			"to": [ 16, 1, 16 ],
			"rotation": { "origin": [ 0, 0, 0 ], "axis": "x", "angle": -22.5 },
			"faces": {
				"down": { "uv": [ 0, 0, 16, 16 ], "texture": "#texture" },
				"up": { "uv": [ 0, 0, 16, 16 ], "texture": "#texture" },
				"north": { "uv": [ 0, 15, 16, 16 ], "texture": "#texture" },
				"south": { "uv": [ 0, 15, 16, 16 ], "texture": "#texture" },
				"west": { "uv": [ 0, 15, 16, 16 ], "texture": "#texture" },
				"east": { "uv": [ 0, 15, 16, 16 ], "texture": "#texture" }
			}
		},
		{
			"__comment": "Box2",
			"from": [ 5, 0, 9 ],
			"to": [ 5.5, 4, 9.5 ],
			"faces": {
				"down": { "uv": [ 5, 6.5, 5.5, 7 ], "texture": "#texture" },
				"up": { "uv": [ 5, 9, 5.5, 9.5 ], "texture": "#texture" },
				"north": { "uv": [ 10.5, 12, 11, 16 ], "texture": "#texture" },
				"south": { "uv": [ 5, 12, 5.5, 16 ], "texture": "#texture" },
				"west": { "uv": [ 9, 12, 9.5, 16 ], "texture": "#texture" },
				"east": { "uv": [ 6.5, 12, 7, 16 ], "texture": "#texture" }
			}
		},
		{
			"__comment": "Box2",
			"from": [ 10.25, 0, 9 ],
			"to": [ 10.75, 4, 9.5 ],
			"faces": {
				"down": { "uv": [ 10.25, 6.5, 10.75, 7 ], "texture": "#texture" },
				"up": { "uv": [ 10.25, 9, 10.75, 9.5 ], "texture": "#texture" },
				"north": { "uv": [ 5.25, 12, 5.75, 16 ], "texture": "#texture" },
				"south": { "uv": [ 10.25, 12, 10.75, 16 ], "texture": "#texture" },
				"west": { "uv": [ 9, 12, 9.5, 16 ], "texture": "#texture" },
				"east": { "uv": [ 6.5, 12, 7, 16 ], "texture": "#texture" }
			}
		}
	]
}