{
	"__comment": "Designed by twodice",
	"textures": {
		"texture": "items/door2",
		"particle": "items/door1",
		"texture1": "items/qhdghkd",
		"texture2": "items/anrndghk"
	},
	"elements": [ 	 
		{
			"__comment": "Box1",
			"from": [ -16, -11, 8 ],
			"to": [ -14, 22, 10 ],
			"faces": {
				"down": { "uv": [ 12.5, 1.5, 14.5, 3.5 ], "texture": "#texture" },
				"up": { "uv": [ 12.5, 1.5, 14.5, 3.5 ], "texture": "#texture" },
				"north": { "uv": [ 12.5, 1.5, 14.5, 3.5 ], "texture": "#texture" },
				"south": { "uv": [ 12.5, 1.5, 14.5, 3.5 ], "texture": "#texture" },
				"west": { "uv": [ 12.5, 1.5, 14.5, 3.5 ], "texture": "#texture" },
				"east": { "uv": [ 12.5, 1.5, 14.5, 3.5 ], "texture": "#texture" }
			}
		},
		{
			"__comment": "Box1",
			"from": [ -16, 22, 8 ],
			"to": [ 32, 24, 10 ],
			"faces": {
				"down": { "uv": [ 12.5, 1.5, 14.5, 3.5 ], "texture": "#texture" },
				"up": { "uv": [ 12.5, 1.5, 14.5, 3.5 ], "texture": "#texture" },
				"north": { "uv": [ 12.5, 1.5, 14.5, 3.5 ], "texture": "#texture" },
				"south": { "uv": [ 12.5, 1.5, 14.5, 3.5 ], "texture": "#texture" },
				"west": { "uv": [ 12.5, 1.5, 14.5, 3.5 ], "texture": "#texture" },
				"east": { "uv": [ 12.5, 1.5, 14.5, 3.5 ], "texture": "#texture" }
			}
		},
		{
			"__comment": "Box1",
			"from": [ 30, -11, 8 ],
			"to": [ 32, 22, 10 ],
			"faces": {
				"down": { "uv": [ 12.5, 1.5, 14.5, 3.5 ], "texture": "#texture" },
				"up": { "uv": [ 12.5, 1.5, 14.5, 3.5 ], "texture": "#texture" },
				"north": { "uv": [ 12.5, 1.5, 14.5, 3.5 ], "texture": "#texture" },
				"south": { "uv": [ 12.5, 1.5, 14.5, 3.5 ], "texture": "#texture" },
				"west": { "uv": [ 12.5, 1.5, 14.5, 3.5 ], "texture": "#texture" },
				"east": { "uv": [ 12.5, 1.5, 14.5, 3.5 ], "texture": "#texture" }
			}
		},
		{
			"__comment": "Box1",
			"from": [ -16, -13, 8 ],
			"to": [ 32, -11, 10 ],
			"faces": {
				"down": { "uv": [ 12.5, 1.5, 14.5, 3.5 ], "texture": "#texture" },
				"up": { "uv": [ 12.5, 1.5, 14.5, 3.5 ], "texture": "#texture" },
				"north": { "uv": [ 12.5, 1.5, 14.5, 3.5 ], "texture": "#texture" },
				"south": { "uv": [ 12.5, 1.5, 14.5, 3.5 ], "texture": "#texture" },
				"west": { "uv": [ 12.5, 1.5, 14.5, 3.5 ], "texture": "#texture" },
				"east": { "uv": [ 12.5, 1.5, 14.5, 3.5 ], "texture": "#texture" }
			}
		},
		{
			"__comment": "Box1",
			"from": [ -14, 19, 8.5 ],
			"to": [ 30, 20, 9.5 ],
			"faces": {
				"down": { "uv": [ 12.5, 1.5, 14.5, 3.5 ], "texture": "#texture" },
				"up": { "uv": [ 12.5, 1.5, 14.5, 3.5 ], "texture": "#texture" },
				"north": { "uv": [ 12.5, 1.5, 14.5, 3.5 ], "texture": "#texture" },
				"south": { "uv": [ 12.5, 1.5, 14.5, 3.5 ], "texture": "#texture" },
				"west": { "uv": [ 12.5, 1.5, 14.5, 3.5 ], "texture": "#texture" },
				"east": { "uv": [ 12.5, 1.5, 14.5, 3.5 ], "texture": "#texture" }
			}
		},
		{
			"__comment": "Box1",
			"from": [ -14, 16, 8.5 ],
			"to": [ 30.5, 17, 9.5 ],
			"faces": {
				"down": { "uv": [ 12.5, 1.5, 14.5, 3.5 ], "texture": "#texture" },
				"up": { "uv": [ 12.5, 1.5, 14.5, 3.5 ], "texture": "#texture" },
				"north": { "uv": [ 12.5, 1.5, 14.5, 3.5 ], "texture": "#texture" },
				"south": { "uv": [ 12.5, 1.5, 14.5, 3.5 ], "texture": "#texture" },
				"west": { "uv": [ 12.5, 1.5, 14.5, 3.5 ], "texture": "#texture" },
				"east": { "uv": [ 12.5, 1.5, 14.5, 3.5 ], "texture": "#texture" }
			}
		},
		{
			"__comment": "Box1",
			"from": [ -14, 13, 8.5 ],
			"to": [ 30, 14, 9.5 ],
			"faces": {
				"down": { "uv": [ 12.5, 1.5, 14.5, 3.5 ], "texture": "#texture" },
				"up": { "uv": [ 12.5, 1.5, 14.5, 3.5 ], "texture": "#texture" },
				"north": { "uv": [ 12.5, 1.5, 14.5, 3.5 ], "texture": "#texture" },
				"south": { "uv": [ 12.5, 1.5, 14.5, 3.5 ], "texture": "#texture" },
				"west": { "uv": [ 12.5, 1.5, 14.5, 3.5 ], "texture": "#texture" },
				"east": { "uv": [ 12.5, 1.5, 14.5, 3.5 ], "texture": "#texture" }
			}
		},
		{
			"__comment": "Box1",
			"from": [ -14, -9, 8.5 ],
			"to": [ 30, -8, 9.5 ],
			"faces": {
				"down": { "uv": [ 12.5, 1.5, 14.5, 3.5 ], "texture": "#texture" },
				"up": { "uv": [ 12.5, 1.5, 14.5, 3.5 ], "texture": "#texture" },
				"north": { "uv": [ 12.5, 1.5, 14.5, 3.5 ], "texture": "#texture" },
				"south": { "uv": [ 12.5, 1.5, 14.5, 3.5 ], "texture": "#texture" },
				"west": { "uv": [ 12.5, 1.5, 14.5, 3.5 ], "texture": "#texture" },
				"east": { "uv": [ 12.5, 1.5, 14.5, 3.5 ], "texture": "#texture" }
			}
		},
		{
			"__comment": "Box1",
			"from": [ -14, -6, 8.5 ],
			"to": [ 30, -5, 9.5 ],
			"faces": {
				"down": { "uv": [ 12.5, 1.5, 14.5, 3.5 ], "texture": "#texture" },
				"up": { "uv": [ 12.5, 1.5, 14.5, 3.5 ], "texture": "#texture" },
				"north": { "uv": [ 12.5, 1.5, 14.5, 3.5 ], "texture": "#texture" },
				"south": { "uv": [ 12.5, 1.5, 14.5, 3.5 ], "texture": "#texture" },
				"west": { "uv": [ 12.5, 1.5, 14.5, 3.5 ], "texture": "#texture" },
				"east": { "uv": [ 12.5, 1.5, 14.5, 3.5 ], "texture": "#texture" }
			}
		},
		{
			"__comment": "Box1",
			"from": [ -14, -3, 8.5 ],
			"to": [ 30, -2, 9.5 ],
			"faces": {
				"down": { "uv": [ 12.5, 1.5, 14.5, 3.5 ], "texture": "#texture" },
				"up": { "uv": [ 12.5, 1.5, 14.5, 3.5 ], "texture": "#texture" },
				"north": { "uv": [ 12.5, 1.5, 14.5, 3.5 ], "texture": "#texture" },
				"south": { "uv": [ 12.5, 1.5, 14.5, 3.5 ], "texture": "#texture" },
				"west": { "uv": [ 12.5, 1.5, 14.5, 3.5 ], "texture": "#texture" },
				"east": { "uv": [ 12.5, 1.5, 14.5, 3.5 ], "texture": "#texture" }
			}
		},
		{
			"__comment": "Box1",
			"from": [ -14, 0, 8.5 ],
			"to": [ 30, 1, 9.5 ],
			"faces": {
				"down": { "uv": [ 12.5, 1.5, 14.5, 3.5 ], "texture": "#texture" },
				"up": { "uv": [ 12.5, 1.5, 14.5, 3.5 ], "texture": "#texture" },
				"north": { "uv": [ 12.5, 1.5, 14.5, 3.5 ], "texture": "#texture" },
				"south": { "uv": [ 12.5, 1.5, 14.5, 3.5 ], "texture": "#texture" },
				"west": { "uv": [ 12.5, 1.5, 14.5, 3.5 ], "texture": "#texture" },
				"east": { "uv": [ 12.5, 1.5, 14.5, 3.5 ], "texture": "#texture" }
			}
		},
		{
			"__comment": "Box1",
			"from": [ -12.0001, -11, 8.5 ],
			"to": [ -11.0001, 22, 9.5 ],
			"faces": {
				"down": { "uv": [ 12.5, 1.5, 14.5, 3.5 ], "texture": "#texture" },
				"up": { "uv": [ 12.5, 1.5, 14.5, 3.5 ], "texture": "#texture" },
				"north": { "uv": [ 12.5, 1.5, 14.5, 3.5 ], "texture": "#texture" },
				"south": { "uv": [ 12.5, 1.5, 14.5, 3.5 ], "texture": "#texture" },
				"west": { "uv": [ 12.5, 1.5, 14.5, 3.5 ], "texture": "#texture" },
				"east": { "uv": [ 12.5, 1.5, 14.5, 3.5 ], "texture": "#texture" }
			}
		},
		{
			"__comment": "Box1",
			"from": [ -9.0001, -11, 8.5 ],
			"to": [ -8.0001, 22, 9.5 ],
			"faces": {
				"down": { "uv": [ 12.5, 1.5, 14.5, 3.5 ], "texture": "#texture" },
				"up": { "uv": [ 12.5, 1.5, 14.5, 3.5 ], "texture": "#texture" },
				"north": { "uv": [ 12.5, 1.5, 14.5, 3.5 ], "texture": "#texture" },
				"south": { "uv": [ 12.5, 1.5, 14.5, 3.5 ], "texture": "#texture" },
				"west": { "uv": [ 12.5, 1.5, 14.5, 3.5 ], "texture": "#texture" },
				"east": { "uv": [ 12.5, 1.5, 14.5, 3.5 ], "texture": "#texture" }
			}
		},
		{
			"__comment": "Box1",
			"from": [ -6.0001, -11, 8.5 ],
			"to": [ -5.0001, 22, 9.5 ],
			"faces": {
				"down": { "uv": [ 12.5, 1.5, 14.5, 3.5 ], "texture": "#texture" },
				"up": { "uv": [ 12.5, 1.5, 14.5, 3.5 ], "texture": "#texture" },
				"north": { "uv": [ 12.5, 1.5, 14.5, 3.5 ], "texture": "#texture" },
				"south": { "uv": [ 12.5, 1.5, 14.5, 3.5 ], "texture": "#texture" },
				"west": { "uv": [ 12.5, 1.5, 14.5, 3.5 ], "texture": "#texture" },
				"east": { "uv": [ 12.5, 1.5, 14.5, 3.5 ], "texture": "#texture" }
			}
		},
		{
			"__comment": "Box1",
			"from": [ -3.0001, -11, 8.5 ],
			"to": [ -2.0001, 22, 9.5 ],
			"faces": {
				"down": { "uv": [ 12.5, 1.5, 14.5, 3.5 ], "texture": "#texture" },
				"up": { "uv": [ 12.5, 1.5, 14.5, 3.5 ], "texture": "#texture" },
				"north": { "uv": [ 12.5, 1.5, 14.5, 3.5 ], "texture": "#texture" },
				"south": { "uv": [ 12.5, 1.5, 14.5, 3.5 ], "texture": "#texture" },
				"west": { "uv": [ 12.5, 1.5, 14.5, 3.5 ], "texture": "#texture" },
				"east": { "uv": [ 12.5, 1.5, 14.5, 3.5 ], "texture": "#texture" }
			}
		},
		{
			"__comment": "Box1",
			"from": [ -0.0001, -11, 8.5 ],
			"to": [ 0.9999, 22, 9.5 ],
			"faces": {
				"down": { "uv": [ 12.5, 1.5, 14.5, 3.5 ], "texture": "#texture" },
				"up": { "uv": [ 12.5, 1.5, 14.5, 3.5 ], "texture": "#texture" },
				"north": { "uv": [ 12.5, 1.5, 14.5, 3.5 ], "texture": "#texture" },
				"south": { "uv": [ 12.5, 1.5, 14.5, 3.5 ], "texture": "#texture" },
				"west": { "uv": [ 12.5, 1.5, 14.5, 3.5 ], "texture": "#texture" },
				"east": { "uv": [ 12.5, 1.5, 14.5, 3.5 ], "texture": "#texture" }
			}
		},
		{
			"__comment": "Box1",
			"from": [ 2.9999, -11, 8.5 ],
			"to": [ 3.9999, 22, 9.5 ],
			"faces": {
				"down": { "uv": [ 12.5, 1.5, 14.5, 3.5 ], "texture": "#texture" },
				"up": { "uv": [ 12.5, 1.5, 14.5, 3.5 ], "texture": "#texture" },
				"north": { "uv": [ 12.5, 1.5, 14.5, 3.5 ], "texture": "#texture" },
				"south": { "uv": [ 12.5, 1.5, 14.5, 3.5 ], "texture": "#texture" },
				"west": { "uv": [ 12.5, 1.5, 14.5, 3.5 ], "texture": "#texture" },
				"east": { "uv": [ 12.5, 1.5, 14.5, 3.5 ], "texture": "#texture" }
			}
		},
		{
			"__comment": "Box1",
			"from": [ 5.9999, -11, 8.5 ],
			"to": [ 6.9999, 22, 9.5 ],
			"faces": {
				"down": { "uv": [ 12.5, 1.5, 14.5, 3.5 ], "texture": "#texture" },
				"up": { "uv": [ 12.5, 1.5, 14.5, 3.5 ], "texture": "#texture" },
				"north": { "uv": [ 12.5, 1.5, 14.5, 3.5 ], "texture": "#texture" },
				"south": { "uv": [ 12.5, 1.5, 14.5, 3.5 ], "texture": "#texture" },
				"west": { "uv": [ 12.5, 1.5, 14.5, 3.5 ], "texture": "#texture" },
				"east": { "uv": [ 12.5, 1.5, 14.5, 3.5 ], "texture": "#texture" }
			}
		},
		{
			"__comment": "Box1",
			"from": [ 8.9999, -11, 8.5 ],
			"to": [ 9.9999, 22, 9.5 ],
			"faces": {
				"down": { "uv": [ 12.5, 1.5, 14.5, 3.5 ], "texture": "#texture" },
				"up": { "uv": [ 12.5, 1.5, 14.5, 3.5 ], "texture": "#texture" },
				"north": { "uv": [ 12.5, 1.5, 14.5, 3.5 ], "texture": "#texture" },
				"south": { "uv": [ 12.5, 1.5, 14.5, 3.5 ], "texture": "#texture" },
				"west": { "uv": [ 12.5, 1.5, 14.5, 3.5 ], "texture": "#texture" },
				"east": { "uv": [ 12.5, 1.5, 14.5, 3.5 ], "texture": "#texture" }
			}
		},
		{
			"__comment": "Box1",
			"from": [ 11.9999, -11, 8.5 ],
			"to": [ 12.9999, 22, 9.5 ],
			"faces": {
				"down": { "uv": [ 12.5, 1.5, 14.5, 3.5 ], "texture": "#texture" },
				"up": { "uv": [ 12.5, 1.5, 14.5, 3.5 ], "texture": "#texture" },
				"north": { "uv": [ 12.5, 1.5, 14.5, 3.5 ], "texture": "#texture" },
				"south": { "uv": [ 12.5, 1.5, 14.5, 3.5 ], "texture": "#texture" },
				"west": { "uv": [ 12.5, 1.5, 14.5, 3.5 ], "texture": "#texture" },
				"east": { "uv": [ 12.5, 1.5, 14.5, 3.5 ], "texture": "#texture" }
			}
		},
		{
			"__comment": "Box1",
			"from": [ 14.9999, -11, 8.5 ],
			"to": [ 15.9999, 22, 9.5 ],
			"faces": {
				"down": { "uv": [ 12.5, 1.5, 14.5, 3.5 ], "texture": "#texture" },
				"up": { "uv": [ 12.5, 1.5, 14.5, 3.5 ], "texture": "#texture" },
				"north": { "uv": [ 12.5, 1.5, 14.5, 3.5 ], "texture": "#texture" },
				"south": { "uv": [ 12.5, 1.5, 14.5, 3.5 ], "texture": "#texture" },
				"west": { "uv": [ 12.5, 1.5, 14.5, 3.5 ], "texture": "#texture" },
				"east": { "uv": [ 12.5, 1.5, 14.5, 3.5 ], "texture": "#texture" }
			}
		},
		{
			"__comment": "Box1",
			"from": [ 17.9999, -11, 8.5 ],
			"to": [ 18.9999, 22, 9.5 ],
			"faces": {
				"down": { "uv": [ 12.5, 1.5, 14.5, 3.5 ], "texture": "#texture" },
				"up": { "uv": [ 12.5, 1.5, 14.5, 3.5 ], "texture": "#texture" },
				"north": { "uv": [ 12.5, 1.5, 14.5, 3.5 ], "texture": "#texture" },
				"south": { "uv": [ 12.5, 1.5, 14.5, 3.5 ], "texture": "#texture" },
				"west": { "uv": [ 12.5, 1.5, 14.5, 3.5 ], "texture": "#texture" },
				"east": { "uv": [ 12.5, 1.5, 14.5, 3.5 ], "texture": "#texture" }
			}
		},
		{
			"__comment": "Box1",
			"from": [ 20.9999, -11, 8.5 ],
			"to": [ 21.9999, 22, 9.5 ],
			"faces": {
				"down": { "uv": [ 12.5, 1.5, 14.5, 3.5 ], "texture": "#texture" },
				"up": { "uv": [ 12.5, 1.5, 14.5, 3.5 ], "texture": "#texture" },
				"north": { "uv": [ 12.5, 1.5, 14.5, 3.5 ], "texture": "#texture" },
				"south": { "uv": [ 12.5, 1.5, 14.5, 3.5 ], "texture": "#texture" },
				"west": { "uv": [ 12.5, 1.5, 14.5, 3.5 ], "texture": "#texture" },
				"east": { "uv": [ 12.5, 1.5, 14.5, 3.5 ], "texture": "#texture" }
			}
		},
		{
			"__comment": "Box1",
			"from": [ 23.9999, -11, 8.5 ],
			"to": [ 24.9999, 22, 9.5 ],
			"faces": {
				"down": { "uv": [ 12.5, 1.5, 14.5, 3.5 ], "texture": "#texture" },
				"up": { "uv": [ 12.5, 1.5, 14.5, 3.5 ], "texture": "#texture" },
				"north": { "uv": [ 12.5, 1.5, 14.5, 3.5 ], "texture": "#texture" },
				"south": { "uv": [ 12.5, 1.5, 14.5, 3.5 ], "texture": "#texture" },
				"west": { "uv": [ 12.5, 1.5, 14.5, 3.5 ], "texture": "#texture" },
				"east": { "uv": [ 12.5, 1.5, 14.5, 3.5 ], "texture": "#texture" }
			}
		},
		{
			"__comment": "Box1",
			"from": [ 26.9999, -11, 8.5 ],
			"to": [ 27.9999, 22, 9.5 ],
			"faces": {
				"down": { "uv": [ 12.5, 1.5, 14.5, 3.5 ], "texture": "#texture" },
				"up": { "uv": [ 12.5, 1.5, 14.5, 3.5 ], "texture": "#texture" },
				"north": { "uv": [ 12.5, 1.5, 14.5, 3.5 ], "texture": "#texture" },
				"south": { "uv": [ 12.5, 1.5, 14.5, 3.5 ], "texture": "#texture" },
				"west": { "uv": [ 12.5, 1.5, 14.5, 3.5 ], "texture": "#texture" },
				"east": { "uv": [ 12.5, 1.5, 14.5, 3.5 ], "texture": "#texture" }
			}
		},
		{
			"__comment": "Box30",
			"from": [ -13, 24, 9 ],
			"to": [ -10, 28, 9.001 ],
			"faces": {
				"down": { "uv": [ 3, 6.999001, 6, 7 ], "texture": "#particle" },
				"up": { "uv": [ 3, 9, 6, 9.000999 ], "texture": "#particle" },
				"north": { "uv": [ 2.5, 0, 13.5, 15.5 ], "texture": "#particle" },
				"south": { "uv": [ 13.5, 0, 2.5, 15.5 ], "texture": "#particle" },
				"west": { "uv": [ 2.5, 0, 4, 1 ], "texture": "#particle" },
				"east": { "uv": [ 2.5, 0, 4, 1 ], "texture": "#particle" }
			}
		},
		{
			"__comment": "Box30",
			"from": [ -10, 24, 9 ],
			"to": [ -7, 28, 9.001 ],
			"faces": {
				"down": { "uv": [ 3, 6.999001, 6, 7 ], "texture": "#particle" },
				"up": { "uv": [ 3, 9, 6, 9.000999 ], "texture": "#particle" },
				"north": { "uv": [ 2.5, 0, 13.5, 15.5 ], "texture": "#particle" },
				"south": { "uv": [ 13.5, 0, 2.5, 15.5 ], "texture": "#particle" },
				"west": { "uv": [ 2.5, 0, 4, 1 ], "texture": "#particle" },
				"east": { "uv": [ 2.5, 0, 4, 1 ], "texture": "#particle" }
			}
		},
		{
			"__comment": "Box30",
			"from": [ -7, 24, 9 ],
			"to": [ -4, 28, 9.001 ],
			"faces": {
				"down": { "uv": [ 3, 6.999001, 6, 7 ], "texture": "#particle" },
				"up": { "uv": [ 3, 9, 6, 9.000999 ], "texture": "#particle" },
				"north": { "uv": [ 2.5, 0, 13.5, 15.5 ], "texture": "#particle" },
				"south": { "uv": [ 13.5, 0, 2.5, 15.5 ], "texture": "#particle" },
				"west": { "uv": [ 2.5, 0, 4, 1 ], "texture": "#particle" },
				"east": { "uv": [ 2.5, 0, 4, 1 ], "texture": "#particle" }
			}
		},
		{
			"__comment": "Box30",
			"from": [ -4, 24, 9 ],
			"to": [ -1, 28, 9.001 ],
			"faces": {
				"down": { "uv": [ 3, 6.999001, 6, 7 ], "texture": "#particle" },
				"up": { "uv": [ 3, 9, 6, 9.000999 ], "texture": "#particle" },
				"north": { "uv": [ 2.5, 0, 13.5, 15.5 ], "texture": "#particle" },
				"south": { "uv": [ 13.5, 0, 2.5, 15.5 ], "texture": "#particle" },
				"west": { "uv": [ 2.5, 0, 4, 1 ], "texture": "#particle" },
				"east": { "uv": [ 2.5, 0, 4, 1 ], "texture": "#particle" }
			}
		},
		{
			"__comment": "Box30",
			"from": [ -1, 24, 9 ],
			"to": [ 2, 28, 9.001 ],
			"faces": {
				"down": { "uv": [ 3, 6.999001, 6, 7 ], "texture": "#particle" },
				"up": { "uv": [ 3, 9, 6, 9.000999 ], "texture": "#particle" },
				"north": { "uv": [ 2.5, 0, 13.5, 15.5 ], "texture": "#particle" },
				"south": { "uv": [ 13.5, 0, 2.5, 15.5 ], "texture": "#particle" },
				"west": { "uv": [ 2.5, 0, 4, 1 ], "texture": "#particle" },
				"east": { "uv": [ 2.5, 0, 4, 1 ], "texture": "#particle" }
			}
		},
		{
			"__comment": "Box30",
			"from": [ 2, 24, 9 ],
			"to": [ 5, 28, 9.001 ],
			"faces": {
				"down": { "uv": [ 3, 6.999001, 6, 7 ], "texture": "#particle" },
				"up": { "uv": [ 3, 9, 6, 9.000999 ], "texture": "#particle" },
				"north": { "uv": [ 2.5, 0, 13.5, 15.5 ], "texture": "#particle" },
				"south": { "uv": [ 13.5, 0, 2.5, 15.5 ], "texture": "#particle" },
				"west": { "uv": [ 2.5, 0, 4, 1 ], "texture": "#particle" },
				"east": { "uv": [ 2.5, 0, 4, 1 ], "texture": "#particle" }
			}
		},
		{
			"__comment": "Box30",
			"from": [ 5, 24, 9 ],
			"to": [ 8, 28, 9.001 ],
			"faces": {
				"down": { "uv": [ 3, 6.999001, 6, 7 ], "texture": "#particle" },
				"up": { "uv": [ 3, 9, 6, 9.000999 ], "texture": "#particle" },
				"north": { "uv": [ 2.5, 0, 13.5, 15.5 ], "texture": "#particle" },
				"south": { "uv": [ 13.5, 0, 2.5, 15.5 ], "texture": "#particle" },
				"west": { "uv": [ 2.5, 0, 4, 1 ], "texture": "#particle" },
				"east": { "uv": [ 2.5, 0, 4, 1 ], "texture": "#particle" }
			}
		},
		{
			"__comment": "Box30",
			"from": [ 8, 24, 9 ],
			"to": [ 11, 28, 9.001 ],
			"faces": {
				"down": { "uv": [ 3, 6.999001, 6, 7 ], "texture": "#particle" },
				"up": { "uv": [ 3, 9, 6, 9.000999 ], "texture": "#particle" },
				"north": { "uv": [ 2.5, 0, 13.5, 15.5 ], "texture": "#particle" },
				"south": { "uv": [ 13.5, 0, 2.5, 15.5 ], "texture": "#particle" },
				"west": { "uv": [ 2.5, 0, 4, 1 ], "texture": "#particle" },
				"east": { "uv": [ 2.5, 0, 4, 1 ], "texture": "#particle" }
			}
		},
		{
			"__comment": "Box30",
			"from": [ 11, 24, 9 ],
			"to": [ 14, 28, 9.001 ],
			"faces": {
				"down": { "uv": [ 3, 6.999001, 6, 7 ], "texture": "#particle" },
				"up": { "uv": [ 3, 9, 6, 9.000999 ], "texture": "#particle" },
				"north": { "uv": [ 2.5, 0, 13.5, 15.5 ], "texture": "#particle" },
				"south": { "uv": [ 13.5, 0, 2.5, 15.5 ], "texture": "#particle" },
				"west": { "uv": [ 2.5, 0, 4, 1 ], "texture": "#particle" },
				"east": { "uv": [ 2.5, 0, 4, 1 ], "texture": "#particle" }
			}
		},
		{
			"__comment": "Box30",
			"from": [ 14, 24, 9 ],
			"to": [ 17, 28, 9.001 ],
			"faces": {
				"down": { "uv": [ 3, 6.999001, 6, 7 ], "texture": "#particle" },
				"up": { "uv": [ 3, 9, 6, 9.000999 ], "texture": "#particle" },
				"north": { "uv": [ 2.5, 0, 13.5, 15.5 ], "texture": "#particle" },
				"south": { "uv": [ 13.5, 0, 2.5, 15.5 ], "texture": "#particle" },
				"west": { "uv": [ 2.5, 0, 4, 1 ], "texture": "#particle" },
				"east": { "uv": [ 2.5, 0, 4, 1 ], "texture": "#particle" }
			}
		},
		{
			"__comment": "Box30",
			"from": [ 17, 24, 9 ],
			"to": [ 20, 28, 9.001 ],
			"faces": {
				"down": { "uv": [ 3, 6.999001, 6, 7 ], "texture": "#particle" },
				"up": { "uv": [ 3, 9, 6, 9.000999 ], "texture": "#particle" },
				"north": { "uv": [ 2.5, 0, 13.5, 15.5 ], "texture": "#particle" },
				"south": { "uv": [ 13.5, 0, 2.5, 15.5 ], "texture": "#particle" },
				"west": { "uv": [ 2.5, 0, 4, 1 ], "texture": "#particle" },
				"east": { "uv": [ 2.5, 0, 4, 1 ], "texture": "#particle" }
			}
		},
		{
			"__comment": "Box30",
			"from": [ 20, 24, 9 ],
			"to": [ 23, 28, 9.001 ],
			"faces": {
				"down": { "uv": [ 3, 6.999001, 6, 7 ], "texture": "#particle" },
				"up": { "uv": [ 3, 9, 6, 9.000999 ], "texture": "#particle" },
				"north": { "uv": [ 2.5, 0, 13.5, 15.5 ], "texture": "#particle" },
				"south": { "uv": [ 13.5, 0, 2.5, 15.5 ], "texture": "#particle" },
				"west": { "uv": [ 2.5, 0, 4, 1 ], "texture": "#particle" },
				"east": { "uv": [ 2.5, 0, 4, 1 ], "texture": "#particle" }
			}
		},
		{
			"__comment": "Box30",
			"from": [ 23, 24, 9 ],
			"to": [ 26, 28, 9.001 ],
			"faces": {
				"down": { "uv": [ 3, 6.999001, 6, 7 ], "texture": "#particle" },
				"up": { "uv": [ 3, 9, 6, 9.000999 ], "texture": "#particle" },
				"north": { "uv": [ 2.5, 0, 13.5, 15.5 ], "texture": "#particle" },
				"south": { "uv": [ 13.5, 0, 2.5, 15.5 ], "texture": "#particle" },
				"west": { "uv": [ 2.5, 0, 4, 1 ], "texture": "#particle" },
				"east": { "uv": [ 2.5, 0, 4, 1 ], "texture": "#particle" }
			}
		},
		{
			"__comment": "Box30",
			"from": [ 26, 24, 9 ],
			"to": [ 29, 28, 9.001 ],
			"faces": {
				"down": { "uv": [ 3, 6.999001, 6, 7 ], "texture": "#particle" },
				"up": { "uv": [ 3, 9, 6, 9.000999 ], "texture": "#particle" },
				"north": { "uv": [ 2.5, 0, 13.5, 15.5 ], "texture": "#particle" },
				"south": { "uv": [ 13.5, 0, 2.5, 15.5 ], "texture": "#particle" },
				"west": { "uv": [ 2.5, 0, 4, 1 ], "texture": "#particle" },
				"east": { "uv": [ 2.5, 0, 4, 1 ], "texture": "#particle" }
			}
		},
		{
			"__comment": "Box30",
			"from": [ -16, 24, 9 ],
			"to": [ -13, 28, 9.001 ],
			"faces": {
				"down": { "uv": [ 3, 6.999001, 6, 7 ], "texture": "#particle" },
				"up": { "uv": [ 3, 9, 6, 9.000999 ], "texture": "#particle" },
				"north": { "uv": [ 2.5, 0, 13.5, 15.5 ], "texture": "#particle" },
				"south": { "uv": [ 13.5, 0, 2.5, 15.5 ], "texture": "#particle" },
				"west": { "uv": [ 2.5, 0, 4, 1 ], "texture": "#particle" },
				"east": { "uv": [ 2.5, 0, 4, 1 ], "texture": "#particle" }
			}
		},
		{
			"__comment": "Box30",
			"from": [ 29, 24, 9 ],
			"to": [ 32, 28, 9.001 ],
			"faces": {
				"down": { "uv": [ 3, 6.999001, 6, 7 ], "texture": "#particle" },
				"up": { "uv": [ 3, 9, 6, 9.000999 ], "texture": "#particle" },
				"north": { "uv": [ 2.5, 0, 13.5, 15.5 ], "texture": "#particle" },
				"south": { "uv": [ 13.5, 0, 2.5, 15.5 ], "texture": "#particle" },
				"west": { "uv": [ 2.5, 0, 4, 1 ], "texture": "#particle" },
				"east": { "uv": [ 2.5, 0, 4, 1 ], "texture": "#particle" }
			}
		},
		{
			"__comment": "Box46",
			"from": [ 5, -3, 8 ],
			"to": [ 26, 17.5, 8.001 ],
			"faces": {
				"down": { "uv": [ 0, 0, 1.5, 2 ], "texture": "#texture1" },
				"up": { "uv": [ 0, 0, 1.5, 2 ], "texture": "#texture1" },
				"north": { "uv": [ 0, 0, 16, 16 ], "texture": "#texture1" },
				"south": { "uv": [ 16, 0, 0, 16 ], "texture": "#texture1" },
				"west": { "uv": [ 0, 0, 1.5, 2 ], "texture": "#texture1" },
				"east": { "uv": [ 0, 0, 1.5, 2 ], "texture": "#texture1" }
			}
		},
		{
			"__comment": "Box46",
			"from": [ -10, -3, 8 ],
			"to": [ 11, 17.5, 8.001 ],
			"faces": {
				"down": { "uv": [ 0, 0, 1.5, 2 ], "texture": "#texture1" },
				"up": { "uv": [ 0, 0, 1.5, 2 ], "texture": "#texture1" },
				"north": { "uv": [ 16, 0, 0, 16 ], "texture": "#texture1" },
				"south": { "uv": [ 0, 0, 16, 16 ], "texture": "#texture1" },
				"west": { "uv": [ 0, 0, 1.5, 2 ], "texture": "#texture1" },
				"east": { "uv": [ 0, 0, 1.5, 2 ], "texture": "#texture1" }
			}
		},
		{
			"__comment": "Box48",
			"from": [ 5, 2, 8 ],
			"to": [ 12, 10, 8.001 ],
			"faces": {
				"down": { "uv": [ 5, 13.5, 6, 14.5 ], "texture": "#texture2" },
				"up": { "uv": [ 5, 1.5, 6, 2.5 ], "texture": "#texture2" },
				"north": { "uv": [ 5.5, 5.5, 10, 10 ], "texture": "#texture2" },
				"south": { "uv": [ 10, 5.5, 5.5, 10 ], "texture": "#texture2" },
				"west": { "uv": [ 1.5, 15, 2.5, 16 ], "texture": "#texture2" },
				"east": { "uv": [ 13.5, 15, 14.5, 16 ], "texture": "#texture2" }
			}
		},
		{
			"__comment": "Box48",
			"from": [ 5, 2, 10 ],
			"to": [ 12, 10, 10.001 ],
			"faces": {
				"down": { "uv": [ 5, 13.5, 6, 14.5 ], "texture": "#texture2" },
				"up": { "uv": [ 5, 1.5, 6, 2.5 ], "texture": "#texture2" },
				"north": { "uv": [ 5.5, 5.5, 10, 10 ], "texture": "#texture2" },
				"south": { "uv": [ 10, 5.5, 5.5, 10 ], "texture": "#texture2" },
				"west": { "uv": [ 1.5, 15, 2.5, 16 ], "texture": "#texture2" },
				"east": { "uv": [ 13.5, 15, 14.5, 16 ], "texture": "#texture2" }
			}
		},
		{
			"__comment": "Box46",
			"from": [ -10, -3, 10 ],
			"to": [ 11, 17.5, 10.001 ],
			"faces": {
				"down": { "uv": [ 0, 0, 1.5, 2 ], "texture": "#texture1" },
				"up": { "uv": [ 0, 0, 1.5, 2 ], "texture": "#texture1" },
				"north": { "uv": [ 16, 0, 0, 16 ], "texture": "#texture1" },
				"south": { "uv": [ 0, 0, 16, 16 ], "texture": "#texture1" },
				"west": { "uv": [ 0, 0, 1.5, 2 ], "texture": "#texture1" },
				"east": { "uv": [ 0, 0, 1.5, 2 ], "texture": "#texture1" }
			}
		},
		{
			"__comment": "Box46",
			"from": [ 5, -3, 10 ],
			"to": [ 26, 17.5, 10.001 ],
			"faces": {
				"down": { "uv": [ 0, 0, 1.5, 2 ], "texture": "#texture1" },
				"up": { "uv": [ 0, 0, 1.5, 2 ], "texture": "#texture1" },
				"north": { "uv": [ 0, 0, 16, 16 ], "texture": "#texture1" },
				"south": { "uv": [ 16, 0, 0, 16 ], "texture": "#texture1" },
				"west": { "uv": [ 0, 0, 1.5, 2 ], "texture": "#texture1" },
				"east": { "uv": [ 0, 0, 1.5, 2 ], "texture": "#texture1" }
			}
		},
		{
			"__comment": "Box52",
			"from": [ -14, 17, 9 ],
			"to": [ -12, 19, 9.001 ],
			"faces": {
				"down": { "uv": [ 2, 11.499, 4, 11.5 ], "texture": "#texture" },
				"up": { "uv": [ 2, 4.5, 4, 4.500999 ], "texture": "#texture" },
				"north": { "uv": [ 5.25, 0, 0, 5.25 ], "texture": "#texture" },
				"south": { "uv": [ 0, 0, 5.25, 5.25 ], "texture": "#texture" },
				"west": { "uv": [ 4.5, 13, 4.501, 15 ], "texture": "#texture" },
				"east": { "uv": [ 11.499, 13, 11.5, 15 ], "texture": "#texture" }
			}
		},
		{
			"__comment": "Box52",
			"from": [ -11, 17, 9 ],
			"to": [ -9, 19, 9.001 ],
			"faces": {
				"down": { "uv": [ 2, 11.499, 4, 11.5 ], "texture": "#texture" },
				"up": { "uv": [ 2, 4.5, 4, 4.500999 ], "texture": "#texture" },
				"north": { "uv": [ 5.25, 0, 0, 5.25 ], "texture": "#texture" },
				"south": { "uv": [ 0, 0, 5.25, 5.25 ], "texture": "#texture" },
				"west": { "uv": [ 4.5, 13, 4.501, 15 ], "texture": "#texture" },
				"east": { "uv": [ 11.499, 13, 11.5, 15 ], "texture": "#texture" }
			}
		},
		{
			"__comment": "Box52",
			"from": [ -8, 17, 9 ],
			"to": [ -6, 19, 9.001 ],
			"faces": {
				"down": { "uv": [ 2, 11.499, 4, 11.5 ], "texture": "#texture" },
				"up": { "uv": [ 2, 4.5, 4, 4.500999 ], "texture": "#texture" },
				"north": { "uv": [ 5.25, 0, 0, 5.25 ], "texture": "#texture" },
				"south": { "uv": [ 0, 0, 5.25, 5.25 ], "texture": "#texture" },
				"west": { "uv": [ 4.5, 13, 4.501, 15 ], "texture": "#texture" },
				"east": { "uv": [ 11.499, 13, 11.5, 15 ], "texture": "#texture" }
			}
		},
		{
			"__comment": "Box52",
			"from": [ -5, 17, 9 ],
			"to": [ -3, 19, 9.001 ],
			"faces": {
				"down": { "uv": [ 2, 11.499, 4, 11.5 ], "texture": "#texture" },
				"up": { "uv": [ 2, 4.5, 4, 4.500999 ], "texture": "#texture" },
				"north": { "uv": [ 5.25, 0, 0, 5.25 ], "texture": "#texture" },
				"south": { "uv": [ 0, 0, 5.25, 5.25 ], "texture": "#texture" },
				"west": { "uv": [ 4.5, 13, 4.501, 15 ], "texture": "#texture" },
				"east": { "uv": [ 11.499, 13, 11.5, 15 ], "texture": "#texture" }
			}
		},
		{
			"__comment": "Box52",
			"from": [ -2, 17, 9 ],
			"to": [ 0, 19, 9.001 ],
			"faces": {
				"down": { "uv": [ 2, 11.499, 4, 11.5 ], "texture": "#texture" },
				"up": { "uv": [ 2, 4.5, 4, 4.500999 ], "texture": "#texture" },
				"north": { "uv": [ 5.25, 0, 0, 5.25 ], "texture": "#texture" },
				"south": { "uv": [ 0, 0, 5.25, 5.25 ], "texture": "#texture" },
				"west": { "uv": [ 4.5, 13, 4.501, 15 ], "texture": "#texture" },
				"east": { "uv": [ 11.499, 13, 11.5, 15 ], "texture": "#texture" }
			}
		},
		{
			"__comment": "Box52",
			"from": [ 1, 17, 9 ],
			"to": [ 3, 19, 9.001 ],
			"faces": {
				"down": { "uv": [ 2, 11.499, 4, 11.5 ], "texture": "#texture" },
				"up": { "uv": [ 2, 4.5, 4, 4.500999 ], "texture": "#texture" },
				"north": { "uv": [ 5.25, 0, 0, 5.25 ], "texture": "#texture" },
				"south": { "uv": [ 0, 0, 5.25, 5.25 ], "texture": "#texture" },
				"west": { "uv": [ 4.5, 13, 4.501, 15 ], "texture": "#texture" },
				"east": { "uv": [ 11.499, 13, 11.5, 15 ], "texture": "#texture" }
			}
		},
		{
			"__comment": "Box52",
			"from": [ 4, 17, 9 ],
			"to": [ 6, 19, 9.001 ],
			"faces": {
				"down": { "uv": [ 2, 11.499, 4, 11.5 ], "texture": "#texture" },
				"up": { "uv": [ 2, 4.5, 4, 4.500999 ], "texture": "#texture" },
				"north": { "uv": [ 5.25, 0, 0, 5.25 ], "texture": "#texture" },
				"south": { "uv": [ 0, 0, 5.25, 5.25 ], "texture": "#texture" },
				"west": { "uv": [ 4.5, 13, 4.501, 15 ], "texture": "#texture" },
				"east": { "uv": [ 11.499, 13, 11.5, 15 ], "texture": "#texture" }
			}
		},
		{
			"__comment": "Box52",
			"from": [ 7, 17, 9 ],
			"to": [ 9, 19, 9.001 ],
			"faces": {
				"down": { "uv": [ 2, 11.499, 4, 11.5 ], "texture": "#texture" },
				"up": { "uv": [ 2, 4.5, 4, 4.500999 ], "texture": "#texture" },
				"north": { "uv": [ 5.25, 0, 0, 5.25 ], "texture": "#texture" },
				"south": { "uv": [ 0, 0, 5.25, 5.25 ], "texture": "#texture" },
				"west": { "uv": [ 4.5, 13, 4.501, 15 ], "texture": "#texture" },
				"east": { "uv": [ 11.499, 13, 11.5, 15 ], "texture": "#texture" }
			}
		},
		{
			"__comment": "Box52",
			"from": [ 10, 17, 9 ],
			"to": [ 12, 19, 9.001 ],
			"faces": {
				"down": { "uv": [ 2, 11.499, 4, 11.5 ], "texture": "#texture" },
				"up": { "uv": [ 2, 4.5, 4, 4.500999 ], "texture": "#texture" },
				"north": { "uv": [ 5.25, 0, 0, 5.25 ], "texture": "#texture" },
				"south": { "uv": [ 0, 0, 5.25, 5.25 ], "texture": "#texture" },
				"west": { "uv": [ 4.5, 13, 4.501, 15 ], "texture": "#texture" },
				"east": { "uv": [ 11.499, 13, 11.5, 15 ], "texture": "#texture" }
			}
		},
		{
			"__comment": "Box52",
			"from": [ 13, 17, 9 ],
			"to": [ 15, 19, 9.001 ],
			"faces": {
				"down": { "uv": [ 2, 11.499, 4, 11.5 ], "texture": "#texture" },
				"up": { "uv": [ 2, 4.5, 4, 4.500999 ], "texture": "#texture" },
				"north": { "uv": [ 5.25, 0, 0, 5.25 ], "texture": "#texture" },
				"south": { "uv": [ 0, 0, 5.25, 5.25 ], "texture": "#texture" },
				"west": { "uv": [ 4.5, 13, 4.501, 15 ], "texture": "#texture" },
				"east": { "uv": [ 11.499, 13, 11.5, 15 ], "texture": "#texture" }
			}
		},
		{
			"__comment": "Box52",
			"from": [ 16, 17, 9 ],
			"to": [ 18, 19, 9.001 ],
			"faces": {
				"down": { "uv": [ 2, 11.499, 4, 11.5 ], "texture": "#texture" },
				"up": { "uv": [ 2, 4.5, 4, 4.500999 ], "texture": "#texture" },
				"north": { "uv": [ 5.25, 0, 0, 5.25 ], "texture": "#texture" },
				"south": { "uv": [ 0, 0, 5.25, 5.25 ], "texture": "#texture" },
				"west": { "uv": [ 4.5, 13, 4.501, 15 ], "texture": "#texture" },
				"east": { "uv": [ 11.499, 13, 11.5, 15 ], "texture": "#texture" }
			}
		},
		{
			"__comment": "Box52",
			"from": [ 19, 17, 9 ],
			"to": [ 21, 19, 9.001 ],
			"faces": {
				"down": { "uv": [ 2, 11.499, 4, 11.5 ], "texture": "#texture" },
				"up": { "uv": [ 2, 4.5, 4, 4.500999 ], "texture": "#texture" },
				"north": { "uv": [ 5.25, 0, 0, 5.25 ], "texture": "#texture" },
				"south": { "uv": [ 0, 0, 5.25, 5.25 ], "texture": "#texture" },
				"west": { "uv": [ 4.5, 13, 4.501, 15 ], "texture": "#texture" },
				"east": { "uv": [ 11.499, 13, 11.5, 15 ], "texture": "#texture" }
			}
		},
		{
			"__comment": "Box52",
			"from": [ 22, 17, 9 ],
			"to": [ 24, 19, 9.001 ],
			"faces": {
				"down": { "uv": [ 2, 11.499, 4, 11.5 ], "texture": "#texture" },
				"up": { "uv": [ 2, 4.5, 4, 4.500999 ], "texture": "#texture" },
				"north": { "uv": [ 5.25, 0, 0, 5.25 ], "texture": "#texture" },
				"south": { "uv": [ 0, 0, 5.25, 5.25 ], "texture": "#texture" },
				"west": { "uv": [ 4.5, 13, 4.501, 15 ], "texture": "#texture" },
				"east": { "uv": [ 11.499, 13, 11.5, 15 ], "texture": "#texture" }
			}
		},
		{
			"__comment": "Box52",
			"from": [ 25, 17, 9 ],
			"to": [ 27, 19, 9.001 ],
			"faces": {
				"down": { "uv": [ 2, 11.499, 4, 11.5 ], "texture": "#texture" },
				"up": { "uv": [ 2, 4.5, 4, 4.500999 ], "texture": "#texture" },
				"north": { "uv": [ 5.25, 0, 0, 5.25 ], "texture": "#texture" },
				"south": { "uv": [ 0, 0, 5.25, 5.25 ], "texture": "#texture" },
				"west": { "uv": [ 4.5, 13, 4.501, 15 ], "texture": "#texture" },
				"east": { "uv": [ 11.499, 13, 11.5, 15 ], "texture": "#texture" }
			}
		},
		{
			"__comment": "Box52",
			"from": [ 28, 17, 9 ],
			"to": [ 30, 19, 9.001 ],
			"faces": {
				"down": { "uv": [ 2, 11.499, 4, 11.5 ], "texture": "#texture" },
				"up": { "uv": [ 2, 4.5, 4, 4.500999 ], "texture": "#texture" },
				"north": { "uv": [ 5.25, 0, 0, 5.25 ], "texture": "#texture" },
				"south": { "uv": [ 0, 0, 5.25, 5.25 ], "texture": "#texture" },
				"west": { "uv": [ 4.5, 13, 4.501, 15 ], "texture": "#texture" },
				"east": { "uv": [ 11.499, 13, 11.5, 15 ], "texture": "#texture" }
			}
		},
		{
			"__comment": "Box52",
			"from": [ -14, -8, 9 ],
			"to": [ -12, -6, 9.001 ],
			"faces": {
				"down": { "uv": [ 2, 11.499, 4, 11.5 ], "texture": "#texture" },
				"up": { "uv": [ 2, 4.5, 4, 4.500999 ], "texture": "#texture" },
				"north": { "uv": [ 5.25, 0, 0, 5.25 ], "texture": "#texture" },
				"south": { "uv": [ 0, 0, 5.25, 5.25 ], "texture": "#texture" },
				"west": { "uv": [ 4.5, 13, 4.501, 15 ], "texture": "#texture" },
				"east": { "uv": [ 11.499, 13, 11.5, 15 ], "texture": "#texture" }
			}
		},
		{
			"__comment": "Box52",
			"from": [ -14, -5, 9 ],
			"to": [ -12, -3, 9.001 ],
			"faces": {
				"down": { "uv": [ 2, 11.499, 4, 11.5 ], "texture": "#texture" },
				"up": { "uv": [ 2, 4.5, 4, 4.500999 ], "texture": "#texture" },
				"north": { "uv": [ 5.25, 0, 0, 5.25 ], "texture": "#texture" },
				"south": { "uv": [ 0, 0, 5.25, 5.25 ], "texture": "#texture" },
				"west": { "uv": [ 4.5, 13, 4.501, 15 ], "texture": "#texture" },
				"east": { "uv": [ 11.499, 13, 11.5, 15 ], "texture": "#texture" }
			}
		},
		{
			"__comment": "Box52",
			"from": [ -11, -5, 9 ],
			"to": [ -9, -3, 9.001 ],
			"faces": {
				"down": { "uv": [ 2, 11.499, 4, 11.5 ], "texture": "#texture" },
				"up": { "uv": [ 2, 4.5, 4, 4.500999 ], "texture": "#texture" },
				"north": { "uv": [ 5.25, 0, 0, 5.25 ], "texture": "#texture" },
				"south": { "uv": [ 0, 0, 5.25, 5.25 ], "texture": "#texture" },
				"west": { "uv": [ 4.5, 13, 4.501, 15 ], "texture": "#texture" },
				"east": { "uv": [ 11.499, 13, 11.5, 15 ], "texture": "#texture" }
			}
		},
		{
			"__comment": "Box52",
			"from": [ -11, -8, 9 ],
			"to": [ -9, -6, 9.001 ],
			"faces": {
				"down": { "uv": [ 2, 11.499, 4, 11.5 ], "texture": "#texture" },
				"up": { "uv": [ 2, 4.5, 4, 4.500999 ], "texture": "#texture" },
				"north": { "uv": [ 5.25, 0, 0, 5.25 ], "texture": "#texture" },
				"south": { "uv": [ 0, 0, 5.25, 5.25 ], "texture": "#texture" },
				"west": { "uv": [ 4.5, 13, 4.501, 15 ], "texture": "#texture" },
				"east": { "uv": [ 11.499, 13, 11.5, 15 ], "texture": "#texture" }
			}
		},
		{
			"__comment": "Box52",
			"from": [ -8, -8, 9 ],
			"to": [ -6, -6, 9.001 ],
			"faces": {
				"down": { "uv": [ 2, 11.499, 4, 11.5 ], "texture": "#texture" },
				"up": { "uv": [ 2, 4.5, 4, 4.500999 ], "texture": "#texture" },
				"north": { "uv": [ 5.25, 0, 0, 5.25 ], "texture": "#texture" },
				"south": { "uv": [ 0, 0, 5.25, 5.25 ], "texture": "#texture" },
				"west": { "uv": [ 4.5, 13, 4.501, 15 ], "texture": "#texture" },
				"east": { "uv": [ 11.499, 13, 11.5, 15 ], "texture": "#texture" }
			}
		},
		{
			"__comment": "Box52",
			"from": [ -5, -8, 9 ],
			"to": [ -3, -6, 9.001 ],
			"faces": {
				"down": { "uv": [ 2, 11.499, 4, 11.5 ], "texture": "#texture" },
				"up": { "uv": [ 2, 4.5, 4, 4.500999 ], "texture": "#texture" },
				"north": { "uv": [ 5.25, 0, 0, 5.25 ], "texture": "#texture" },
				"south": { "uv": [ 0, 0, 5.25, 5.25 ], "texture": "#texture" },
				"west": { "uv": [ 4.5, 13, 4.501, 15 ], "texture": "#texture" },
				"east": { "uv": [ 11.499, 13, 11.5, 15 ], "texture": "#texture" }
			}
		},
		{
			"__comment": "Box52",
			"from": [ -2, -8, 9 ],
			"to": [ 0, -6, 9.001 ],
			"faces": {
				"down": { "uv": [ 2, 11.499, 4, 11.5 ], "texture": "#texture" },
				"up": { "uv": [ 2, 4.5, 4, 4.500999 ], "texture": "#texture" },
				"north": { "uv": [ 5.25, 0, 0, 5.25 ], "texture": "#texture" },
				"south": { "uv": [ 0, 0, 5.25, 5.25 ], "texture": "#texture" },
				"west": { "uv": [ 4.5, 13, 4.501, 15 ], "texture": "#texture" },
				"east": { "uv": [ 11.499, 13, 11.5, 15 ], "texture": "#texture" }
			}
		},
		{
			"__comment": "Box52",
			"from": [ 1, -8, 9 ],
			"to": [ 3, -6, 9.001 ],
			"faces": {
				"down": { "uv": [ 2, 11.499, 4, 11.5 ], "texture": "#texture" },
				"up": { "uv": [ 2, 4.5, 4, 4.500999 ], "texture": "#texture" },
				"north": { "uv": [ 5.25, 0, 0, 5.25 ], "texture": "#texture" },
				"south": { "uv": [ 0, 0, 5.25, 5.25 ], "texture": "#texture" },
				"west": { "uv": [ 4.5, 13, 4.501, 15 ], "texture": "#texture" },
				"east": { "uv": [ 11.499, 13, 11.5, 15 ], "texture": "#texture" }
			}
		},
		{
			"__comment": "Box52",
			"from": [ 4, -8, 9 ],
			"to": [ 6, -6, 9.001 ],
			"faces": {
				"down": { "uv": [ 2, 11.499, 4, 11.5 ], "texture": "#texture" },
				"up": { "uv": [ 2, 4.5, 4, 4.500999 ], "texture": "#texture" },
				"north": { "uv": [ 5.25, 0, 0, 5.25 ], "texture": "#texture" },
				"south": { "uv": [ 0, 0, 5.25, 5.25 ], "texture": "#texture" },
				"west": { "uv": [ 4.5, 13, 4.501, 15 ], "texture": "#texture" },
				"east": { "uv": [ 11.499, 13, 11.5, 15 ], "texture": "#texture" }
			}
		},
		{
			"__comment": "Box52",
			"from": [ 7, -8, 9 ],
			"to": [ 9, -6, 9.001 ],
			"faces": {
				"down": { "uv": [ 2, 11.499, 4, 11.5 ], "texture": "#texture" },
				"up": { "uv": [ 2, 4.5, 4, 4.500999 ], "texture": "#texture" },
				"north": { "uv": [ 5.25, 0, 0, 5.25 ], "texture": "#texture" },
				"south": { "uv": [ 0, 0, 5.25, 5.25 ], "texture": "#texture" },
				"west": { "uv": [ 4.5, 13, 4.501, 15 ], "texture": "#texture" },
				"east": { "uv": [ 11.499, 13, 11.5, 15 ], "texture": "#texture" }
			}
		},
		{
			"__comment": "Box52",
			"from": [ 10, -8, 9 ],
			"to": [ 12, -6, 9.001 ],
			"faces": {
				"down": { "uv": [ 2, 11.499, 4, 11.5 ], "texture": "#texture" },
				"up": { "uv": [ 2, 4.5, 4, 4.500999 ], "texture": "#texture" },
				"north": { "uv": [ 5.25, 0, 0, 5.25 ], "texture": "#texture" },
				"south": { "uv": [ 0, 0, 5.25, 5.25 ], "texture": "#texture" },
				"west": { "uv": [ 4.5, 13, 4.501, 15 ], "texture": "#texture" },
				"east": { "uv": [ 11.499, 13, 11.5, 15 ], "texture": "#texture" }
			}
		},
		{
			"__comment": "Box52",
			"from": [ 13, -8, 9 ],
			"to": [ 15, -6, 9.001 ],
			"faces": {
				"down": { "uv": [ 2, 11.499, 4, 11.5 ], "texture": "#texture" },
				"up": { "uv": [ 2, 4.5, 4, 4.500999 ], "texture": "#texture" },
				"north": { "uv": [ 5.25, 0, 0, 5.25 ], "texture": "#texture" },
				"south": { "uv": [ 0, 0, 5.25, 5.25 ], "texture": "#texture" },
				"west": { "uv": [ 4.5, 13, 4.501, 15 ], "texture": "#texture" },
				"east": { "uv": [ 11.499, 13, 11.5, 15 ], "texture": "#texture" }
			}
		},
		{
			"__comment": "Box52",
			"from": [ 16, -8, 9 ],
			"to": [ 18, -6, 9.001 ],
			"faces": {
				"down": { "uv": [ 2, 11.499, 4, 11.5 ], "texture": "#texture" },
				"up": { "uv": [ 2, 4.5, 4, 4.500999 ], "texture": "#texture" },
				"north": { "uv": [ 5.25, 0, 0, 5.25 ], "texture": "#texture" },
				"south": { "uv": [ 0, 0, 5.25, 5.25 ], "texture": "#texture" },
				"west": { "uv": [ 4.5, 13, 4.501, 15 ], "texture": "#texture" },
				"east": { "uv": [ 11.499, 13, 11.5, 15 ], "texture": "#texture" }
			}
		},
		{
			"__comment": "Box52",
			"from": [ 19, -8, 9 ],
			"to": [ 21, -6, 9.001 ],
			"faces": {
				"down": { "uv": [ 2, 11.499, 4, 11.5 ], "texture": "#texture" },
				"up": { "uv": [ 2, 4.5, 4, 4.500999 ], "texture": "#texture" },
				"north": { "uv": [ 5.25, 0, 0, 5.25 ], "texture": "#texture" },
				"south": { "uv": [ 0, 0, 5.25, 5.25 ], "texture": "#texture" },
				"west": { "uv": [ 4.5, 13, 4.501, 15 ], "texture": "#texture" },
				"east": { "uv": [ 11.499, 13, 11.5, 15 ], "texture": "#texture" }
			}
		},
		{
			"__comment": "Box52",
			"from": [ 22, -8, 9 ],
			"to": [ 24, -6, 9.001 ],
			"faces": {
				"down": { "uv": [ 2, 11.499, 4, 11.5 ], "texture": "#texture" },
				"up": { "uv": [ 2, 4.5, 4, 4.500999 ], "texture": "#texture" },
				"north": { "uv": [ 5.25, 0, 0, 5.25 ], "texture": "#texture" },
				"south": { "uv": [ 0, 0, 5.25, 5.25 ], "texture": "#texture" },
				"west": { "uv": [ 4.5, 13, 4.501, 15 ], "texture": "#texture" },
				"east": { "uv": [ 11.499, 13, 11.5, 15 ], "texture": "#texture" }
			}
		},
		{
			"__comment": "Box52",
			"from": [ 25, -8, 9 ],
			"to": [ 27, -6, 9.001 ],
			"faces": {
				"down": { "uv": [ 2, 11.499, 4, 11.5 ], "texture": "#texture" },
				"up": { "uv": [ 2, 4.5, 4, 4.500999 ], "texture": "#texture" },
				"north": { "uv": [ 5.25, 0, 0, 5.25 ], "texture": "#texture" },
				"south": { "uv": [ 0, 0, 5.25, 5.25 ], "texture": "#texture" },
				"west": { "uv": [ 4.5, 13, 4.501, 15 ], "texture": "#texture" },
				"east": { "uv": [ 11.499, 13, 11.5, 15 ], "texture": "#texture" }
			}
		},
		{
			"__comment": "Box52",
			"from": [ 28, -8, 9 ],
			"to": [ 30, -6, 9.001 ],
			"faces": {
				"down": { "uv": [ 2, 11.499, 4, 11.5 ], "texture": "#texture" },
				"up": { "uv": [ 2, 4.5, 4, 4.500999 ], "texture": "#texture" },
				"north": { "uv": [ 5.25, 0, 0, 5.25 ], "texture": "#texture" },
				"south": { "uv": [ 0, 0, 5.25, 5.25 ], "texture": "#texture" },
				"west": { "uv": [ 4.5, 13, 4.501, 15 ], "texture": "#texture" },
				"east": { "uv": [ 11.499, 13, 11.5, 15 ], "texture": "#texture" }
			}
		},
		{
			"__comment": "Box52",
			"from": [ 28, -5, 9 ],
			"to": [ 30, -3, 9.001 ],
			"faces": {
				"down": { "uv": [ 2, 11.499, 4, 11.5 ], "texture": "#texture" },
				"up": { "uv": [ 2, 4.5, 4, 4.500999 ], "texture": "#texture" },
				"north": { "uv": [ 5.25, 0, 0, 5.25 ], "texture": "#texture" },
				"south": { "uv": [ 0, 0, 5.25, 5.25 ], "texture": "#texture" },
				"west": { "uv": [ 4.5, 13, 4.501, 15 ], "texture": "#texture" },
				"east": { "uv": [ 11.499, 13, 11.5, 15 ], "texture": "#texture" }
			}
		},
		{
			"__comment": "Box52",
			"from": [ 25, -5, 9 ],
			"to": [ 27, -3, 9.001 ],
			"faces": {
				"down": { "uv": [ 2, 11.499, 4, 11.5 ], "texture": "#texture" },
				"up": { "uv": [ 2, 4.5, 4, 4.500999 ], "texture": "#texture" },
				"north": { "uv": [ 5.25, 0, 0, 5.25 ], "texture": "#texture" },
				"south": { "uv": [ 0, 0, 5.25, 5.25 ], "texture": "#texture" },
				"west": { "uv": [ 4.5, 13, 4.501, 15 ], "texture": "#texture" },
				"east": { "uv": [ 11.499, 13, 11.5, 15 ], "texture": "#texture" }
			}
		},
		{
			"__comment": "Box52",
			"from": [ 22, -5, 9 ],
			"to": [ 24, -3, 9.001 ],
			"faces": {
				"down": { "uv": [ 2, 11.499, 4, 11.5 ], "texture": "#texture" },
				"up": { "uv": [ 2, 4.5, 4, 4.500999 ], "texture": "#texture" },
				"north": { "uv": [ 5.25, 0, 0, 5.25 ], "texture": "#texture" },
				"south": { "uv": [ 0, 0, 5.25, 5.25 ], "texture": "#texture" },
				"west": { "uv": [ 4.5, 13, 4.501, 15 ], "texture": "#texture" },
				"east": { "uv": [ 11.499, 13, 11.5, 15 ], "texture": "#texture" }
			}
		},
		{
			"__comment": "Box52",
			"from": [ 19, -5, 9 ],
			"to": [ 21, -3, 9.001 ],
			"faces": {
				"down": { "uv": [ 2, 11.499, 4, 11.5 ], "texture": "#texture" },
				"up": { "uv": [ 2, 4.5, 4, 4.500999 ], "texture": "#texture" },
				"north": { "uv": [ 5.25, 0, 0, 5.25 ], "texture": "#texture" },
				"south": { "uv": [ 0, 0, 5.25, 5.25 ], "texture": "#texture" },
				"west": { "uv": [ 4.5, 13, 4.501, 15 ], "texture": "#texture" },
				"east": { "uv": [ 11.499, 13, 11.5, 15 ], "texture": "#texture" }
			}
		},
		{
			"__comment": "Box52",
			"from": [ 16, -5, 9 ],
			"to": [ 18, -3, 9.001 ],
			"faces": {
				"down": { "uv": [ 2, 11.499, 4, 11.5 ], "texture": "#texture" },
				"up": { "uv": [ 2, 4.5, 4, 4.500999 ], "texture": "#texture" },
				"north": { "uv": [ 5.25, 0, 0, 5.25 ], "texture": "#texture" },
				"south": { "uv": [ 0, 0, 5.25, 5.25 ], "texture": "#texture" },
				"west": { "uv": [ 4.5, 13, 4.501, 15 ], "texture": "#texture" },
				"east": { "uv": [ 11.499, 13, 11.5, 15 ], "texture": "#texture" }
			}
		},
		{
			"__comment": "Box52",
			"from": [ 13, -5, 9 ],
			"to": [ 15, -3, 9.001 ],
			"faces": {
				"down": { "uv": [ 2, 11.499, 4, 11.5 ], "texture": "#texture" },
				"up": { "uv": [ 2, 4.5, 4, 4.500999 ], "texture": "#texture" },
				"north": { "uv": [ 5.25, 0, 0, 5.25 ], "texture": "#texture" },
				"south": { "uv": [ 0, 0, 5.25, 5.25 ], "texture": "#texture" },
				"west": { "uv": [ 4.5, 13, 4.501, 15 ], "texture": "#texture" },
				"east": { "uv": [ 11.499, 13, 11.5, 15 ], "texture": "#texture" }
			}
		},
		{
			"__comment": "Box52",
			"from": [ 10, -5, 9 ],
			"to": [ 12, -3, 9.001 ],
			"faces": {
				"down": { "uv": [ 2, 11.499, 4, 11.5 ], "texture": "#texture" },
				"up": { "uv": [ 2, 4.5, 4, 4.500999 ], "texture": "#texture" },
				"north": { "uv": [ 5.25, 0, 0, 5.25 ], "texture": "#texture" },
				"south": { "uv": [ 0, 0, 5.25, 5.25 ], "texture": "#texture" },
				"west": { "uv": [ 4.5, 13, 4.501, 15 ], "texture": "#texture" },
				"east": { "uv": [ 11.499, 13, 11.5, 15 ], "texture": "#texture" }
			}
		},
		{
			"__comment": "Box52",
			"from": [ 7, -5, 9 ],
			"to": [ 9, -3, 9.001 ],
			"faces": {
				"down": { "uv": [ 2, 11.499, 4, 11.5 ], "texture": "#texture" },
				"up": { "uv": [ 2, 4.5, 4, 4.500999 ], "texture": "#texture" },
				"north": { "uv": [ 5.25, 0, 0, 5.25 ], "texture": "#texture" },
				"south": { "uv": [ 0, 0, 5.25, 5.25 ], "texture": "#texture" },
				"west": { "uv": [ 4.5, 13, 4.501, 15 ], "texture": "#texture" },
				"east": { "uv": [ 11.499, 13, 11.5, 15 ], "texture": "#texture" }
			}
		},
		{
			"__comment": "Box52",
			"from": [ 4, -5, 9 ],
			"to": [ 6, -3, 9.001 ],
			"faces": {
				"down": { "uv": [ 2, 11.499, 4, 11.5 ], "texture": "#texture" },
				"up": { "uv": [ 2, 4.5, 4, 4.500999 ], "texture": "#texture" },
				"north": { "uv": [ 5.25, 0, 0, 5.25 ], "texture": "#texture" },
				"south": { "uv": [ 0, 0, 5.25, 5.25 ], "texture": "#texture" },
				"west": { "uv": [ 4.5, 13, 4.501, 15 ], "texture": "#texture" },
				"east": { "uv": [ 11.499, 13, 11.5, 15 ], "texture": "#texture" }
			}
		},
		{
			"__comment": "Box52",
			"from": [ 1, -5, 9 ],
			"to": [ 3, -3, 9.001 ],
			"faces": {
				"down": { "uv": [ 2, 11.499, 4, 11.5 ], "texture": "#texture" },
				"up": { "uv": [ 2, 4.5, 4, 4.500999 ], "texture": "#texture" },
				"north": { "uv": [ 5.25, 0, 0, 5.25 ], "texture": "#texture" },
				"south": { "uv": [ 0, 0, 5.25, 5.25 ], "texture": "#texture" },
				"west": { "uv": [ 4.5, 13, 4.501, 15 ], "texture": "#texture" },
				"east": { "uv": [ 11.499, 13, 11.5, 15 ], "texture": "#texture" }
			}
		},
		{
			"__comment": "Box52",
			"from": [ -2, -5, 9 ],
			"to": [ 0, -3, 9.001 ],
			"faces": {
				"down": { "uv": [ 2, 11.499, 4, 11.5 ], "texture": "#texture" },
				"up": { "uv": [ 2, 4.5, 4, 4.500999 ], "texture": "#texture" },
				"north": { "uv": [ 5.25, 0, 0, 5.25 ], "texture": "#texture" },
				"south": { "uv": [ 0, 0, 5.25, 5.25 ], "texture": "#texture" },
				"west": { "uv": [ 4.5, 13, 4.501, 15 ], "texture": "#texture" },
				"east": { "uv": [ 11.499, 13, 11.5, 15 ], "texture": "#texture" }
			}
		},
		{
			"__comment": "Box52",
			"from": [ -5, -5, 9 ],
			"to": [ -3, -3, 9.001 ],
			"faces": {
				"down": { "uv": [ 2, 11.499, 4, 11.5 ], "texture": "#texture" },
				"up": { "uv": [ 2, 4.5, 4, 4.500999 ], "texture": "#texture" },
				"north": { "uv": [ 5.25, 0, 0, 5.25 ], "texture": "#texture" },
				"south": { "uv": [ 0, 0, 5.25, 5.25 ], "texture": "#texture" },
				"west": { "uv": [ 4.5, 13, 4.501, 15 ], "texture": "#texture" },
				"east": { "uv": [ 11.499, 13, 11.5, 15 ], "texture": "#texture" }
			}
		},
		{
			"__comment": "Box52",
			"from": [ -8, -5, 9 ],
			"to": [ -6, -3, 9.001 ],
			"faces": {
				"down": { "uv": [ 2, 11.499, 4, 11.5 ], "texture": "#texture" },
				"up": { "uv": [ 2, 4.5, 4, 4.500999 ], "texture": "#texture" },
				"north": { "uv": [ 5.25, 0, 0, 5.25 ], "texture": "#texture" },
				"south": { "uv": [ 0, 0, 5.25, 5.25 ], "texture": "#texture" },
				"west": { "uv": [ 4.5, 13, 4.501, 15 ], "texture": "#texture" },
				"east": { "uv": [ 11.499, 13, 11.5, 15 ], "texture": "#texture" }
			}
		}
	],
	"display": {
		"head": {
			"translation":  [ -80, 20, 7 ],
			"scale":  [ 3, 3, 3 ]
		}
	}
}