{
	"__comment": "Designed by twodice",
	"textures": {
		"texture": "items/wleh"
	},
	"elements": [ 	 
		{
			"__comment": "Box1",
			"from": [ -16, -16, 8.5 ],
			"to": [ 32, 32, 8.501 ],
			"faces": {
				"down": { "uv": [ 0, 7.499001, 16, 7.5 ], "texture": "#texture" },
				"up": { "uv": [ 0, 8.5, 16, 8.500999 ], "texture": "#texture" },
				"north": { "uv": [ 8, 0, 12, 4 ], "texture": "#texture" },
				"south": { "uv": [ 12, 0, 8, 4 ], "texture": "#texture" },
				"west": { "uv": [ 0, 12, 4, 16 ], "texture": "#texture" },
				"east": { "uv": [ 7.499, 0, 7.5, 16 ], "texture": "#texture" }
			}
		}
	],
	"display": {
		"gui": {
			"scale":  [ 0.3, 0.3, 0.3 ]
		},
		"head": {
			"rotation":  [ 0, 90, 0 ],
			"translation":  [ 9, 15, 24 ],
			"scale":  [ 4, 4, 4 ]
		}
	}
}