{
	"__comment": "Designed by EATSTEAK with Cubik Studio - https://cubik.studio",
	"textures": {
		"particle": "items/particle",
		"vip_hair": "items/vip_hair"
	},
	"elements": [ 	 
		{
			"__comment": "Box2",
			"from": [ 6.0625, 0, 4 ],
			"to": [ 11.0625, 1, 5.625 ],
			"faces": {
				"down": { "uv": [ 6, 15, 10.5, 16 ], "texture": "#vip_hair" },
				"up": { "uv": [ 6, 15.999, 10.5, 14.999 ], "texture": "#vip_hair" },
				"north": { "uv": [ 10.5, 14.999, 6, 16 ], "texture": "#vip_hair" },
				"south": { "uv": [ 6, 14.999, 10.5, 16 ], "texture": "#vip_hair" },
				"west": { "uv": [ 6, 14.999, 7, 16 ], "texture": "#vip_hair" },
				"east": { "uv": [ 10.5, 14.999, 9.5, 16 ], "texture": "#vip_hair" }
			}
		},
		{
			"__comment": "Box2",
			"from": [ 8.25, 1, 4 ],
			"to": [ 10.5, 1.4375, 5 ],
			"faces": {
				"down": { "uv": [ 6, 15, 8, 16 ], "texture": "#vip_hair" },
				"up": { "uv": [ 6, 15.999, 8, 14.999 ], "texture": "#vip_hair" },
				"north": { "uv": [ 8, 14.999, 6, 16 ], "texture": "#vip_hair" },
				"south": { "uv": [ 6, 14.999, 8, 16 ], "texture": "#vip_hair" },
				"west": { "uv": [ 6, 14.999, 7, 16 ], "texture": "#vip_hair" },
				"east": { "uv": [ 8, 14.999, 7, 16 ], "texture": "#vip_hair" }
			}
		}
	],
	"display": {
		"head": {
			"translation":  [ 0, 20.7, 0 ],
			"scale":  [ 1.75, 1.75, 1.75 ]
		}
	}
}