{
	"__comment": "Designed by twodice",
	"textures": {
		"particle": "items/pic4",
		"texture": "items/fr1"
	},
	"elements": [ 	 
		{
			"__comment": "Box1",
			"from": [ -11, -4, 7 ],
			"to": [ -10, 23, 8 ],
			"faces": {
				"down": { "uv": [ 7, 8, 8, 9 ], "texture": "#texture" },
				"up": { "uv": [ 7, 7, 8, 8 ], "texture": "#texture" },
				"north": { "uv": [ 8, 0, 9, 16 ], "texture": "#texture" },
				"south": { "uv": [ 7, 0, 8, 16 ], "texture": "#texture" },
				"west": { "uv": [ 7, 0, 8, 16 ], "texture": "#texture" },
				"east": { "uv": [ 8, 0, 9, 16 ], "texture": "#texture" }
			}
		},
		{
			"__comment": "Box3",
			"from": [ -10.25, -6.75, 7.5 ],
			"to": [ 22.25, 25.75, 7.501 ],
			"faces": {
				"down": { "uv": [ 0, 0, 2.5, 1.5 ], "texture": "#particle" },
				"up": { "uv": [ 0, 0, 2.5, 1.5 ], "texture": "#particle" },
				"north": { "uv": [ 0, 0, 16, 16 ], "texture": "#particle" },
				"south": { "uv": [ 16, 0, 0, 16 ], "texture": "#particle" },
				"west": { "uv": [ 0, 0, 2.5, 1.5 ], "texture": "#particle" },
				"east": { "uv": [ 0, 0, 2.5, 1.5 ], "texture": "#particle" }
			}
		},
		{
			"__comment": "Box1",
			"from": [ 22, -4, 7 ],
			"to": [ 23, 23, 8 ],
			"faces": {
				"down": { "uv": [ 8, 8, 9, 9 ], "texture": "#texture" },
				"up": { "uv": [ 8, 7, 9, 8 ], "texture": "#texture" },
				"north": { "uv": [ 7, 0, 8, 16 ], "texture": "#texture" },
				"south": { "uv": [ 8, 0, 9, 16 ], "texture": "#texture" },
				"west": { "uv": [ 7, 0, 8, 16 ], "texture": "#texture" },
				"east": { "uv": [ 8, 0, 9, 16 ], "texture": "#texture" }
			}
		},
		{
			"__comment": "Box1",
			"from": [ -10, 22, 7 ],
			"to": [ 22, 23, 8 ],
			"faces": {
				"down": { "uv": [ 0, 8, 16, 9 ], "texture": "#texture" },
				"up": { "uv": [ 0, 7, 16, 8 ], "texture": "#texture" },
				"north": { "uv": [ 0, 9, 16, 10 ], "texture": "#texture" },
				"south": { "uv": [ 0, 9, 16, 10 ], "texture": "#texture" },
				"west": { "uv": [ 7, 9, 8, 10 ], "texture": "#texture" },
				"east": { "uv": [ 8, 9, 9, 10 ], "texture": "#texture" }
			}
		},
		{
			"__comment": "Box1",
			"from": [ -10, -4, 7 ],
			"to": [ 22, -3, 8 ],
			"faces": {
				"down": { "uv": [ 0, 8, 16, 9 ], "texture": "#texture" },
				"up": { "uv": [ 0, 7, 16, 8 ], "texture": "#texture" },
				"north": { "uv": [ 0, 4.5, 16, 5.5 ], "texture": "#texture" },
				"south": { "uv": [ 0, 4.5, 16, 5.5 ], "texture": "#texture" },
				"west": { "uv": [ 7, 4.5, 8, 5.5 ], "texture": "#texture" },
				"east": { "uv": [ 8, 4.5, 9, 5.5 ], "texture": "#texture" }
			}
		}
	],
	"display": {
		"head": {
			"translation":  [ 15, 80, 13 ],
			"scale":  [ 4, 4, 4 ]
		}
	}
}