{
	"__comment": "Designed by twodice",
	"textures": {
		"texture": "items/anrndghk"
	},
	"elements": [ 	 
		{
			"__comment": "Box1",
			"from": [ -16, -16, 8 ],
			"to": [ 32, 32, 8.001 ],
			"faces": {
				"down": { "uv": [ 0, 7.999001, 16, 8 ], "texture": "#texture" },
				"up": { "uv": [ 0, 8, 16, 8.000999 ], "texture": "#texture" },
				"north": { "uv": [ 2.75, 2.625, 13.5, 12.875 ], "texture": "#texture" },
				"south": { "uv": [ 13.5, 2.625, 2.75, 12.875 ], "texture": "#texture" },
				"west": { "uv": [ 8, 0, 8.001, 16 ], "texture": "#texture" },
				"east": { "uv": [ 7.999, 0, 8, 16 ], "texture": "#texture" }
			}
		}
	],
	"display": {
		"head": {
			"translation":  [ -15, 40, 6 ],
			"scale":  [ 2.5, 2.5, 2.5 ]
		},
		"fixed": {
			"translation":  [ -18.52, 10, 0 ],
			"scale":  [ 3.3, 3.3, 3.3 ]
		}
	}
}