{
	"__comment": "Designed by EATSTEAK with Cubik Studio - https://cubik.studio",
	"textures": {
		"particle": "items/particle",
		"airforce_body": "items/airforce_body",
		"airforce_cap": "items/airforce_cap"
	},
	"elements": [ 	 
		{
			"__comment": "Box1",
			"from": [ 4.5, 7.25, 4.5 ],
			"to": [ 11.5, 8.75, 11.5 ],
			"faces": {
				"down": { "uv": [ 4.5, 10.5, 5.5, 11.5 ], "texture": "#airforce_body", "rotation": 270 },
				"up": { "uv": [ 4.5, 13.5, 11.5, 12.5 ], "texture": "#airforce_body", "rotation": 90 },
				"north": { "uv": [ 4, 13, 14, 16 ], "texture": "#airforce_body" },
				"south": { "uv": [ 3.5, 0, 13, 2.5 ], "texture": "#airforce_body" },
				"west": { "uv": [ 4.5, 11, 11.5, 14 ], "texture": "#airforce_body" },
				"east": { "uv": [ 11.5, 11, 4.5, 14 ], "texture": "#airforce_body" }
			}
		},
		{
			"__comment": "Box1",
			"from": [ 4.25, 8.75, 4.25 ],
			"to": [ 11.75, 9.5, 11.75 ],
			"faces": {
				"down": { "uv": [ 4.25, 4.25, 11.75, 11.75 ], "texture": "#airforce_body" },
				"up": { "uv": [ 0, 0, 8.5, 8 ], "texture": "#airforce_body" },
				"north": { "uv": [ 4.25, 6.5, 11.75, 7.25 ], "texture": "#airforce_body" },
				"south": { "uv": [ 4.25, 6.5, 11.75, 7.25 ], "texture": "#airforce_body" },
				"west": { "uv": [ 4.25, 6.5, 11.75, 7.25 ], "texture": "#airforce_body" },
				"east": { "uv": [ 4.25, 6.5, 11.75, 7.25 ], "texture": "#airforce_body" }
			}
		},
		{
			"__comment": "Box1",
			"from": [ 4.5, 7.5, 2.5 ],
			"to": [ 11.5, 7.75, 4.5 ],
			"faces": {
				"down": { "uv": [ 0, 7, 16, 2.5 ], "texture": "#airforce_cap" },
				"up": { "uv": [ 0, 2.5, 16, 7 ], "texture": "#airforce_cap" },
				"north": { "uv": [ 16, 2.5, 0, 1.5 ], "texture": "#airforce_cap" },
				"south": { "uv": [ 0, 6.5, 16, 7.5 ], "texture": "#airforce_cap" },
				"west": { "uv": [ 0, 8, 1, 12.5 ], "texture": "#airforce_cap", "rotation": 270 },
				"east": { "uv": [ 16, 8, 15, 12.5 ], "texture": "#airforce_cap", "rotation": 90 }
			}
		},
		{
			"__comment": "Box4",
			"from": [ 4.375, 7.875, 4.625 ],
			"to": [ 4.501, 8.125, 4.876 ],
			"faces": {
				"down": { "uv": [ 4.5, 12.5, 4.626, 12.751 ], "texture": "#airforce_body" },
				"up": { "uv": [ 4.5, 12.5, 4.626, 12.751 ], "texture": "#airforce_body" },
				"north": { "uv": [ 4.5, 12.5, 4.626, 12.75 ], "texture": "#airforce_body" },
				"south": { "uv": [ 4.5, 12.5, 4.626, 12.75 ], "texture": "#airforce_body" },
				"west": { "uv": [ 4.5, 12.5, 4.751, 12.75 ], "texture": "#airforce_body" },
				"east": { "uv": [ 4.5, 12.5, 4.751, 12.75 ], "texture": "#airforce_body" }
			}
		},
		{
			"__comment": "Box4",
			"from": [ 11.5, 7.875, 4.625 ],
			"to": [ 11.626, 8.125, 4.876 ],
			"faces": {
				"down": { "uv": [ 4.5, 12.5, 4.626, 12.751 ], "texture": "#airforce_body" },
				"up": { "uv": [ 4.5, 12.5, 4.626, 12.751 ], "texture": "#airforce_body" },
				"north": { "uv": [ 4.5, 12.5, 4.626, 12.75 ], "texture": "#airforce_body" },
				"south": { "uv": [ 4.5, 12.5, 4.626, 12.75 ], "texture": "#airforce_body" },
				"west": { "uv": [ 4.5, 12.5, 4.751, 12.75 ], "texture": "#airforce_body" },
				"east": { "uv": [ 4.5, 12.5, 4.751, 12.75 ], "texture": "#airforce_body" }
			}
		},
		{
			"__comment": "Box4",
			"from": [ 4.5, 8.625, 4.375 ],
			"to": [ 11.501, 8.75, 4.501 ],
			"faces": {
				"down": { "uv": [ 4.5, 12.5, 4.626, 12.751 ], "texture": "#airforce_body" },
				"up": { "uv": [ 4.5, 12.5, 4.626, 12.751 ], "texture": "#airforce_body" },
				"north": { "uv": [ 4.5, 12.5, 4.626, 12.75 ], "texture": "#airforce_body" },
				"south": { "uv": [ 4.5, 12.5, 4.626, 12.75 ], "texture": "#airforce_body" },
				"west": { "uv": [ 4.5, 12.5, 4.751, 12.75 ], "texture": "#airforce_body" },
				"east": { "uv": [ 4.5, 12.5, 4.751, 12.75 ], "texture": "#airforce_body" }
			}
		}
	],
	"display": {
		"head": {
			"translation":  [ 0, 6.5, 0 ],
			"scale":  [ 2, 2, 2 ]
		}
	}
}