{
	"__comment": "Designed by GoldBigDragon with Cubik Studio - https://cubik.studio",
	"textures": {
		"t": "items/t"
	},
	"elements": [ 	 
		{
			"__comment": "desk",
			"from": [ 1, 3, -0.5 ],
			"to": [ 14, 12.5, 4.5 ],
			"faces": {
				"down": { "uv": [ 8, 0, 8.25, 0.25 ], "texture": "#t" },
				"up": { "uv": [ 8, 0, 8.25, 0.25 ], "texture": "#t" },
				"north": { "uv": [ 8, 0, 8.25, 0.25 ], "texture": "#t" },
				"south": { "uv": [ 8, 0, 8.25, 0.25 ], "texture": "#t" },
				"west": { "uv": [ 0, 8, 4, 16 ], "texture": "#t" },
				"east": { "uv": [ 4, 8, 8, 16 ], "texture": "#t" }
			}
		},
		{
			"__comment": "desk",
			"from": [ 3, 3, 5.5 ],
			"to": [ 12, 4, 10.5 ],
			"faces": {
				"down": { "uv": [ 8, 0, 8.25, 0.25 ], "texture": "#t" },
				"up": { "uv": [ 8, 0.25, 8.25, 0.5 ], "texture": "#t" },
				"north": { "uv": [ 8, 0.25, 8.25, 0.5 ], "texture": "#t" },
				"south": { "uv": [ 8, 0, 8.25, 0.25 ], "texture": "#t" },
				"west": { "uv": [ 8, 0, 8.25, 0.25 ], "texture": "#t" },
				"east": { "uv": [ 8, 0, 8.25, 0.25 ], "texture": "#t" }
			}
		},
		{
			"__comment": "desk",
			"from": [ 6, 4, 6.25 ],
			"to": [ 9, 8, 7.25 ],
			"rotation": { "origin": [ 6, 4, 6.25 ], "axis": "x", "angle": 45 },
			"faces": {
				"down": { "uv": [ 8, 0, 8.25, 0.25 ], "texture": "#t" },
				"up": { "uv": [ 8, 0.25, 8.25, 0.5 ], "texture": "#t" },
				"north": { "uv": [ 8, 0, 8.25, 0.25 ], "texture": "#t" },
				"south": { "uv": [ 8, 0.25, 8.25, 0.5 ], "texture": "#t" },
				"west": { "uv": [ 8, 0, 8.25, 0.25 ], "texture": "#t" },
				"east": { "uv": [ 8, 0, 8.25, 0.25 ], "texture": "#t" }
			}
		},
		{
			"__comment": "desk",
			"from": [ 0.5, 4.5, 9.5 ],
			"to": [ 14.5, 14, 10 ],
			"faces": {
				"down": { "uv": [ 8, 0.5, 8.25, 0.75 ], "texture": "#t" },
				"up": { "uv": [ 8, 0.5, 8.25, 0.75 ], "texture": "#t" },
				"north": { "uv": [ 0, 8.25, 0.6875, 8.9375 ], "texture": "#t" },
				"south": { "uv": [ 0, 8.25, 0.6875, 8.9375 ], "texture": "#t" },
				"west": { "uv": [ 8, 0.5, 8.25, 0.75 ], "texture": "#t" },
				"east": { "uv": [ 8, 0.5, 8.25, 0.75 ], "texture": "#t" }
			}
		},
		{
			"__comment": "desk",
			"from": [ 3.5, 4.6913, 9.0381 ],
			"to": [ 11.5, 11.1913, 9.5381 ],
			"faces": {
				"down": { "uv": [ 8, 0.25, 8.25, 0.5 ], "texture": "#t" },
				"up": { "uv": [ 8, 0.25, 8.25, 0.5 ], "texture": "#t" },
				"north": { "uv": [ 8, 0.25, 8.25, 0.5 ], "texture": "#t" },
				"south": { "uv": [ 8, 0.5, 8.25, 0.75 ], "texture": "#t" },
				"west": { "uv": [ 8, 0.25, 8.25, 0.5 ], "texture": "#t" },
				"east": { "uv": [ 8, 0.25, 8.25, 0.5 ], "texture": "#t" }
			}
		},
		{
			"__comment": "desk",
			"from": [ 1, 3, 11.5 ],
			"to": [ 11, 3.5, 15.5 ],
			"faces": {
				"down": { "uv": [ 8, 0.25, 8.25, 0.5 ], "texture": "#t" },
				"up": { "uv": [ 4.875, 1.75, 7.75, 2.75 ], "texture": "#t" },
				"north": { "uv": [ 8, 0.25, 8.25, 0.5 ], "texture": "#t" },
				"south": { "uv": [ 8, 0.25, 8.25, 0.5 ], "texture": "#t" },
				"west": { "uv": [ 8, 0.25, 8.25, 0.5 ], "texture": "#t" },
				"east": { "uv": [ 8, 0.25, 8.25, 0.5 ], "texture": "#t" }
			}
		},
		{
			"__comment": "desk",
			"from": [ 13, 3.375, 12 ],
			"to": [ 14.5, 4.375, 15 ],
			"faces": {
				"down": { "uv": [ 8, 0.5, 8.25, 0.75 ], "texture": "#t" },
				"up": { "uv": [ 8, 0.5, 8.25, 0.75 ], "texture": "#t" },
				"north": { "uv": [ 8, 0.5, 8.25, 0.75 ], "texture": "#t" },
				"south": { "uv": [ 8, 0.25, 8.25, 0.5 ], "texture": "#t" },
				"west": { "uv": [ 8, 0.25, 8.25, 0.5 ], "texture": "#t" },
				"east": { "uv": [ 8, 0.25, 8.25, 0.5 ], "texture": "#t" }
			}
		},
		{
			"__comment": "desk",
			"from": [ 11.5, 3, 11 ],
			"to": [ 16.5, 3.5, 16 ],
			"faces": {
				"down": { "uv": [ 8, 0, 8.25, 0.25 ], "texture": "#t" },
				"up": { "uv": [ 8, 0, 8.25, 0.25 ], "texture": "#t" },
				"north": { "uv": [ 8, 0, 8.25, 0.25 ], "texture": "#t" },
				"south": { "uv": [ 8, 0, 8.25, 0.25 ], "texture": "#t" },
				"west": { "uv": [ 8, 0, 8.25, 0.25 ], "texture": "#t" },
				"east": { "uv": [ 8, 0, 8.25, 0.25 ], "texture": "#t" }
			}
		},
		{
			"__comment": "desk",
			"from": [ 13.625, 4.375, 12.25 ],
			"to": [ 13.875, 4.5, 12.75 ],
			"faces": {
				"down": { "uv": [ 8.25, 0.25, 8.5, 0.5 ], "texture": "#t" },
				"up": { "uv": [ 8.25, 0.25, 8.5, 0.5 ], "texture": "#t" },
				"north": { "uv": [ 8.25, 0.25, 8.5, 0.5 ], "texture": "#t" },
				"south": { "uv": [ 8.25, 0.25, 8.5, 0.5 ], "texture": "#t" },
				"west": { "uv": [ 8.25, 0.25, 8.5, 0.5 ], "texture": "#t" },
				"east": { "uv": [ 8.25, 0.25, 8.5, 0.5 ], "texture": "#t" }
			}
		}
	],
	"display": {
		"thirdperson_righthand": {
			"scale":  [ 0.0001, 0.0001, 0.0001 ]
		},
		"thirdperson_lefthand": {
			"scale":  [ 0.0001, 0.0001, 0.0001 ]
		},
		"firstperson_righthand": {
			"rotation":  [ 9, 0, 0 ],
			"translation":  [ -9, 4, 4 ]
		},
		"firstperson_lefthand": {
			"rotation":  [ 9, 0, 0 ],
			"translation":  [ -9, 4, 4 ]
		},
		"head": {
			"rotation":  [ 0, -90, 0 ],
			"translation":  [ 10, -31, 0 ],
			"scale":  [ 2.5, 2.5, 2.5 ]
		},
		"ground": {
			"translation":  [ 0, 16, 4 ],
			"scale":  [ 0.5, 0.5, 0.5 ]
		},
		"fixed": {
			"rotation":  [ 0, -180, 0 ],
			"translation":  [ 0, 4, -10 ],
			"scale":  [ 0.5, 0.5, 0.5 ]
		}
	}
}