{
	"__comment": "Designed by twodice",
	"textures": {
		"particle": "items/wnddkdqkddur",
		"texture": "items/wood1"
	},
	"elements": [ 	 
		{
			"__comment": "Box1",
			"from": [ 2, 7, 6 ],
			"to": [ 14, 10, 7 ],
			"faces": {
				"down": { "uv": [ 2, 9, 14, 10 ], "texture": "#texture" },
				"up": { "uv": [ 2, 6, 14, 7 ], "texture": "#texture" },
				"north": { "uv": [ 2, 6, 14, 9 ], "texture": "#texture" },
				"south": { "uv": [ 2, 6, 14, 9 ], "texture": "#texture" },
				"west": { "uv": [ 6, 6, 7, 9 ], "texture": "#texture" },
				"east": { "uv": [ 9, 6, 10, 9 ], "texture": "#texture" }
			}
		},
		{
			"__comment": "Box1",
			"from": [ 5, 10, 6 ],
			"to": [ 11, 11, 7 ],
			"faces": {
				"down": { "uv": [ 5, 9, 11, 10 ], "texture": "#texture" },
				"up": { "uv": [ 5, 6, 11, 7 ], "texture": "#texture" },
				"north": { "uv": [ 5, 5, 11, 6 ], "texture": "#texture" },
				"south": { "uv": [ 5, 5, 11, 6 ], "texture": "#texture" },
				"west": { "uv": [ 6, 5, 7, 6 ], "texture": "#texture" },
				"east": { "uv": [ 9, 5, 10, 6 ], "texture": "#texture" }
			}
		},
		{
			"__comment": "Box1",
			"from": [ 3, 7, 7 ],
			"to": [ 13, 8, 14 ],
			"faces": {
				"down": { "uv": [ 3, 2, 13, 9 ], "texture": "#texture" },
				"up": { "uv": [ 3, 7, 13, 14 ], "texture": "#texture" },
				"north": { "uv": [ 3, 8, 13, 9 ], "texture": "#texture" },
				"south": { "uv": [ 3, 8, 13, 9 ], "texture": "#texture" },
				"west": { "uv": [ 7, 8, 14, 9 ], "texture": "#texture" },
				"east": { "uv": [ 2, 8, 9, 9 ], "texture": "#texture" }
			}
		},
		{
			"__comment": "Box1",
			"from": [ 2, 7, 7 ],
			"to": [ 3, 10, 14 ],
			"faces": {
				"down": { "uv": [ 2, 2, 3, 9 ], "texture": "#texture" },
				"up": { "uv": [ 2, 7, 3, 14 ], "texture": "#texture" },
				"north": { "uv": [ 13, 6, 14, 9 ], "texture": "#texture" },
				"south": { "uv": [ 2, 6, 3, 9 ], "texture": "#texture" },
				"west": { "uv": [ 7, 6, 14, 9 ], "texture": "#texture" },
				"east": { "uv": [ 2, 6, 9, 9 ], "texture": "#texture" }
			}
		},
		{
			"__comment": "Box1",
			"from": [ 13, 7, 7 ],
			"to": [ 14, 10, 14 ],
			"faces": {
				"down": { "uv": [ 13, 2, 14, 9 ], "texture": "#texture" },
				"up": { "uv": [ 13, 7, 14, 14 ], "texture": "#texture" },
				"north": { "uv": [ 2, 6, 3, 9 ], "texture": "#texture" },
				"south": { "uv": [ 13, 6, 14, 9 ], "texture": "#texture" },
				"west": { "uv": [ 7, 6, 14, 9 ], "texture": "#texture" },
				"east": { "uv": [ 2, 6, 9, 9 ], "texture": "#texture" }
			}
		},
		{
			"__comment": "Box1",
			"from": [ 3, 3.5, 7 ],
			"to": [ 13, 7, 14 ],
			"faces": {
				"down": { "uv": [ 3, 2, 13, 9 ], "texture": "#texture" },
				"up": { "uv": [ 3, 7, 13, 14 ], "texture": "#texture" },
				"north": { "uv": [ 3, 9, 13, 12.5 ], "texture": "#texture" },
				"south": { "uv": [ 3, 9, 13, 12.5 ], "texture": "#texture" },
				"west": { "uv": [ 7, 9, 14, 12.5 ], "texture": "#texture" },
				"east": { "uv": [ 2, 9, 9, 12.5 ], "texture": "#texture" }
			}
		},
		{
			"__comment": "Box1",
			"from": [ 3.5, -5.5, 7 ],
			"to": [ 12.5, 3.5, 14 ],
			"faces": {
				"down": { "uv": [ 3.5, 2, 12.5, 9 ], "texture": "#texture" },
				"up": { "uv": [ 3.5, 7, 12.5, 14 ], "texture": "#texture" },
				"north": { "uv": [ 3.5, 12.5, 12.5, 16 ], "texture": "#texture" },
				"south": { "uv": [ 3.5, 12.5, 12.5, 16 ], "texture": "#texture" },
				"west": { "uv": [ 7, 12.5, 14, 16 ], "texture": "#texture" },
				"east": { "uv": [ 2, 12.5, 9, 16 ], "texture": "#texture" }
			}
		},
		{
			"__comment": "Box8",
			"from": [ 4.875, 7.25, 5.875 ],
			"to": [ 10.875, 9.75, 5.876 ],
			"faces": {
				"down": { "uv": [ 4.5, 10, 11, 10.5 ], "texture": "#particle" },
				"up": { "uv": [ 4.5, 5.5, 11, 6 ], "texture": "#particle" },
				"north": { "uv": [ 0, 4.5, 16, 11.5 ], "texture": "#particle" },
				"south": { "uv": [ 0, 4.5, 16, 11.5 ], "texture": "#particle" },
				"west": { "uv": [ 5.5, 6, 6, 9 ], "texture": "#particle" },
				"east": { "uv": [ 10, 6, 10.5, 9 ], "texture": "#particle" }
			}
		},
		{
			"__comment": "Box9",
			"from": [ 7.5, 8.5, 7 ],
			"to": [ 8, 12, 7.5 ],
			"rotation": { "origin": [ 7.5, 8.5, 7 ], "axis": "x", "angle": 22.5 },
			"faces": {
				"down": { "uv": [ 2.5, 12.75, 3, 13.25 ], "texture": "#particle" },
				"up": { "uv": [ 2.5, 12.75, 3, 13.25 ], "texture": "#particle" },
				"north": { "uv": [ 2.5, 12.75, 3, 13.25 ], "texture": "#particle" },
				"south": { "uv": [ 2.5, 12.75, 3, 13.25 ], "texture": "#particle" },
				"west": { "uv": [ 2.5, 12.75, 3, 13.25 ], "texture": "#particle" },
				"east": { "uv": [ 2.5, 12.75, 3, 13.25 ], "texture": "#particle" }
			}
		},
		{
			"__comment": "Box9",
			"from": [ 7.25, 11.5, 8 ],
			"to": [ 8.25, 13, 9 ],
			"rotation": { "origin": [ 7.25, 11.5, 8 ], "axis": "x", "angle": 22.5 },
			"faces": {
				"down": { "uv": [ 2.375, 12.5, 3.125, 13.375 ], "texture": "#particle" },
				"up": { "uv": [ 2.375, 12.5625, 3.125, 13.4375 ], "texture": "#particle" },
				"north": { "uv": [ 2.375, 12.5625, 3.125, 13.625 ], "texture": "#particle" },
				"south": { "uv": [ 2.375, 12.5625, 3.125, 13.625 ], "texture": "#particle" },
				"west": { "uv": [ 2.375, 12.5625, 3.125, 13.625 ], "texture": "#particle" },
				"east": { "uv": [ 2.375, 12.5625, 3.125, 13.625 ], "texture": "#particle" }
			}
		},
		{
			"__comment": "Box9",
			"from": [ 6.5, 3.5, 6.875 ],
			"to": [ 7, 5.5, 7.375 ],
			"rotation": { "origin": [ 6.5, 3.5, 6.875 ], "axis": "x", "angle": 0 },
			"faces": {
				"down": { "uv": [ 2.5, 12.75, 3, 13.25 ], "texture": "#particle" },
				"up": { "uv": [ 2.5, 12.75, 3, 13.25 ], "texture": "#particle" },
				"north": { "uv": [ 2.5, 12.75, 3, 13.25 ], "texture": "#particle" },
				"south": { "uv": [ 2.5, 12.75, 3, 13.25 ], "texture": "#particle" },
				"west": { "uv": [ 2.5, 12.75, 3, 13.25 ], "texture": "#particle" },
				"east": { "uv": [ 2.5, 12.75, 3, 13.25 ], "texture": "#particle" }
			}
		},
		{
			"__comment": "Box9",
			"from": [ 7.5, 3.5, 6.875 ],
			"to": [ 8, 5.5, 7.375 ],
			"faces": {
				"down": { "uv": [ 2.5, 12.75, 3, 13.25 ], "texture": "#particle" },
				"up": { "uv": [ 2.5, 12.75, 3, 13.25 ], "texture": "#particle" },
				"north": { "uv": [ 2.5, 12.75, 3, 13.25 ], "texture": "#particle" },
				"south": { "uv": [ 2.5, 12.75, 3, 13.25 ], "texture": "#particle" },
				"west": { "uv": [ 2.5, 12.75, 3, 13.25 ], "texture": "#particle" },
				"east": { "uv": [ 2.5, 12.75, 3, 13.25 ], "texture": "#particle" }
			}
		},
		{
			"__comment": "Box9",
			"from": [ 8.5, 3.5, 6.875 ],
			"to": [ 9, 5.5, 7.375 ],
			"faces": {
				"down": { "uv": [ 2.5, 12.75, 3, 13.25 ], "texture": "#particle" },
				"up": { "uv": [ 2.5, 12.75, 3, 13.25 ], "texture": "#particle" },
				"north": { "uv": [ 2.5, 12.75, 3, 13.25 ], "texture": "#particle" },
				"south": { "uv": [ 2.5, 12.75, 3, 13.25 ], "texture": "#particle" },
				"west": { "uv": [ 2.5, 12.75, 3, 13.25 ], "texture": "#particle" },
				"east": { "uv": [ 2.5, 12.75, 3, 13.25 ], "texture": "#particle" }
			}
		}
	],
	"display": {
		"gui": {
			"rotation":  [ 0, 180, 0 ],
			"scale":  [ 0.5, 0.5, 0.5 ]
		},
		"head": {
			"translation":  [ 0, -6, 0 ],
			"scale":  [ 3, 3, 3 ]
		}
	}
}