{
	"__comment": "Designed by twodice",
	"textures": {
		"particle": "items/ball1",
		"texture": "items/stst",
		"texture1": "items/stst1",
		"texture2": "items/stst3"
	},
	"elements": [ 	 
		{
			"__comment": "Box3",
			"from": [ -10, -10.5, 16.5 ],
			"to": [ -3.52, -6.179998, 27.3 ],
			"faces": {
				"down": { "uv": [ 9.5, 11, 13.5, 13 ], "texture": "#texture1" },
				"up": { "uv": [ 9.5, 11, 13.5, 13 ], "texture": "#texture1" },
				"north": { "uv": [ 9.5, 11, 13.5, 13 ], "texture": "#texture1" },
				"south": { "uv": [ 9.5, 11, 13.5, 13 ], "texture": "#texture1" },
				"west": { "uv": [ 9.5, 11, 13.5, 13 ], "texture": "#texture1" },
				"east": { "uv": [ 9.5, 11, 13.5, 13 ], "texture": "#texture1" }
			}
		},
		{
			"__comment": "Box3",
			"from": [ -10.1, -10.265, -9.105 ],
			"to": [ -3.619999, -5.944997, 1.695001 ],
			"faces": {
				"down": { "uv": [ 9.5, 11, 13.5, 13 ], "texture": "#texture1" },
				"up": { "uv": [ 9.5, 11, 13.5, 13 ], "texture": "#texture1" },
				"north": { "uv": [ 9.5, 11, 13.5, 13 ], "texture": "#texture1" },
				"south": { "uv": [ 9.5, 11, 13.5, 13 ], "texture": "#texture1" },
				"west": { "uv": [ 9.5, 11, 13.5, 13 ], "texture": "#texture1" },
				"east": { "uv": [ 9.5, 11, 13.5, 13 ], "texture": "#texture1" }
			}
		},
		{
			"__comment": "Box3",
			"from": [ 18.8, -10.5, -8.88 ],
			"to": [ 25.28, -6.179998, 1.92 ],
			"faces": {
				"down": { "uv": [ 9.5625, 15, 12.5625, 16 ], "texture": "#texture1" },
				"up": { "uv": [ 9.5, 11, 13.5, 13 ], "texture": "#texture1" },
				"north": { "uv": [ 9.5, 11, 13.5, 13 ], "texture": "#texture1" },
				"south": { "uv": [ 9.5, 11, 13.5, 13 ], "texture": "#texture1" },
				"west": { "uv": [ 9.5, 11, 13.5, 13 ], "texture": "#texture1" },
				"east": { "uv": [ 9.5, 11, 13.5, 13 ], "texture": "#texture1" }
			}
		},
		{
			"__comment": "Box3",
			"from": [ 18.62, -10.5, 16.5 ],
			"to": [ 25.1, -6.179998, 27.3 ],
			"faces": {
				"down": { "uv": [ 10, 3.25, 13, 8.25 ], "texture": "#texture1" },
				"up": { "uv": [ 10, 7.75, 13, 12.75 ], "texture": "#texture1" },
				"north": { "uv": [ 4, 8.5, 8, 10.5 ], "texture": "#texture1" },
				"south": { "uv": [ 4, 8.5, 8, 10.5 ], "texture": "#texture1" },
				"west": { "uv": [ 4, 8.5, 8, 10.5 ], "texture": "#texture1" },
				"east": { "uv": [ 4, 8.5, 8, 10.5 ], "texture": "#texture1" }
			}
		},
		{
			"__comment": "Box3",
			"from": [ -9.965, -6.215, -6.135 ],
			"to": [ -3.485, 14.305, 1.425001 ],
			"rotation": { "origin": [ -9.965, -6.215, -6.135001 ], "axis": "x", "angle": 22.5 },
			"faces": {
				"down": { "uv": [ 3.5, 15.5, 6.5, 16 ], "texture": "#texture1" },
				"up": { "uv": [ 3.5, 0, 6.5, 0.5 ], "texture": "#texture" },
				"north": { "uv": [ 9.5, 5.5, 12.5, 15 ], "texture": "#texture1" },
				"south": { "uv": [ 3.5, 5.5, 6.5, 15 ], "texture": "#texture" },
				"west": { "uv": [ 0, 0, 6, 12.5 ], "texture": "#texture" },
				"east": { "uv": [ 0, 0, 6, 12.5 ], "texture": "#texture" }
			}
		},
		{
			"__comment": "Box3",
			"from": [ 18.665, -6.45, -5.91 ],
			"to": [ 25.145, 14.07, 1.650001 ],
			"rotation": { "origin": [ 18.665, -6.450001, -5.910001 ], "axis": "x", "angle": 22.5 },
			"faces": {
				"down": { "uv": [ 3.5, 15.5, 6.5, 16 ], "texture": "#texture1" },
				"up": { "uv": [ 3.5, 0, 6.5, 0.5 ], "texture": "#texture" },
				"north": { "uv": [ 0, 0, 6, 12.5 ], "texture": "#texture1" },
				"south": { "uv": [ 0, 0, 6, 12.5 ], "texture": "#texture" },
				"west": { "uv": [ 0, 0, 6, 12.5 ], "texture": "#texture" },
				"east": { "uv": [ 0, 0, 6, 12.5 ], "texture": "#texture" }
			}
		},
		{
			"__comment": "Box3",
			"from": [ -9.965, -2.03, 3.45 ],
			"to": [ -3.485, 10.93, 5.61 ],
			"rotation": { "origin": [ -9.965, -2.03, 3.45 ], "axis": "x", "angle": 22.5 },
			"faces": {
				"down": { "uv": [ 3.5, 15.5, 6.5, 16 ], "texture": "#texture" },
				"up": { "uv": [ 3.5, 0, 6.5, 0.5 ], "texture": "#texture" },
				"north": { "uv": [ 5.5, 3, 7.5, 13 ], "texture": "#texture" },
				"south": { "uv": [ 5.5, 3, 7.5, 13 ], "texture": "#texture" },
				"west": { "uv": [ 5.5, 3, 7.5, 13 ], "texture": "#texture" },
				"east": { "uv": [ 5.5, 3, 7.5, 13 ], "texture": "#texture" }
			}
		},
		{
			"__comment": "Box3",
			"from": [ 18.665, -2.265, 3.675 ],
			"to": [ 25.145, 10.695, 5.835 ],
			"rotation": { "origin": [ 5.705, -2.265001, 3.675 ], "axis": "x", "angle": 22.5 },
			"faces": {
				"down": { "uv": [ 3.5, 15.5, 6.5, 16 ], "texture": "#texture" },
				"up": { "uv": [ 3.5, 0, 6.5, 0.5 ], "texture": "#texture" },
				"north": { "uv": [ 5.5, 3, 7.5, 13 ], "texture": "#texture" },
				"south": { "uv": [ 5.5, 3, 7.5, 13 ], "texture": "#texture" },
				"west": { "uv": [ 5.5, 3, 7.5, 13 ], "texture": "#texture" },
				"east": { "uv": [ 5.5, 3, 7.5, 13 ], "texture": "#texture" }
			}
		},
		{
			"__comment": "Box3",
			"from": [ -9.865, -6.18, 21.9 ],
			"to": [ -3.385, -4.02, 27.3 ],
			"faces": {
				"down": { "uv": [ 3.0625, 3.25, 6.0625, 5.75 ], "texture": "#texture" },
				"up": { "uv": [ 3.0625, 10.25, 6.0625, 12.75 ], "texture": "#texture" },
				"north": { "uv": [ 9.9375, 14.25, 12.9375, 15.25 ], "texture": "#texture" },
				"south": { "uv": [ 3.0625, 14.25, 6.0625, 15.25 ], "texture": "#texture" },
				"west": { "uv": [ 10.25, 14.25, 12.75, 15.25 ], "texture": "#texture" },
				"east": { "uv": [ 3.25, 14.25, 5.75, 15.25 ], "texture": "#texture" }
			}
		},
		{
			"__comment": "Box3",
			"from": [ 18.485, -6.18, 21.9 ],
			"to": [ 24.965, -4.02, 27.3 ],
			"faces": {
				"down": { "uv": [ 9.9375, 3.25, 12.9375, 5.75 ], "texture": "#texture" },
				"up": { "uv": [ 9.9375, 10.25, 12.9375, 12.75 ], "texture": "#texture" },
				"north": { "uv": [ 3.0625, 14.25, 6.0625, 15.25 ], "texture": "#texture" },
				"south": { "uv": [ 9.9375, 14.25, 12.9375, 15.25 ], "texture": "#texture" },
				"west": { "uv": [ 10.25, 14.25, 12.75, 15.25 ], "texture": "#texture" },
				"east": { "uv": [ 3.25, 14.25, 5.75, 15.25 ], "texture": "#texture" }
			}
		},
		{
			"__comment": "Box3",
			"from": [ 18.62, 4.35, 18.66 ],
			"to": [ 25.1, 8.67, 20.82 ],
			"rotation": { "origin": [ 18.62, 4.35, 18.66 ], "axis": "x", "angle": 22.5 },
			"faces": {
				"down": { "uv": [ 10, 6.5, 13, 7.5 ], "texture": "#texture" },
				"up": { "uv": [ 10, 8.5, 13, 9.5 ], "texture": "#texture" },
				"north": { "uv": [ 3, 10, 6, 12 ], "texture": "#texture" },
				"south": { "uv": [ 10, 10, 13, 12 ], "texture": "#texture" },
				"west": { "uv": [ 8.5, 10, 9.5, 12 ], "texture": "#texture" },
				"east": { "uv": [ 6.5, 10, 7.5, 12 ], "texture": "#texture" }
			}
		},
		{
			"__comment": "Box3",
			"from": [ 18.62, -2.13, 18.12 ],
			"to": [ 25.1, 8.670001, 27.84 ],
			"rotation": { "origin": [ 3.5, -2.400001, 18.12 ], "axis": "x", "angle": 22.5 },
			"faces": {
				"down": { "uv": [ 3, 2, 6, 6.5 ], "texture": "#texture" },
				"up": { "uv": [ 3, 9.5, 6, 14 ], "texture": "#texture" },
				"north": { "uv": [ 10, 10.125, 13, 15.125 ], "texture": "#texture" },
				"south": { "uv": [ 3, 10.125, 6, 15.125 ], "texture": "#texture" },
				"west": { "uv": [ 3, 4, 12, 13 ], "texture": "#texture" },
				"east": { "uv": [ 3, 4, 12, 13 ], "texture": "#texture" }
			}
		},
		{
			"__comment": "Box35",
			"from": [ 21.065, 12.18, 2.73 ],
			"to": [ 22.145, 12.72, 10.29 ],
			"rotation": { "origin": [ 21.065, 12.18, 2.73 ], "axis": "x", "angle": 22.5 },
			"faces": {
				"down": { "uv": [ 14, 11.5, 15, 13.75 ], "texture": "#texture" },
				"up": { "uv": [ 14, 2.25, 15, 4.5 ], "texture": "#texture" },
				"north": { "uv": [ 1, 6.5, 2, 7 ], "texture": "#texture" },
				"south": { "uv": [ 14, 6.5, 15, 7 ], "texture": "#texture" },
				"west": { "uv": [ 2.25, 6.5, 4.5, 7 ], "texture": "#texture" },
				"east": { "uv": [ 11.5, 6.5, 13.75, 7 ], "texture": "#texture" }
			}
		},
		{
			"__comment": "Box1",
			"from": [ 1.39, -1.145, -12.19 ],
			"to": [ 14.35, 11.275, 0.2300005 ],
			"faces": {
				"down": { "uv": [ 4, 0, 12, 16 ], "texture": "#texture1", "rotation": 270 },
				"up": { "uv": [ 4, 0, 12, 16 ], "texture": "#texture1", "rotation": 90 },
				"north": { "uv": [ 0, 4, 16, 12.5 ], "texture": "#texture1" },
				"south": { "uv": [ 0, 4, 16, 12.5 ], "texture": "#texture1" },
				"west": { "uv": [ 4, 4, 12, 12.5 ], "texture": "#texture1" },
				"east": { "uv": [ 4, 4, 12, 12.5 ], "texture": "#texture1" }
			}
		},
		{
			"__comment": "Box1",
			"from": [ 1.39, -1.28, -14.35 ],
			"to": [ 14.35, 5.200001, -12.19 ],
			"faces": {
				"down": { "uv": [ 4, 0, 12, 16 ], "texture": "#texture1", "rotation": 270 },
				"up": { "uv": [ 4, 0, 12, 16 ], "texture": "#texture1", "rotation": 90 },
				"north": { "uv": [ 3, 7.5, 13.5, 13.5 ], "texture": "#texture2" },
				"south": { "uv": [ 0, 4, 16, 12.5 ], "texture": "#texture1" },
				"west": { "uv": [ 13, 7.5, 16, 13.5 ], "texture": "#texture2" },
				"east": { "uv": [ 0, 7.5, 3, 13.5 ], "texture": "#texture2" }
			}
		},
		{
			"__comment": "Box43",
			"from": [ -10.235, -7.025, 1.155 ],
			"to": [ -10.23284, -5.405, 2.775 ],
			"faces": {
				"down": { "uv": [ 14, 7, 14.25, 9 ], "texture": "#particle" },
				"up": { "uv": [ 14, 7, 14.25, 9 ], "texture": "#particle" },
				"north": { "uv": [ 0, 0, 16, 16 ], "texture": "#particle" },
				"south": { "uv": [ 0, 0, 16, 16 ], "texture": "#particle" },
				"west": { "uv": [ 0, 0, 16, 16 ], "texture": "#particle", "rotation": 180 },
				"east": { "uv": [ 16, 0, 0, 16 ], "texture": "#particle", "rotation": 180 }
			}
		},
		{
			"__comment": "Box43",
			"from": [ -10.235, -5.945, 1.695 ],
			"to": [ -10.23284, -3.785, 3.855 ],
			"faces": {
				"down": { "uv": [ 14, 7, 14.25, 9 ], "texture": "#particle" },
				"up": { "uv": [ 14, 7, 14.25, 9 ], "texture": "#particle" },
				"north": { "uv": [ 0, 0, 16, 16 ], "texture": "#particle" },
				"south": { "uv": [ 0, 0, 16, 16 ], "texture": "#particle" },
				"west": { "uv": [ 0, 0, 16, 16 ], "texture": "#particle", "rotation": 180 },
				"east": { "uv": [ 16, 0, 0, 16 ], "texture": "#particle", "rotation": 180 }
			}
		},
		{
			"__comment": "Box43",
			"from": [ -10.235, -4.325, 2.235 ],
			"to": [ -10.23284, -1.624999, 4.935 ],
			"faces": {
				"down": { "uv": [ 14, 7, 14.25, 9 ], "texture": "#particle" },
				"up": { "uv": [ 14, 7, 14.25, 9 ], "texture": "#particle" },
				"north": { "uv": [ 0, 0, 16, 16 ], "texture": "#particle" },
				"south": { "uv": [ 0, 0, 16, 16 ], "texture": "#particle" },
				"west": { "uv": [ 0, 0, 16, 16 ], "texture": "#particle", "rotation": 180 },
				"east": { "uv": [ 16, 0, 0, 16 ], "texture": "#particle", "rotation": 180 }
			}
		},
		{
			"__comment": "Box43",
			"from": [ -10.235, -2.165, 3.315 ],
			"to": [ -10.23284, 0.5350001, 6.015 ],
			"faces": {
				"down": { "uv": [ 14, 7, 14.25, 9 ], "texture": "#particle" },
				"up": { "uv": [ 14, 7, 14.25, 9 ], "texture": "#particle" },
				"north": { "uv": [ 0, 0, 16, 16 ], "texture": "#particle" },
				"south": { "uv": [ 0, 0, 16, 16 ], "texture": "#particle" },
				"west": { "uv": [ 0, 0, 16, 16 ], "texture": "#particle", "rotation": 180 },
				"east": { "uv": [ 16, 0, 0, 16 ], "texture": "#particle", "rotation": 180 }
			}
		},
		{
			"__comment": "Box43",
			"from": [ -10.235, -0.005, 4.395 ],
			"to": [ -10.23284, 2.695, 7.095 ],
			"faces": {
				"down": { "uv": [ 14, 7, 14.25, 9 ], "texture": "#particle" },
				"up": { "uv": [ 14, 7, 14.25, 9 ], "texture": "#particle" },
				"north": { "uv": [ 0, 0, 16, 16 ], "texture": "#particle" },
				"south": { "uv": [ 0, 0, 16, 16 ], "texture": "#particle" },
				"west": { "uv": [ 0, 0, 16, 16 ], "texture": "#particle", "rotation": 180 },
				"east": { "uv": [ 16, 0, 0, 16 ], "texture": "#particle", "rotation": 180 }
			}
		},
		{
			"__comment": "Box43",
			"from": [ -10.235, 2.155, 5.475 ],
			"to": [ -10.23284, 4.855, 8.174999 ],
			"faces": {
				"down": { "uv": [ 14, 7, 14.25, 9 ], "texture": "#particle" },
				"up": { "uv": [ 14, 7, 14.25, 9 ], "texture": "#particle" },
				"north": { "uv": [ 0, 0, 16, 16 ], "texture": "#particle" },
				"south": { "uv": [ 0, 0, 16, 16 ], "texture": "#particle" },
				"west": { "uv": [ 0, 0, 16, 16 ], "texture": "#particle", "rotation": 180 },
				"east": { "uv": [ 16, 0, 0, 16 ], "texture": "#particle", "rotation": 180 }
			}
		},
		{
			"__comment": "Box43",
			"from": [ -10.235, 4.315, 6.555 ],
			"to": [ -10.23284, 7.015, 9.255 ],
			"faces": {
				"down": { "uv": [ 14, 7, 14.25, 9 ], "texture": "#particle" },
				"up": { "uv": [ 14, 7, 14.25, 9 ], "texture": "#particle" },
				"north": { "uv": [ 0, 0, 16, 16 ], "texture": "#particle" },
				"south": { "uv": [ 0, 0, 16, 16 ], "texture": "#particle" },
				"west": { "uv": [ 0, 0, 16, 16 ], "texture": "#particle", "rotation": 180 },
				"east": { "uv": [ 16, 0, 0, 16 ], "texture": "#particle", "rotation": 180 }
			}
		},
		{
			"__comment": "Box43",
			"from": [ -10.37, -6.485, 2.775 ],
			"to": [ -10.36784, -4.865, 4.395 ],
			"faces": {
				"down": { "uv": [ 14, 7, 14.25, 9 ], "texture": "#particle" },
				"up": { "uv": [ 14, 7, 14.25, 9 ], "texture": "#particle" },
				"north": { "uv": [ 0, 0, 16, 16 ], "texture": "#particle" },
				"south": { "uv": [ 0, 0, 16, 16 ], "texture": "#particle" },
				"west": { "uv": [ 0, 0, 16, 16 ], "texture": "#particle", "rotation": 180 },
				"east": { "uv": [ 16, 0, 0, 16 ], "texture": "#particle", "rotation": 180 }
			}
		},
		{
			"__comment": "Box43",
			"from": [ -10.37, -5.405, 3.855 ],
			"to": [ -10.36784, -3.245, 6.015 ],
			"faces": {
				"down": { "uv": [ 14, 7, 14.25, 9 ], "texture": "#particle" },
				"up": { "uv": [ 14, 7, 14.25, 9 ], "texture": "#particle" },
				"north": { "uv": [ 0, 0, 16, 16 ], "texture": "#particle" },
				"south": { "uv": [ 0, 0, 16, 16 ], "texture": "#particle" },
				"west": { "uv": [ 0, 0, 16, 16 ], "texture": "#particle", "rotation": 180 },
				"east": { "uv": [ 16, 0, 0, 16 ], "texture": "#particle", "rotation": 180 }
			}
		},
		{
			"__comment": "Box43",
			"from": [ -10.37, -3.785, 4.935 ],
			"to": [ -10.36784, -1.625, 7.095 ],
			"faces": {
				"down": { "uv": [ 14, 7, 14.25, 9 ], "texture": "#particle" },
				"up": { "uv": [ 14, 7, 14.25, 9 ], "texture": "#particle" },
				"north": { "uv": [ 0, 0, 16, 16 ], "texture": "#particle" },
				"south": { "uv": [ 0, 0, 16, 16 ], "texture": "#particle" },
				"west": { "uv": [ 0, 0, 16, 16 ], "texture": "#particle", "rotation": 180 },
				"east": { "uv": [ 16, 0, 0, 16 ], "texture": "#particle", "rotation": 180 }
			}
		},
		{
			"__comment": "Box43",
			"from": [ -10.37, -2.165, 6.015 ],
			"to": [ -10.36784, 0.5350001, 8.715 ],
			"faces": {
				"down": { "uv": [ 14, 7, 14.25, 9 ], "texture": "#particle" },
				"up": { "uv": [ 14, 7, 14.25, 9 ], "texture": "#particle" },
				"north": { "uv": [ 0, 0, 16, 16 ], "texture": "#particle" },
				"south": { "uv": [ 0, 0, 16, 16 ], "texture": "#particle" },
				"west": { "uv": [ 0, 0, 16, 16 ], "texture": "#particle", "rotation": 180 },
				"east": { "uv": [ 16, 0, 0, 16 ], "texture": "#particle", "rotation": 180 }
			}
		},
		{
			"__comment": "Box43",
			"from": [ -10.37, -0.005, 7.095 ],
			"to": [ -10.36784, 3.235, 10.335 ],
			"faces": {
				"down": { "uv": [ 14, 7, 14.25, 9 ], "texture": "#particle" },
				"up": { "uv": [ 14, 7, 14.25, 9 ], "texture": "#particle" },
				"north": { "uv": [ 0, 0, 16, 16 ], "texture": "#particle" },
				"south": { "uv": [ 0, 0, 16, 16 ], "texture": "#particle" },
				"west": { "uv": [ 0, 0, 16, 16 ], "texture": "#particle", "rotation": 180 },
				"east": { "uv": [ 16, 0, 0, 16 ], "texture": "#particle", "rotation": 180 }
			}
		},
		{
			"__comment": "Box43",
			"from": [ -10.37, 2.695, 8.715 ],
			"to": [ -10.36784, 6.475, 12.495 ],
			"faces": {
				"down": { "uv": [ 14, 7, 14.25, 9 ], "texture": "#particle" },
				"up": { "uv": [ 14, 7, 14.25, 9 ], "texture": "#particle" },
				"north": { "uv": [ 0, 0, 16, 16 ], "texture": "#particle" },
				"south": { "uv": [ 0, 0, 16, 16 ], "texture": "#particle" },
				"west": { "uv": [ 0, 0, 16, 16 ], "texture": "#particle", "rotation": 180 },
				"east": { "uv": [ 16, 0, 0, 16 ], "texture": "#particle", "rotation": 180 }
			}
		},
		{
			"__comment": "Box43",
			"from": [ 25.145, 5.7, 10.56 ],
			"to": [ 25.14716, 11.1, 15.42 ],
			"faces": {
				"down": { "uv": [ 14, 7, 14.25, 9 ], "texture": "#particle" },
				"up": { "uv": [ 14, 7, 14.25, 9 ], "texture": "#particle" },
				"north": { "uv": [ 0, 0, 16, 16 ], "texture": "#particle" },
				"south": { "uv": [ 0, 0, 16, 16 ], "texture": "#particle" },
				"west": { "uv": [ 0, 0, 16, 16 ], "texture": "#particle", "rotation": 180 },
				"east": { "uv": [ 16, 0, 0, 16 ], "texture": "#particle", "rotation": 180 }
			}
		},
		{
			"__comment": "Box43",
			"from": [ 25.28, -7.26, 1.92 ],
			"to": [ 25.28216, -5.64, 3.54 ],
			"faces": {
				"down": { "uv": [ 14, 7, 14.25, 9 ], "texture": "#particle" },
				"up": { "uv": [ 14, 7, 14.25, 9 ], "texture": "#particle" },
				"north": { "uv": [ 0, 0, 16, 16 ], "texture": "#particle" },
				"south": { "uv": [ 0, 0, 16, 16 ], "texture": "#particle" },
				"west": { "uv": [ 0, 0, 16, 16 ], "texture": "#particle", "rotation": 180 },
				"east": { "uv": [ 16, 0, 0, 16 ], "texture": "#particle", "rotation": 180 }
			}
		},
		{
			"__comment": "Box43",
			"from": [ 25.28, -6.18, 2.46 ],
			"to": [ 25.28216, -4.02, 4.62 ],
			"faces": {
				"down": { "uv": [ 14, 7, 14.25, 9 ], "texture": "#particle" },
				"up": { "uv": [ 14, 7, 14.25, 9 ], "texture": "#particle" },
				"north": { "uv": [ 0, 0, 16, 16 ], "texture": "#particle" },
				"south": { "uv": [ 0, 0, 16, 16 ], "texture": "#particle" },
				"west": { "uv": [ 0, 0, 16, 16 ], "texture": "#particle", "rotation": 180 },
				"east": { "uv": [ 16, 0, 0, 16 ], "texture": "#particle", "rotation": 180 }
			}
		},
		{
			"__comment": "Box43",
			"from": [ 25.28, -4.56, 3 ],
			"to": [ 25.28216, -1.859999, 5.7 ],
			"faces": {
				"down": { "uv": [ 14, 7, 14.25, 9 ], "texture": "#particle" },
				"up": { "uv": [ 14, 7, 14.25, 9 ], "texture": "#particle" },
				"north": { "uv": [ 0, 0, 16, 16 ], "texture": "#particle" },
				"south": { "uv": [ 0, 0, 16, 16 ], "texture": "#particle" },
				"west": { "uv": [ 0, 0, 16, 16 ], "texture": "#particle", "rotation": 180 },
				"east": { "uv": [ 16, 0, 0, 16 ], "texture": "#particle", "rotation": 180 }
			}
		},
		{
			"__comment": "Box43",
			"from": [ 25.28, -2.4, 4.08 ],
			"to": [ 25.28216, 0.3000002, 6.78 ],
			"faces": {
				"down": { "uv": [ 14, 7, 14.25, 9 ], "texture": "#particle" },
				"up": { "uv": [ 14, 7, 14.25, 9 ], "texture": "#particle" },
				"north": { "uv": [ 0, 0, 16, 16 ], "texture": "#particle" },
				"south": { "uv": [ 0, 0, 16, 16 ], "texture": "#particle" },
				"west": { "uv": [ 0, 0, 16, 16 ], "texture": "#particle", "rotation": 180 },
				"east": { "uv": [ 16, 0, 0, 16 ], "texture": "#particle", "rotation": 180 }
			}
		},
		{
			"__comment": "Box43",
			"from": [ 25.28, -0.24, 5.16 ],
			"to": [ 25.28216, 2.46, 7.86 ],
			"faces": {
				"down": { "uv": [ 14, 7, 14.25, 9 ], "texture": "#particle" },
				"up": { "uv": [ 14, 7, 14.25, 9 ], "texture": "#particle" },
				"north": { "uv": [ 0, 0, 16, 16 ], "texture": "#particle" },
				"south": { "uv": [ 0, 0, 16, 16 ], "texture": "#particle" },
				"west": { "uv": [ 0, 0, 16, 16 ], "texture": "#particle", "rotation": 180 },
				"east": { "uv": [ 16, 0, 0, 16 ], "texture": "#particle", "rotation": 180 }
			}
		},
		{
			"__comment": "Box43",
			"from": [ 25.28, 1.92, 6.24 ],
			"to": [ 25.28216, 4.62, 8.94 ],
			"faces": {
				"down": { "uv": [ 14, 7, 14.25, 9 ], "texture": "#particle" },
				"up": { "uv": [ 14, 7, 14.25, 9 ], "texture": "#particle" },
				"north": { "uv": [ 0, 0, 16, 16 ], "texture": "#particle" },
				"south": { "uv": [ 0, 0, 16, 16 ], "texture": "#particle" },
				"west": { "uv": [ 0, 0, 16, 16 ], "texture": "#particle", "rotation": 180 },
				"east": { "uv": [ 16, 0, 0, 16 ], "texture": "#particle", "rotation": 180 }
			}
		},
		{
			"__comment": "Box43",
			"from": [ 25.28, 4.08, 7.32 ],
			"to": [ 25.28216, 6.78, 10.02 ],
			"faces": {
				"down": { "uv": [ 14, 7, 14.25, 9 ], "texture": "#particle" },
				"up": { "uv": [ 14, 7, 14.25, 9 ], "texture": "#particle" },
				"north": { "uv": [ 0, 0, 16, 16 ], "texture": "#particle" },
				"south": { "uv": [ 0, 0, 16, 16 ], "texture": "#particle" },
				"west": { "uv": [ 0, 0, 16, 16 ], "texture": "#particle", "rotation": 180 },
				"east": { "uv": [ 16, 0, 0, 16 ], "texture": "#particle", "rotation": 180 }
			}
		},
		{
			"__comment": "Box43",
			"from": [ 25.28, 6.24, 8.4 ],
			"to": [ 25.28216, 8.940001, 11.1 ],
			"faces": {
				"down": { "uv": [ 14, 7, 14.25, 9 ], "texture": "#particle" },
				"up": { "uv": [ 14, 7, 14.25, 9 ], "texture": "#particle" },
				"north": { "uv": [ 0, 0, 16, 16 ], "texture": "#particle" },
				"south": { "uv": [ 0, 0, 16, 16 ], "texture": "#particle" },
				"west": { "uv": [ 0, 0, 16, 16 ], "texture": "#particle", "rotation": 180 },
				"east": { "uv": [ 16, 0, 0, 16 ], "texture": "#particle", "rotation": 180 }
			}
		},
		{
			"__comment": "Box43",
			"from": [ 25.145, -6.72, 3.54 ],
			"to": [ 25.14716, -5.1, 5.16 ],
			"faces": {
				"down": { "uv": [ 14, 7, 14.25, 9 ], "texture": "#particle" },
				"up": { "uv": [ 14, 7, 14.25, 9 ], "texture": "#particle" },
				"north": { "uv": [ 0, 0, 16, 16 ], "texture": "#particle" },
				"south": { "uv": [ 0, 0, 16, 16 ], "texture": "#particle" },
				"west": { "uv": [ 0, 0, 16, 16 ], "texture": "#particle", "rotation": 180 },
				"east": { "uv": [ 16, 0, 0, 16 ], "texture": "#particle", "rotation": 180 }
			}
		},
		{
			"__comment": "Box43",
			"from": [ 25.145, -5.64, 4.62 ],
			"to": [ 25.14716, -3.48, 6.78 ],
			"faces": {
				"down": { "uv": [ 14, 7, 14.25, 9 ], "texture": "#particle" },
				"up": { "uv": [ 14, 7, 14.25, 9 ], "texture": "#particle" },
				"north": { "uv": [ 0, 0, 16, 16 ], "texture": "#particle" },
				"south": { "uv": [ 0, 0, 16, 16 ], "texture": "#particle" },
				"west": { "uv": [ 0, 0, 16, 16 ], "texture": "#particle", "rotation": 180 },
				"east": { "uv": [ 16, 0, 0, 16 ], "texture": "#particle", "rotation": 180 }
			}
		},
		{
			"__comment": "Box43",
			"from": [ 25.145, -4.02, 5.7 ],
			"to": [ 25.14716, -1.86, 7.86 ],
			"faces": {
				"down": { "uv": [ 14, 7, 14.25, 9 ], "texture": "#particle" },
				"up": { "uv": [ 14, 7, 14.25, 9 ], "texture": "#particle" },
				"north": { "uv": [ 0, 0, 16, 16 ], "texture": "#particle" },
				"south": { "uv": [ 0, 0, 16, 16 ], "texture": "#particle" },
				"west": { "uv": [ 0, 0, 16, 16 ], "texture": "#particle", "rotation": 180 },
				"east": { "uv": [ 16, 0, 0, 16 ], "texture": "#particle", "rotation": 180 }
			}
		},
		{
			"__comment": "Box43",
			"from": [ 25.145, -2.4, 6.78 ],
			"to": [ 25.14716, 0.3000002, 9.48 ],
			"faces": {
				"down": { "uv": [ 14, 7, 14.25, 9 ], "texture": "#particle" },
				"up": { "uv": [ 14, 7, 14.25, 9 ], "texture": "#particle" },
				"north": { "uv": [ 0, 0, 16, 16 ], "texture": "#particle" },
				"south": { "uv": [ 0, 0, 16, 16 ], "texture": "#particle" },
				"west": { "uv": [ 0, 0, 16, 16 ], "texture": "#particle", "rotation": 180 },
				"east": { "uv": [ 16, 0, 0, 16 ], "texture": "#particle", "rotation": 180 }
			}
		},
		{
			"__comment": "Box43",
			"from": [ 25.145, -0.24, 7.86 ],
			"to": [ 25.14716, 3, 11.1 ],
			"faces": {
				"down": { "uv": [ 14, 7, 14.25, 9 ], "texture": "#particle" },
				"up": { "uv": [ 14, 7, 14.25, 9 ], "texture": "#particle" },
				"north": { "uv": [ 0, 0, 16, 16 ], "texture": "#particle" },
				"south": { "uv": [ 0, 0, 16, 16 ], "texture": "#particle" },
				"west": { "uv": [ 0, 0, 16, 16 ], "texture": "#particle", "rotation": 180 },
				"east": { "uv": [ 16, 0, 0, 16 ], "texture": "#particle", "rotation": 180 }
			}
		},
		{
			"__comment": "Box43",
			"from": [ 25.145, 2.46, 9.48 ],
			"to": [ 25.14716, 6.24, 13.26 ],
			"faces": {
				"down": { "uv": [ 14, 7, 14.25, 9 ], "texture": "#particle" },
				"up": { "uv": [ 14, 7, 14.25, 9 ], "texture": "#particle" },
				"north": { "uv": [ 0, 0, 16, 16 ], "texture": "#particle" },
				"south": { "uv": [ 0, 0, 16, 16 ], "texture": "#particle" },
				"west": { "uv": [ 0, 0, 16, 16 ], "texture": "#particle", "rotation": 180 },
				"east": { "uv": [ 16, 0, 0, 16 ], "texture": "#particle", "rotation": 180 }
			}
		},
		{
			"__comment": "Box1",
			"from": [ 8.005, 2.5, -15.43 ],
			"to": [ 10.705, 5.200001, -13.81 ],
			"faces": {
				"down": { "uv": [ 4, 0, 12, 16 ], "texture": "#texture2", "rotation": 270 },
				"up": { "uv": [ 0, 0, 5, 5 ], "texture": "#texture2", "rotation": 90 },
				"north": { "uv": [ 0, 0, 5, 5 ], "texture": "#texture2" },
				"south": { "uv": [ 0, 0, 5, 5 ], "texture": "#texture2" },
				"west": { "uv": [ 0, 0, 5, 5 ], "texture": "#texture2" },
				"east": { "uv": [ 0, 0, 5, 5 ], "texture": "#texture2" }
			}
		},
		{
			"__comment": "Box43",
			"from": [ 1.1178, -1.28, -10.03 ],
			"to": [ 1.11996, 1.960001, -6.79 ],
			"faces": {
				"down": { "uv": [ 14, 7, 14.25, 9 ], "texture": "#particle" },
				"up": { "uv": [ 14, 7, 14.25, 9 ], "texture": "#particle" },
				"north": { "uv": [ 0, 0, 16, 16 ], "texture": "#particle" },
				"south": { "uv": [ 0, 0, 16, 16 ], "texture": "#particle" },
				"west": { "uv": [ 0, 0, 16, 16 ], "texture": "#particle", "rotation": 180 },
				"east": { "uv": [ 16, 0, 0, 16 ], "texture": "#particle", "rotation": 180 }
			}
		},
		{
			"__comment": "Box43",
			"from": [ 1.1178, 1.42, -8.41 ],
			"to": [ 1.11996, 4.66, -5.17 ],
			"faces": {
				"down": { "uv": [ 14, 7, 14.25, 9 ], "texture": "#particle" },
				"up": { "uv": [ 14, 7, 14.25, 9 ], "texture": "#particle" },
				"north": { "uv": [ 0, 0, 16, 16 ], "texture": "#particle" },
				"south": { "uv": [ 0, 0, 16, 16 ], "texture": "#particle" },
				"west": { "uv": [ 0, 0, 16, 16 ], "texture": "#particle", "rotation": 180 },
				"east": { "uv": [ 16, 0, 0, 16 ], "texture": "#particle", "rotation": 180 }
			}
		},
		{
			"__comment": "Box43",
			"from": [ 1.1178, 4.12, -6.79 ],
			"to": [ 1.11996, 7.36, -3.55 ],
			"faces": {
				"down": { "uv": [ 14, 7, 14.25, 9 ], "texture": "#particle" },
				"up": { "uv": [ 14, 7, 14.25, 9 ], "texture": "#particle" },
				"north": { "uv": [ 0, 0, 16, 16 ], "texture": "#particle" },
				"south": { "uv": [ 0, 0, 16, 16 ], "texture": "#particle" },
				"west": { "uv": [ 0, 0, 16, 16 ], "texture": "#particle", "rotation": 180 },
				"east": { "uv": [ 16, 0, 0, 16 ], "texture": "#particle", "rotation": 180 }
			}
		},
		{
			"__comment": "Box43",
			"from": [ 1.1178, 6.82, -5.71 ],
			"to": [ 1.11996, 10.06, -2.47 ],
			"faces": {
				"down": { "uv": [ 14, 7, 14.25, 9 ], "texture": "#particle" },
				"up": { "uv": [ 14, 7, 14.25, 9 ], "texture": "#particle" },
				"north": { "uv": [ 0, 0, 16, 16 ], "texture": "#particle" },
				"south": { "uv": [ 0, 0, 16, 16 ], "texture": "#particle" },
				"west": { "uv": [ 0, 0, 16, 16 ], "texture": "#particle", "rotation": 180 },
				"east": { "uv": [ 16, 0, 0, 16 ], "texture": "#particle", "rotation": 180 }
			}
		},
		{
			"__comment": "Box43",
			"from": [ 0.9827999, 7.9, -8.41 ],
			"to": [ 0.98496, 11.14, -5.17 ],
			"faces": {
				"down": { "uv": [ 14, 7, 14.25, 9 ], "texture": "#particle" },
				"up": { "uv": [ 14, 7, 14.25, 9 ], "texture": "#particle" },
				"north": { "uv": [ 0, 0, 16, 16 ], "texture": "#particle" },
				"south": { "uv": [ 0, 0, 16, 16 ], "texture": "#particle" },
				"west": { "uv": [ 0, 0, 16, 16 ], "texture": "#particle", "rotation": 180 },
				"east": { "uv": [ 16, 0, 0, 16 ], "texture": "#particle", "rotation": 180 }
			}
		},
		{
			"__comment": "Box43",
			"from": [ 0.9827999, 4.66, -9.49 ],
			"to": [ 0.98496, 7.9, -6.25 ],
			"faces": {
				"down": { "uv": [ 14, 7, 14.25, 9 ], "texture": "#particle" },
				"up": { "uv": [ 14, 7, 14.25, 9 ], "texture": "#particle" },
				"north": { "uv": [ 0, 0, 16, 16 ], "texture": "#particle" },
				"south": { "uv": [ 0, 0, 16, 16 ], "texture": "#particle" },
				"west": { "uv": [ 0, 0, 16, 16 ], "texture": "#particle", "rotation": 180 },
				"east": { "uv": [ 16, 0, 0, 16 ], "texture": "#particle", "rotation": 180 }
			}
		},
		{
			"__comment": "Box43",
			"from": [ 0.9827999, 1.96, -11.11 ],
			"to": [ 0.98496, 5.2, -7.87 ],
			"faces": {
				"down": { "uv": [ 14, 7, 14.25, 9 ], "texture": "#particle" },
				"up": { "uv": [ 14, 7, 14.25, 9 ], "texture": "#particle" },
				"north": { "uv": [ 0, 0, 16, 16 ], "texture": "#particle" },
				"south": { "uv": [ 0, 0, 16, 16 ], "texture": "#particle" },
				"west": { "uv": [ 0, 0, 16, 16 ], "texture": "#particle", "rotation": 180 },
				"east": { "uv": [ 16, 0, 0, 16 ], "texture": "#particle", "rotation": 180 }
			}
		},
		{
			"__comment": "Box43",
			"from": [ 0.9827999, -1.28, -12.73 ],
			"to": [ 0.98496, 1.960001, -9.49 ],
			"faces": {
				"down": { "uv": [ 14, 7, 14.25, 9 ], "texture": "#particle" },
				"up": { "uv": [ 14, 7, 14.25, 9 ], "texture": "#particle" },
				"north": { "uv": [ 0, 0, 16, 16 ], "texture": "#particle" },
				"south": { "uv": [ 0, 0, 16, 16 ], "texture": "#particle" },
				"west": { "uv": [ 0, 0, 16, 16 ], "texture": "#particle", "rotation": 180 },
				"east": { "uv": [ 16, 0, 0, 16 ], "texture": "#particle", "rotation": 180 }
			}
		},
		{
			"__comment": "Box43",
			"from": [ 0.9827999, 5.2, -3.55 ],
			"to": [ 0.98496, 8.44, -0.3099992 ],
			"faces": {
				"down": { "uv": [ 14, 7, 14.25, 9 ], "texture": "#particle" },
				"up": { "uv": [ 14, 7, 14.25, 9 ], "texture": "#particle" },
				"north": { "uv": [ 0, 0, 16, 16 ], "texture": "#particle" },
				"south": { "uv": [ 0, 0, 16, 16 ], "texture": "#particle" },
				"west": { "uv": [ 0, 0, 16, 16 ], "texture": "#particle", "rotation": 180 },
				"east": { "uv": [ 16, 0, 0, 16 ], "texture": "#particle", "rotation": 180 }
			}
		},
		{
			"__comment": "Box43",
			"from": [ 0.9827999, 1.42, -5.17 ],
			"to": [ 0.98496, 4.66, -1.929999 ],
			"faces": {
				"down": { "uv": [ 14, 7, 14.25, 9 ], "texture": "#particle" },
				"up": { "uv": [ 14, 7, 14.25, 9 ], "texture": "#particle" },
				"north": { "uv": [ 0, 0, 16, 16 ], "texture": "#particle" },
				"south": { "uv": [ 0, 0, 16, 16 ], "texture": "#particle" },
				"west": { "uv": [ 0, 0, 16, 16 ], "texture": "#particle", "rotation": 180 },
				"east": { "uv": [ 16, 0, 0, 16 ], "texture": "#particle", "rotation": 180 }
			}
		},
		{
			"__comment": "Box43",
			"from": [ 4.765, 7.495, -12.3272 ],
			"to": [ 8.005001, 10.735, -12.32504 ],
			"faces": {
				"down": { "uv": [ 14, 7, 14.25, 9 ], "texture": "#particle", "rotation": 270 },
				"up": { "uv": [ 14, 7, 14.25, 9 ], "texture": "#particle", "rotation": 90 },
				"north": { "uv": [ 0, 0, 16, 16 ], "texture": "#particle", "rotation": 180 },
				"south": { "uv": [ 16, 0, 0, 16 ], "texture": "#particle", "rotation": 180 },
				"west": { "uv": [ 0, 0, 16, 16 ], "texture": "#particle" },
				"east": { "uv": [ 0, 0, 16, 16 ], "texture": "#particle" }
			}
		},
		{
			"__comment": "Box43",
			"from": [ 8.545, 7.495, -12.325 ],
			"to": [ 11.785, 10.735, -12.32284 ],
			"faces": {
				"down": { "uv": [ 14, 7, 14.25, 9 ], "texture": "#particle", "rotation": 90 },
				"up": { "uv": [ 14, 7, 14.25, 9 ], "texture": "#particle", "rotation": 270 },
				"north": { "uv": [ 16, 0, 0, 16 ], "texture": "#particle", "rotation": 180 },
				"south": { "uv": [ 0, 0, 16, 16 ], "texture": "#particle", "rotation": 180 },
				"west": { "uv": [ 0, 0, 16, 16 ], "texture": "#particle" },
				"east": { "uv": [ 0, 0, 16, 16 ], "texture": "#particle" }
			}
		},
		{
			"__comment": "Box1",
			"from": [ 5.305, 2.5, -15.43 ],
			"to": [ 8.005, 5.200001, -13.81 ],
			"faces": {
				"down": { "uv": [ 12, 16, 4, 0 ], "texture": "#texture2", "rotation": 270 },
				"up": { "uv": [ 0, 0, 5, 5 ], "texture": "#texture2", "rotation": 90 },
				"north": { "uv": [ 0, 0, 5, 5 ], "texture": "#texture2" },
				"south": { "uv": [ 0, 0, 5, 5 ], "texture": "#texture2" },
				"west": { "uv": [ 0, 0, 5, 5 ], "texture": "#texture2" },
				"east": { "uv": [ 0, 0, 5, 5 ], "texture": "#texture2" }
			}
		},
		{
			"__comment": "Box1",
			"from": [ 6.925, 3.58, -14.755 ],
			"to": [ 9.084999, 5.200001, -10.435 ],
			"rotation": { "origin": [ 9.084999, 3.579999, -14.755 ], "axis": "x", "angle": -22.5 },
			"faces": {
				"down": { "uv": [ 4, 0, 12, 16 ], "texture": "#texture2", "rotation": 270 },
				"up": { "uv": [ 8.5, 0.375, 10.5, 5 ], "texture": "#texture2", "rotation": 180 },
				"north": { "uv": [ 0, 0, 5, 5 ], "texture": "#texture2" },
				"south": { "uv": [ 0, 0, 5, 5 ], "texture": "#texture2" },
				"west": { "uv": [ 0, 0, 5, 5 ], "texture": "#texture2" },
				"east": { "uv": [ 0, 0, 5, 5 ], "texture": "#texture2" }
			}
		},
		{
			"__comment": "Box43",
			"from": [ 14.4828, -1.28, -12.19 ],
			"to": [ 14.48496, 1.960001, -8.95 ],
			"faces": {
				"down": { "uv": [ 14, 7, 14.25, 9 ], "texture": "#particle" },
				"up": { "uv": [ 14, 7, 14.25, 9 ], "texture": "#particle" },
				"north": { "uv": [ 0, 0, 16, 16 ], "texture": "#particle" },
				"south": { "uv": [ 0, 0, 16, 16 ], "texture": "#particle" },
				"west": { "uv": [ 0, 0, 16, 16 ], "texture": "#particle", "rotation": 180 },
				"east": { "uv": [ 16, 0, 0, 16 ], "texture": "#particle", "rotation": 180 }
			}
		},
		{
			"__comment": "Box43",
			"from": [ 14.6178, -1.28, -9.49 ],
			"to": [ 14.61996, 1.960001, -6.25 ],
			"faces": {
				"down": { "uv": [ 14, 7, 14.25, 9 ], "texture": "#particle" },
				"up": { "uv": [ 14, 7, 14.25, 9 ], "texture": "#particle" },
				"north": { "uv": [ 0, 0, 16, 16 ], "texture": "#particle" },
				"south": { "uv": [ 0, 0, 16, 16 ], "texture": "#particle" },
				"west": { "uv": [ 0, 0, 16, 16 ], "texture": "#particle", "rotation": 180 },
				"east": { "uv": [ 16, 0, 0, 16 ], "texture": "#particle", "rotation": 180 }
			}
		},
		{
			"__comment": "Box43",
			"from": [ 14.4828, 1.96, -10.57 ],
			"to": [ 14.48496, 5.2, -7.33 ],
			"faces": {
				"down": { "uv": [ 14, 7, 14.25, 9 ], "texture": "#particle" },
				"up": { "uv": [ 14, 7, 14.25, 9 ], "texture": "#particle" },
				"north": { "uv": [ 0, 0, 16, 16 ], "texture": "#particle" },
				"south": { "uv": [ 0, 0, 16, 16 ], "texture": "#particle" },
				"west": { "uv": [ 0, 0, 16, 16 ], "texture": "#particle", "rotation": 180 },
				"east": { "uv": [ 16, 0, 0, 16 ], "texture": "#particle", "rotation": 180 }
			}
		},
		{
			"__comment": "Box43",
			"from": [ 14.6178, 1.42, -7.87 ],
			"to": [ 14.61996, 4.66, -4.63 ],
			"faces": {
				"down": { "uv": [ 14, 7, 14.25, 9 ], "texture": "#particle" },
				"up": { "uv": [ 14, 7, 14.25, 9 ], "texture": "#particle" },
				"north": { "uv": [ 0, 0, 16, 16 ], "texture": "#particle" },
				"south": { "uv": [ 0, 0, 16, 16 ], "texture": "#particle" },
				"west": { "uv": [ 0, 0, 16, 16 ], "texture": "#particle", "rotation": 180 },
				"east": { "uv": [ 16, 0, 0, 16 ], "texture": "#particle", "rotation": 180 }
			}
		},
		{
			"__comment": "Box43",
			"from": [ 14.4828, 4.66, -8.95 ],
			"to": [ 14.48496, 7.9, -5.71 ],
			"faces": {
				"down": { "uv": [ 14, 7, 14.25, 9 ], "texture": "#particle" },
				"up": { "uv": [ 14, 7, 14.25, 9 ], "texture": "#particle" },
				"north": { "uv": [ 0, 0, 16, 16 ], "texture": "#particle" },
				"south": { "uv": [ 0, 0, 16, 16 ], "texture": "#particle" },
				"west": { "uv": [ 0, 0, 16, 16 ], "texture": "#particle", "rotation": 180 },
				"east": { "uv": [ 16, 0, 0, 16 ], "texture": "#particle", "rotation": 180 }
			}
		},
		{
			"__comment": "Box43",
			"from": [ 14.6178, 4.12, -6.25 ],
			"to": [ 14.61996, 7.36, -3.009999 ],
			"faces": {
				"down": { "uv": [ 14, 7, 14.25, 9 ], "texture": "#particle" },
				"up": { "uv": [ 14, 7, 14.25, 9 ], "texture": "#particle" },
				"north": { "uv": [ 0, 0, 16, 16 ], "texture": "#particle" },
				"south": { "uv": [ 0, 0, 16, 16 ], "texture": "#particle" },
				"west": { "uv": [ 0, 0, 16, 16 ], "texture": "#particle", "rotation": 180 },
				"east": { "uv": [ 16, 0, 0, 16 ], "texture": "#particle", "rotation": 180 }
			}
		},
		{
			"__comment": "Box43",
			"from": [ 14.4828, 7.9, -7.87 ],
			"to": [ 14.48496, 11.14, -4.63 ],
			"faces": {
				"down": { "uv": [ 14, 7, 14.25, 9 ], "texture": "#particle" },
				"up": { "uv": [ 14, 7, 14.25, 9 ], "texture": "#particle" },
				"north": { "uv": [ 0, 0, 16, 16 ], "texture": "#particle" },
				"south": { "uv": [ 0, 0, 16, 16 ], "texture": "#particle" },
				"west": { "uv": [ 0, 0, 16, 16 ], "texture": "#particle", "rotation": 180 },
				"east": { "uv": [ 16, 0, 0, 16 ], "texture": "#particle", "rotation": 180 }
			}
		},
		{
			"__comment": "Box43",
			"from": [ 14.6178, 6.82, -5.17 ],
			"to": [ 14.61996, 10.06, -1.929999 ],
			"faces": {
				"down": { "uv": [ 14, 7, 14.25, 9 ], "texture": "#particle" },
				"up": { "uv": [ 14, 7, 14.25, 9 ], "texture": "#particle" },
				"north": { "uv": [ 0, 0, 16, 16 ], "texture": "#particle" },
				"south": { "uv": [ 0, 0, 16, 16 ], "texture": "#particle" },
				"west": { "uv": [ 0, 0, 16, 16 ], "texture": "#particle", "rotation": 180 },
				"east": { "uv": [ 16, 0, 0, 16 ], "texture": "#particle", "rotation": 180 }
			}
		},
		{
			"__comment": "Box43",
			"from": [ 14.4828, 5.2, -3.01 ],
			"to": [ 14.48496, 8.44, 0.2300007 ],
			"faces": {
				"down": { "uv": [ 14, 7, 14.25, 9 ], "texture": "#particle" },
				"up": { "uv": [ 14, 7, 14.25, 9 ], "texture": "#particle" },
				"north": { "uv": [ 0, 0, 16, 16 ], "texture": "#particle" },
				"south": { "uv": [ 0, 0, 16, 16 ], "texture": "#particle" },
				"west": { "uv": [ 0, 0, 16, 16 ], "texture": "#particle", "rotation": 180 },
				"east": { "uv": [ 16, 0, 0, 16 ], "texture": "#particle", "rotation": 180 }
			}
		},
		{
			"__comment": "Box43",
			"from": [ 14.4828, 1.42, -4.63 ],
			"to": [ 14.48496, 4.66, -1.39 ],
			"faces": {
				"down": { "uv": [ 14, 7, 14.25, 9 ], "texture": "#particle" },
				"up": { "uv": [ 14, 7, 14.25, 9 ], "texture": "#particle" },
				"north": { "uv": [ 0, 0, 16, 16 ], "texture": "#particle" },
				"south": { "uv": [ 0, 0, 16, 16 ], "texture": "#particle" },
				"west": { "uv": [ 0, 0, 16, 16 ], "texture": "#particle", "rotation": 180 },
				"east": { "uv": [ 16, 0, 0, 16 ], "texture": "#particle", "rotation": 180 }
			}
		},
		{
			"__comment": "Box1",
			"from": [ 9.76, 5.2, -12.46 ],
			"to": [ 10.435, 6.55, -12.19 ],
			"faces": {
				"down": { "uv": [ 5, 5, 0, 0 ], "texture": "#texture2" },
				"up": { "uv": [ 0, 0, 5, 5 ], "texture": "#texture2" },
				"north": { "uv": [ 8.5, 5.125, 9.75, 2.75 ], "texture": "#texture2", "rotation": 180 },
				"south": { "uv": [ 8.5, 5.125, 9.75, 2.75 ], "texture": "#texture2", "rotation": 180 },
				"west": { "uv": [ 8.5, 5.125, 9.75, 2.75 ], "texture": "#texture2", "rotation": 180 },
				"east": { "uv": [ 8.5, 5.125, 9.75, 2.75 ], "texture": "#texture2", "rotation": 180 }
			}
		},
		{
			"__comment": "Box1",
			"from": [ 10.435, 5.2, -12.595 ],
			"to": [ 12.595, 7.36, -12.19 ],
			"faces": {
				"down": { "uv": [ 11.625, 2.75, 14, 5.125 ], "texture": "#texture2", "rotation": 180 },
				"up": { "uv": [ 11.625, 2.75, 14, 5.125 ], "texture": "#texture2" },
				"north": { "uv": [ 11.625, 2.75, 14, 5.125 ], "texture": "#texture2", "rotation": 270 },
				"south": { "uv": [ 11.625, 2.75, 14, 5.125 ], "texture": "#texture2", "rotation": 270 },
				"west": { "uv": [ 11.625, 2.75, 14, 5.125 ], "texture": "#texture2", "rotation": 270 },
				"east": { "uv": [ 11.625, 2.75, 14, 5.125 ], "texture": "#texture2", "rotation": 270 }
			}
		},
		{
			"__comment": "Box1",
			"from": [ 12.595, 5.2, -12.46 ],
			"to": [ 13.405, 8.304999, -12.19 ],
			"faces": {
				"down": { "uv": [ 8.5, 5.125, 10.5, 0 ], "texture": "#texture2" },
				"up": { "uv": [ 8.5, 5.125, 10.5, 0 ], "texture": "#texture2", "rotation": 180 },
				"north": { "uv": [ 8.5, 5.125, 9.875, 0 ], "texture": "#texture2", "rotation": 180 },
				"south": { "uv": [ 8.5, 5.125, 9.875, 0 ], "texture": "#texture2", "rotation": 180 },
				"west": { "uv": [ 8.5, 5.125, 9.875, 0 ], "texture": "#texture2", "rotation": 180 },
				"east": { "uv": [ 8.5, 5.125, 9.875, 0 ], "texture": "#texture2", "rotation": 180 }
			}
		},
		{
			"__comment": "Box1",
			"from": [ 5.575, 5.2, -12.595 ],
			"to": [ 6.25, 6.55, -12.325 ],
			"faces": {
				"down": { "uv": [ 5, 5, 0, 0 ], "texture": "#texture2", "rotation": 180 },
				"up": { "uv": [ 0, 0, 5, 5 ], "texture": "#texture2", "rotation": 180 },
				"north": { "uv": [ 8.5, 5.125, 9.75, 2.75 ], "texture": "#texture2", "rotation": 180 },
				"south": { "uv": [ 8.5, 5.125, 9.75, 2.75 ], "texture": "#texture2", "rotation": 180 },
				"west": { "uv": [ 8.5, 5.125, 9.75, 2.75 ], "texture": "#texture2", "rotation": 180 },
				"east": { "uv": [ 8.5, 5.125, 9.75, 2.75 ], "texture": "#texture2", "rotation": 180 }
			}
		},
		{
			"__comment": "Box1",
			"from": [ 3.415, 5.2, -12.595 ],
			"to": [ 5.575, 7.36, -12.19 ],
			"faces": {
				"down": { "uv": [ 11.625, 2.75, 14, 5.125 ], "texture": "#texture2" },
				"up": { "uv": [ 11.625, 2.75, 14, 5.125 ], "texture": "#texture2", "rotation": 180 },
				"north": { "uv": [ 11.625, 2.75, 14, 5.125 ], "texture": "#texture2", "rotation": 270 },
				"south": { "uv": [ 11.625, 2.75, 14, 5.125 ], "texture": "#texture2", "rotation": 270 },
				"west": { "uv": [ 11.625, 2.75, 14, 5.125 ], "texture": "#texture2", "rotation": 270 },
				"east": { "uv": [ 11.625, 2.75, 14, 5.125 ], "texture": "#texture2", "rotation": 270 }
			}
		},
		{
			"__comment": "Box1",
			"from": [ 2.605, 5.2, -12.595 ],
			"to": [ 3.415, 8.304999, -12.325 ],
			"faces": {
				"down": { "uv": [ 8.5, 5.125, 10.5, 0 ], "texture": "#texture2", "rotation": 180 },
				"up": { "uv": [ 8.5, 5.125, 10.5, 0 ], "texture": "#texture2" },
				"north": { "uv": [ 8.5, 5.125, 9.875, 0 ], "texture": "#texture2", "rotation": 180 },
				"south": { "uv": [ 8.5, 5.125, 9.875, 0 ], "texture": "#texture2", "rotation": 180 },
				"west": { "uv": [ 8.5, 5.125, 9.875, 0 ], "texture": "#texture2", "rotation": 180 },
				"east": { "uv": [ 8.5, 5.125, 9.875, 0 ], "texture": "#texture2", "rotation": 180 }
			}
		},
		{
			"__comment": "Box1",
			"from": [ 3.145, 11.275, -11.11 ],
			"to": [ 12.865, 12.22, -1.12 ],
			"faces": {
				"down": { "uv": [ 4, 0, 12, 16 ], "texture": "#texture1", "rotation": 270 },
				"up": { "uv": [ 4, 0, 12, 16 ], "texture": "#texture1", "rotation": 90 },
				"north": { "uv": [ 0, 4, 16, 12.5 ], "texture": "#texture1" },
				"south": { "uv": [ 0, 4, 16, 12.5 ], "texture": "#texture1" },
				"west": { "uv": [ 4, 4, 12, 12.5 ], "texture": "#texture1" },
				"east": { "uv": [ 4, 4, 12, 12.5 ], "texture": "#texture1" }
			}
		},
		{
			"__comment": "Box1",
			"from": [ 4.225, 12.22, -10.3 ],
			"to": [ 11.785, 12.76, -2.065 ],
			"faces": {
				"down": { "uv": [ 4, 0, 12, 16 ], "texture": "#texture1", "rotation": 270 },
				"up": { "uv": [ 4, 0, 12, 16 ], "texture": "#texture1", "rotation": 90 },
				"north": { "uv": [ 0, 4, 16, 12.5 ], "texture": "#texture1" },
				"south": { "uv": [ 0, 4, 16, 12.5 ], "texture": "#texture1" },
				"west": { "uv": [ 4, 4, 12, 12.5 ], "texture": "#texture1" },
				"east": { "uv": [ 4, 4, 12, 12.5 ], "texture": "#texture1" }
			}
		},
		{
			"__comment": "Box3",
			"from": [ -10.005, -2.13, 18.12 ],
			"to": [ -3.524999, 8.670001, 27.84 ],
			"rotation": { "origin": [ -25.125, -2.400001, 18.12 ], "axis": "x", "angle": 22.5 },
			"faces": {
				"down": { "uv": [ 3, 2, 6, 6.5 ], "texture": "#texture" },
				"up": { "uv": [ 3, 9.5, 6, 14 ], "texture": "#texture" },
				"north": { "uv": [ 10, 10.125, 13, 15.125 ], "texture": "#texture" },
				"south": { "uv": [ 3, 10.125, 6, 15.125 ], "texture": "#texture" },
				"west": { "uv": [ 3, 4, 12, 13 ], "texture": "#texture" },
				"east": { "uv": [ 3, 4, 12, 13 ], "texture": "#texture" }
			}
		},
		{
			"__comment": "Box1",
			"from": [ -3.09, -5.03, -1.05 ],
			"to": [ 18.44, -3.48, 30.655 ],
			"faces": {
				"down": { "uv": [ 4, 0, 12, 16 ], "texture": "#texture" },
				"up": { "uv": [ 4, 0, 12, 16 ], "texture": "#texture" },
				"north": { "uv": [ 0, 6.5, 16, 7.5 ], "texture": "#texture" },
				"south": { "uv": [ 0, 6, 16, 7 ], "texture": "#texture" },
				"west": { "uv": [ 0, 0.5, 16, 2 ], "texture": "#texture" },
				"east": { "uv": [ 0, 15, 16, 16 ], "texture": "#texture" }
			}
		},
		{
			"__comment": "Box1",
			"from": [ 18.285, -5.03, -1.05 ],
			"to": [ 20.94, 12.77, 30.655 ],
			"faces": {
				"down": { "uv": [ 4, 0, 12, 16 ], "texture": "#texture" },
				"up": { "uv": [ 0, 0, 1, 16 ], "texture": "#texture" },
				"north": { "uv": [ 0, 3.5, 1.5, 15.5 ], "texture": "#texture" },
				"south": { "uv": [ 4, 4, 5.5, 14.5 ], "texture": "#texture" },
				"west": { "uv": [ 0, 0.5, 16, 9 ], "texture": "#texture" },
				"east": { "uv": [ 0, 0.5, 16, 9 ], "texture": "#texture" }
			}
		},
		{
			"__comment": "Box1",
			"from": [ -5.84, -5.03, -1.05 ],
			"to": [ -3.184999, 12.77, 30.655 ],
			"faces": {
				"down": { "uv": [ 4, 0, 12, 16 ], "texture": "#texture" },
				"up": { "uv": [ 4, 0, 6, 16 ], "texture": "#texture" },
				"north": { "uv": [ 0, 4, 1.5, 15 ], "texture": "#texture" },
				"south": { "uv": [ 0, 4, 1.5, 15.5 ], "texture": "#texture" },
				"west": { "uv": [ 0, 0.5, 16, 9 ], "texture": "#texture" },
				"east": { "uv": [ 0, 0.5, 16, 9 ], "texture": "#texture" }
			}
		},
		{
			"__comment": "Box1",
			"from": [ -3.215, -3.28, -1.05 ],
			"to": [ 18.315, 12.77, 1.655 ],
			"faces": {
				"down": { "uv": [ 4, 0, 12, 16 ], "texture": "#texture" },
				"up": { "uv": [ 4, 0, 16, 1.5 ], "texture": "#texture" },
				"north": { "uv": [ 3.5, 2.5, 13.5, 13.5 ], "texture": "#texture" },
				"south": { "uv": [ 4, 4, 12, 12.5 ], "texture": "#texture" },
				"west": { "uv": [ 0, 0.5, 16, 8.5 ], "texture": "#texture" },
				"east": { "uv": [ 0, 0.5, 16, 9 ], "texture": "#texture" }
			}
		},
		{
			"__comment": "Box1",
			"from": [ -3.215, -3.53, 27.825 ],
			"to": [ 18.315, 12.77, 30.53 ],
			"faces": {
				"down": { "uv": [ 4, 0, 12, 16 ], "texture": "#texture" },
				"up": { "uv": [ 1.5, 0, 13.5, 2 ], "texture": "#texture" },
				"north": { "uv": [ 4, 4, 12, 12.5 ], "texture": "#texture" },
				"south": { "uv": [ 4, 4, 12, 12.5 ], "texture": "#texture" },
				"west": { "uv": [ 0, 0.5, 16, 9 ], "texture": "#texture" },
				"east": { "uv": [ 0, 0.5, 16, 9 ], "texture": "#texture" }
			}
		},
		{
			"__comment": "Box43",
			"from": [ 9.25, -2.5, 30.8728 ],
			"to": [ 13.03, 1.28, 30.87496 ],
			"faces": {
				"down": { "uv": [ 14, 7, 14.25, 9 ], "texture": "#particle", "rotation": 90 },
				"up": { "uv": [ 14, 7, 14.25, 9 ], "texture": "#particle", "rotation": 270 },
				"north": { "uv": [ 16, 0, 0, 16 ], "texture": "#particle", "rotation": 180 },
				"south": { "uv": [ 0, 0, 16, 16 ], "texture": "#particle", "rotation": 180 },
				"west": { "uv": [ 0, 0, 16, 16 ], "texture": "#particle" },
				"east": { "uv": [ 0, 0, 16, 16 ], "texture": "#particle" }
			}
		},
		{
			"__comment": "Box43",
			"from": [ 9.5, 1.5, 30.9978 ],
			"to": [ 13.28, 5.28, 30.99996 ],
			"faces": {
				"down": { "uv": [ 14, 7, 14.25, 9 ], "texture": "#particle", "rotation": 90 },
				"up": { "uv": [ 14, 7, 14.25, 9 ], "texture": "#particle", "rotation": 270 },
				"north": { "uv": [ 16, 0, 0, 16 ], "texture": "#particle", "rotation": 180 },
				"south": { "uv": [ 0, 0, 16, 16 ], "texture": "#particle", "rotation": 180 },
				"west": { "uv": [ 0, 0, 16, 16 ], "texture": "#particle" },
				"east": { "uv": [ 0, 0, 16, 16 ], "texture": "#particle" }
			}
		},
		{
			"__comment": "Box43",
			"from": [ 9.5, 5.5, 30.9978 ],
			"to": [ 13.28, 9.28, 30.99996 ],
			"faces": {
				"down": { "uv": [ 14, 7, 14.25, 9 ], "texture": "#particle", "rotation": 90 },
				"up": { "uv": [ 14, 7, 14.25, 9 ], "texture": "#particle", "rotation": 270 },
				"north": { "uv": [ 16, 0, 0, 16 ], "texture": "#particle", "rotation": 180 },
				"south": { "uv": [ 0, 0, 16, 16 ], "texture": "#particle", "rotation": 180 },
				"west": { "uv": [ 0, 0, 16, 16 ], "texture": "#particle" },
				"east": { "uv": [ 0, 0, 16, 16 ], "texture": "#particle" }
			}
		},
		{
			"__comment": "Box43",
			"from": [ 9.5, 9.5, 30.9978 ],
			"to": [ 13.28, 13.28, 30.99996 ],
			"faces": {
				"down": { "uv": [ 14, 7, 14.25, 9 ], "texture": "#particle", "rotation": 90 },
				"up": { "uv": [ 14, 7, 14.25, 9 ], "texture": "#particle", "rotation": 270 },
				"north": { "uv": [ 16, 0, 0, 16 ], "texture": "#particle", "rotation": 180 },
				"south": { "uv": [ 0, 0, 16, 16 ], "texture": "#particle", "rotation": 180 },
				"west": { "uv": [ 0, 0, 16, 16 ], "texture": "#particle" },
				"east": { "uv": [ 0, 0, 16, 16 ], "texture": "#particle" }
			}
		},
		{
			"__comment": "Box43",
			"from": [ 2.72, 9.5, 31 ],
			"to": [ 6.500001, 13.28, 31.00216 ],
			"faces": {
				"down": { "uv": [ 14, 7, 14.25, 9 ], "texture": "#particle", "rotation": 270 },
				"up": { "uv": [ 14, 7, 14.25, 9 ], "texture": "#particle", "rotation": 90 },
				"north": { "uv": [ 0, 0, 16, 16 ], "texture": "#particle", "rotation": 180 },
				"south": { "uv": [ 16, 0, 0, 16 ], "texture": "#particle", "rotation": 180 },
				"west": { "uv": [ 0, 0, 16, 16 ], "texture": "#particle" },
				"east": { "uv": [ 0, 0, 16, 16 ], "texture": "#particle" }
			}
		},
		{
			"__comment": "Box43",
			"from": [ 2.72, 5.5, 31 ],
			"to": [ 6.500001, 9.28, 31.00216 ],
			"faces": {
				"down": { "uv": [ 14, 7, 14.25, 9 ], "texture": "#particle", "rotation": 270 },
				"up": { "uv": [ 14, 7, 14.25, 9 ], "texture": "#particle", "rotation": 90 },
				"north": { "uv": [ 0, 0, 16, 16 ], "texture": "#particle", "rotation": 180 },
				"south": { "uv": [ 16, 0, 0, 16 ], "texture": "#particle", "rotation": 180 },
				"west": { "uv": [ 0, 0, 16, 16 ], "texture": "#particle" },
				"east": { "uv": [ 0, 0, 16, 16 ], "texture": "#particle" }
			}
		},
		{
			"__comment": "Box43",
			"from": [ 2.72, 1.5, 31 ],
			"to": [ 6.500001, 5.28, 31.00216 ],
			"faces": {
				"down": { "uv": [ 14, 7, 14.25, 9 ], "texture": "#particle", "rotation": 270 },
				"up": { "uv": [ 14, 7, 14.25, 9 ], "texture": "#particle", "rotation": 90 },
				"north": { "uv": [ 0, 0, 16, 16 ], "texture": "#particle", "rotation": 180 },
				"south": { "uv": [ 16, 0, 0, 16 ], "texture": "#particle", "rotation": 180 },
				"west": { "uv": [ 0, 0, 16, 16 ], "texture": "#particle" },
				"east": { "uv": [ 0, 0, 16, 16 ], "texture": "#particle" }
			}
		},
		{
			"__comment": "Box43",
			"from": [ 2.97, -2.5, 31.125 ],
			"to": [ 6.750001, 1.28, 31.12716 ],
			"faces": {
				"down": { "uv": [ 14, 7, 14.25, 9 ], "texture": "#particle", "rotation": 270 },
				"up": { "uv": [ 14, 7, 14.25, 9 ], "texture": "#particle", "rotation": 90 },
				"north": { "uv": [ 0, 0, 16, 16 ], "texture": "#particle", "rotation": 180 },
				"south": { "uv": [ 16, 0, 0, 16 ], "texture": "#particle", "rotation": 180 },
				"west": { "uv": [ 0, 0, 16, 16 ], "texture": "#particle" },
				"east": { "uv": [ 0, 0, 16, 16 ], "texture": "#particle" }
			}
		},
		{
			"__comment": "Box43",
			"from": [ -10, 7, 8 ],
			"to": [ -9.99784, 9.7, 10.7 ],
			"faces": {
				"down": { "uv": [ 14, 7, 14.25, 9 ], "texture": "#particle" },
				"up": { "uv": [ 14, 7, 14.25, 9 ], "texture": "#particle" },
				"north": { "uv": [ 0, 0, 16, 16 ], "texture": "#particle" },
				"south": { "uv": [ 0, 0, 16, 16 ], "texture": "#particle" },
				"west": { "uv": [ 0, 0, 16, 16 ], "texture": "#particle", "rotation": 180 },
				"east": { "uv": [ 16, 0, 0, 16 ], "texture": "#particle", "rotation": 180 }
			}
		},
		{
			"__comment": "Box43",
			"from": [ -10, 6, 10.5 ],
			"to": [ -9.99784, 9.78, 14.28 ],
			"faces": {
				"down": { "uv": [ 14, 7, 14.25, 9 ], "texture": "#particle" },
				"up": { "uv": [ 14, 7, 14.25, 9 ], "texture": "#particle" },
				"north": { "uv": [ 0, 0, 16, 16 ], "texture": "#particle" },
				"south": { "uv": [ 0, 0, 16, 16 ], "texture": "#particle" },
				"west": { "uv": [ 0, 0, 16, 16 ], "texture": "#particle", "rotation": 180 },
				"east": { "uv": [ 16, 0, 0, 16 ], "texture": "#particle", "rotation": 180 }
			}
		}
	],
	"display": {
		"gui": {
			"rotation":  [ 0, 90, 0 ],
			"scale":  [ 0.5, 0.5, 0.5 ]
		},
		"head": {
			"translation":  [ 0, -28, -5 ]
		},
		"fixed": {
			"rotation":  [ 0, -90, 0 ],
			"translation":  [ 10, 53, 3 ],
			"scale":  [ 4, 4, 4 ]
		}
	}
}