{
	"__comment": "Designed by twodice",
	"textures": {
		"particle": "items/pic2",
		"texture": "items/fr1"
	},
	"elements": [ 	 
		{
			"__comment": "Box1",
			"from": [ 19.5, -3, 7 ],
			"to": [ 20.5, 22, 8 ],
			"faces": {
				"down": { "uv": [ 3.5, 8, 4.5, 9 ], "texture": "#texture" },
				"up": { "uv": [ 3.5, 7, 4.5, 8 ], "texture": "#texture" },
				"north": { "uv": [ 11.5, 0, 12.5, 16 ], "texture": "#texture" },
				"south": { "uv": [ 3.5, 0, 4.5, 16 ], "texture": "#texture" },
				"west": { "uv": [ 7, 0, 8, 16 ], "texture": "#texture" },
				"east": { "uv": [ 8, 0, 9, 16 ], "texture": "#texture" }
			}
		},
		{
			"__comment": "Box3",
			"from": [ -10, -5.75, 7.5 ],
			"to": [ 20.5, 24.75, 7.501 ],
			"faces": {
				"down": { "uv": [ 0, 0, 2.5, 1.5 ], "texture": "#particle" },
				"up": { "uv": [ 0, 0, 2.5, 1.5 ], "texture": "#particle" },
				"north": { "uv": [ 0, 4, 8, 12 ], "texture": "#particle" },
				"south": { "uv": [ 8, 4, 0, 12 ], "texture": "#particle" },
				"west": { "uv": [ 0, 0, 2.5, 1.5 ], "texture": "#particle" },
				"east": { "uv": [ 0, 0, 2.5, 1.5 ], "texture": "#particle" }
			}
		},
		{
			"__comment": "Box1",
			"from": [ -10, 22, 7 ],
			"to": [ 20.5, 23, 8 ],
			"faces": {
				"down": { "uv": [ 0, 8, 16, 9 ], "texture": "#texture" },
				"up": { "uv": [ 0, 7, 16, 8 ], "texture": "#texture" },
				"north": { "uv": [ 0, 9, 16, 10 ], "texture": "#texture" },
				"south": { "uv": [ 0, 9, 16, 10 ], "texture": "#texture" },
				"west": { "uv": [ 7, 9, 8, 10 ], "texture": "#texture" },
				"east": { "uv": [ 8, 9, 9, 10 ], "texture": "#texture" }
			}
		},
		{
			"__comment": "Box1",
			"from": [ -10, -4, 7 ],
			"to": [ 20.5, -3, 8 ],
			"faces": {
				"down": { "uv": [ 0, 8, 16, 9 ], "texture": "#texture" },
				"up": { "uv": [ 0, 7, 16, 8 ], "texture": "#texture" },
				"north": { "uv": [ 0, 3, 16, 4 ], "texture": "#texture" },
				"south": { "uv": [ 0, 3, 16, 4 ], "texture": "#texture" },
				"west": { "uv": [ 7, 3, 8, 4 ], "texture": "#texture" },
				"east": { "uv": [ 8, 3, 9, 4 ], "texture": "#texture" }
			}
		}
	],
	"display": {
		"head": {
			"rotation":  [ 0, 180, 0 ],
			"translation":  [ -24.5, 80, -7 ],
			"scale":  [ 4, 4, 4 ]
		}
	}
}