{
	"__comment": "Designed by EATSTEAK with Cubik Studio - https://cubik.studio",
	"textures": {
		"particle": "items/particle",
		"navy_lower": "items/navy_lower",
		"navy_upper": "items/navy_upper",
		"navy_text": "items/navy_text"
	},
	"elements": [ 	 
		{
			"__comment": "Box1",
			"from": [ 4.5, 7.25, 4.5 ],
			"to": [ 11.5, 8.75, 11.5 ],
			"faces": {
				"down": { "uv": [ 4.5, 10.5, 5.5, 11.5 ], "texture": "#navy_lower", "rotation": 270 },
				"up": { "uv": [ 4.5, 13.5, 11.5, 12.5 ], "texture": "#navy_lower", "rotation": 90 },
				"north": { "uv": [ 0, 0, 12, 3 ], "texture": "#navy_lower" },
				"south": { "uv": [ 0, 3, 12, 6 ], "texture": "#navy_lower" },
				"west": { "uv": [ 0, 6, 12, 9 ], "texture": "#navy_lower" },
				"east": { "uv": [ 0, 9.5, 12, 12 ], "texture": "#navy_lower" }
			}
		},
		{
			"__comment": "Box1",
			"from": [ 4.25, 8.75, 4.25 ],
			"to": [ 11.75, 9.875, 11.75 ],
			"faces": {
				"down": { "uv": [ 4.25, 4.25, 11.75, 11.75 ], "texture": "#navy_upper" },
				"up": { "uv": [ 0, 0, 8.5, 8 ], "texture": "#navy_upper" },
				"north": { "uv": [ 4.25, 6.5, 11.75, 7.25 ], "texture": "#navy_upper" },
				"south": { "uv": [ 4.25, 6.5, 11.75, 7.25 ], "texture": "#navy_upper" },
				"west": { "uv": [ 4.25, 6.5, 11.75, 7.25 ], "texture": "#navy_upper" },
				"east": { "uv": [ 4.25, 6.5, 11.75, 7.25 ], "texture": "#navy_upper" }
			}
		},
		{
			"__comment": "Box10",
			"from": [ 4.625, 7.25, 4.48 ],
			"to": [ 11.5, 8.75, 4.481 ],
			"faces": {
				"down": { "uv": [ 4.625, 11.519, 11.5, 11.52 ], "texture": "#navy_text" },
				"up": { "uv": [ 4.625, 4.48, 11.5, 4.481 ], "texture": "#navy_text" },
				"north": { "uv": [ 4.5, 7.25, 11.375, 8.75 ], "texture": "#navy_text" },
				"south": { "uv": [ 4.625, 7.25, 11.5, 8.75 ], "texture": "#navy_text" },
				"west": { "uv": [ 4.48, 7.25, 4.481, 8.75 ], "texture": "#navy_text" },
				"east": { "uv": [ 11.519, 7.25, 11.52, 8.75 ], "texture": "#navy_text" }
			}
		}
	],
	"display": {
		"head": {
			"translation":  [ 0, 7.5, 0 ]
		}
	}
}