{
	"__comment": "Designed by Itstake with Cubik Studio - https://cubik.studio",
	"textures": {
		"particle": "items/inner",
		"inner": "items/inner",
		"outer": "items/outer"
	},
	"elements": [ 	 
		{
			"__comment": "Box1",
			"from": [ 26.5, -15, 14 ],
			"to": [ 28.5, 30, 16 ],
			"faces": {
				"down": { "uv": [ 10.5, 0, 12.5, 2 ], "texture": "#outer" },
				"up": { "uv": [ 10.5, 14, 12.5, 16 ], "texture": "#outer" },
				"north": { "uv": [ 3.5, 0, 5.5, 16 ], "texture": "#outer" },
				"south": { "uv": [ 10.5, 0, 12.5, 16 ], "texture": "#outer" },
				"west": { "uv": [ 14, 0, 16, 16 ], "texture": "#outer" },
				"east": { "uv": [ 0, 0, 2, 16 ], "texture": "#outer" }
			}
		},
		{
			"__comment": "Box1",
			"from": [ 26.5, -16, -1 ],
			"to": [ 28.5, -15, 17 ],
			"faces": {
				"down": { "uv": [ 10.5, 0, 12.5, 16 ], "texture": "#outer" },
				"up": { "uv": [ 10.5, 0, 12.5, 16 ], "texture": "#outer" },
				"north": { "uv": [ 3.5, 15, 5.5, 16 ], "texture": "#outer" },
				"south": { "uv": [ 10.5, 15, 12.5, 16 ], "texture": "#outer" },
				"west": { "uv": [ 0, 15, 16, 16 ], "texture": "#outer" },
				"east": { "uv": [ 0, 15, 16, 16 ], "texture": "#outer" }
			}
		},
		{
			"__comment": "Box1",
			"from": [ -16, 30, -2 ],
			"to": [ 32, 32, 18 ],
			"faces": {
				"down": { "uv": [ 0, 0, 16, 16 ], "texture": "#outer" },
				"up": { "uv": [ 0, 0, 16, 16 ], "texture": "#outer" },
				"north": { "uv": [ 0, 0, 16, 2 ], "texture": "#outer" },
				"south": { "uv": [ 0, 0, 16, 2 ], "texture": "#outer" },
				"west": { "uv": [ 0, 0, 16, 2 ], "texture": "#outer" },
				"east": { "uv": [ 0, 0, 16, 2 ], "texture": "#outer" }
			}
		},
		{
			"__comment": "Box1",
			"from": [ -12.5, -15, 14 ],
			"to": [ -10.5, 30, 16 ],
			"faces": {
				"down": { "uv": [ 3.5, 0, 5.5, 2 ], "texture": "#outer" },
				"up": { "uv": [ 3.5, 14, 5.5, 16 ], "texture": "#outer" },
				"north": { "uv": [ 10.5, 0, 12.5, 16 ], "texture": "#outer" },
				"south": { "uv": [ 3.5, 0, 5.5, 16 ], "texture": "#outer" },
				"west": { "uv": [ 14, 0, 16, 16 ], "texture": "#outer" },
				"east": { "uv": [ 0, 0, 2, 16 ], "texture": "#outer" }
			}
		},
		{
			"__comment": "Box1",
			"from": [ -12.5, -15, 0 ],
			"to": [ -10.5, 30, 2 ],
			"faces": {
				"down": { "uv": [ 3.5, 14, 5.5, 16 ], "texture": "#outer" },
				"up": { "uv": [ 3.5, 0, 5.5, 2 ], "texture": "#outer" },
				"north": { "uv": [ 10.5, 0, 12.5, 16 ], "texture": "#outer" },
				"south": { "uv": [ 3.5, 0, 5.5, 16 ], "texture": "#outer" },
				"west": { "uv": [ 0, 0, 2, 16 ], "texture": "#outer" },
				"east": { "uv": [ 14, 0, 16, 16 ], "texture": "#outer" }
			}
		},
		{
			"__comment": "Box1",
			"from": [ -12.5, -16, -1 ],
			"to": [ -10.5, -15, 17 ],
			"faces": {
				"down": { "uv": [ 3.5, 0, 5.5, 16 ], "texture": "#outer" },
				"up": { "uv": [ 3.5, 0, 5.5, 16 ], "texture": "#outer" },
				"north": { "uv": [ 10.5, 15, 12.5, 16 ], "texture": "#outer" },
				"south": { "uv": [ 3.5, 15, 5.5, 16 ], "texture": "#outer" },
				"west": { "uv": [ 0, 15, 16, 16 ], "texture": "#outer" },
				"east": { "uv": [ 0, 15, 16, 16 ], "texture": "#outer" }
			}
		},
		{
			"__comment": "Box1",
			"from": [ -12, -11, 0.5 ],
			"to": [ 28, 30, 15.5 ],
			"faces": {
				"down": { "uv": [ 0, 0.5, 16, 15.5 ], "texture": "#inner" },
				"up": { "uv": [ 0, 0.5, 16, 15.5 ], "texture": "#inner" },
				"north": { "uv": [ 0, 0, 16, 16 ], "texture": "#inner" },
				"south": { "uv": [ 0, 0, 16, 16 ], "texture": "#inner" },
				"west": { "uv": [ 0.5, 0, 15.5, 16 ], "texture": "#inner" },
				"east": { "uv": [ 0.5, 0, 15.5, 16 ], "texture": "#inner" }
			}
		},
		{
			"__comment": "Box1",
			"from": [ 26.5, -15, 0 ],
			"to": [ 28.5, 30, 2 ],
			"faces": {
				"down": { "uv": [ 10.5, 14, 12.5, 16 ], "texture": "#outer" },
				"up": { "uv": [ 10.5, 0, 12.5, 2 ], "texture": "#outer" },
				"north": { "uv": [ 3.5, 0, 5.5, 16 ], "texture": "#outer" },
				"south": { "uv": [ 10.5, 0, 12.5, 16 ], "texture": "#outer" },
				"west": { "uv": [ 0, 0, 2, 16 ], "texture": "#outer" },
				"east": { "uv": [ 14, 0, 16, 16 ], "texture": "#outer" }
			}
		},
		{
			"__comment": "Box1",
			"from": [ -10.5, -11, 14 ],
			"to": [ 26.5, -10, 16 ],
			"faces": {
				"down": { "uv": [ 0, 0, 16, 2 ], "texture": "#outer" },
				"up": { "uv": [ 0, 14, 16, 16 ], "texture": "#outer" },
				"north": { "uv": [ 0, 10, 16, 11 ], "texture": "#outer" },
				"south": { "uv": [ 0, 10, 16, 11 ], "texture": "#outer" },
				"west": { "uv": [ 14, 10, 16, 11 ], "texture": "#outer" },
				"east": { "uv": [ 0, 10, 2, 11 ], "texture": "#outer" }
			}
		},
		{
			"__comment": "Box1",
			"from": [ 13.5, -2, 14 ],
			"to": [ 15.5, 29, 16 ],
			"faces": {
				"down": { "uv": [ 13.5, 0, 15.5, 2 ], "texture": "#outer" },
				"up": { "uv": [ 13.5, 14, 15.5, 16 ], "texture": "#outer" },
				"north": { "uv": [ 0.5, 0, 2.5, 16 ], "texture": "#outer" },
				"south": { "uv": [ 13.5, 0, 15.5, 16 ], "texture": "#outer" },
				"west": { "uv": [ 14, 0, 16, 16 ], "texture": "#outer" },
				"east": { "uv": [ 0, 0, 2, 16 ], "texture": "#outer" }
			}
		},
		{
			"__comment": "Box1",
			"from": [ -10.5, 29, 14 ],
			"to": [ 26.5, 30, 16 ],
			"faces": {
				"down": { "uv": [ 0, 0, 16, 2 ], "texture": "#outer" },
				"up": { "uv": [ 0, 14, 16, 16 ], "texture": "#outer" },
				"north": { "uv": [ 0, 2, 16, 3 ], "texture": "#outer" },
				"south": { "uv": [ 0, 2, 16, 3 ], "texture": "#outer" },
				"west": { "uv": [ 14, 2, 16, 3 ], "texture": "#outer" },
				"east": { "uv": [ 0, 2, 2, 3 ], "texture": "#outer" }
			}
		},
		{
			"__comment": "Box1",
			"from": [ -10.5, 13, 14 ],
			"to": [ 26.5, 14, 16 ],
			"faces": {
				"down": { "uv": [ 0, 0, 16, 2 ], "texture": "#outer" },
				"up": { "uv": [ 0, 14, 16, 16 ], "texture": "#outer" },
				"north": { "uv": [ 0, 2, 16, 3 ], "texture": "#outer" },
				"south": { "uv": [ 0, 2, 16, 3 ], "texture": "#outer" },
				"west": { "uv": [ 14, 2, 16, 3 ], "texture": "#outer" },
				"east": { "uv": [ 0, 2, 2, 3 ], "texture": "#outer" }
			}
		},
		{
			"__comment": "Box1",
			"from": [ -10.5, 5, 14 ],
			"to": [ 26.5, 6, 16 ],
			"faces": {
				"down": { "uv": [ 0, 0, 16, 2 ], "texture": "#outer" },
				"up": { "uv": [ 0, 14, 16, 16 ], "texture": "#outer" },
				"north": { "uv": [ 0, 10, 16, 11 ], "texture": "#outer" },
				"south": { "uv": [ 0, 10, 16, 11 ], "texture": "#outer" },
				"west": { "uv": [ 14, 10, 16, 11 ], "texture": "#outer" },
				"east": { "uv": [ 0, 10, 2, 11 ], "texture": "#outer" }
			}
		},
		{
			"__comment": "Box1",
			"from": [ -10.5, -3, 14 ],
			"to": [ 26.5, -2, 16 ],
			"faces": {
				"down": { "uv": [ 0, 0, 16, 2 ], "texture": "#outer" },
				"up": { "uv": [ 0, 14, 16, 16 ], "texture": "#outer" },
				"north": { "uv": [ 0, 2, 16, 3 ], "texture": "#outer" },
				"south": { "uv": [ 0, 2, 16, 3 ], "texture": "#outer" },
				"west": { "uv": [ 14, 2, 16, 3 ], "texture": "#outer" },
				"east": { "uv": [ 0, 2, 2, 3 ], "texture": "#outer" }
			}
		},
		{
			"__comment": "Box1",
			"from": [ -10.5, 21, 14 ],
			"to": [ 26.5, 22, 16 ],
			"faces": {
				"down": { "uv": [ 0, 0, 16, 2 ], "texture": "#outer" },
				"up": { "uv": [ 0, 14, 16, 16 ], "texture": "#outer" },
				"north": { "uv": [ 0, 10, 16, 11 ], "texture": "#outer" },
				"south": { "uv": [ 0, 10, 16, 11 ], "texture": "#outer" },
				"west": { "uv": [ 14, 10, 16, 11 ], "texture": "#outer" },
				"east": { "uv": [ 0, 10, 2, 11 ], "texture": "#outer" }
			}
		},
		{
			"__comment": "Box1",
			"from": [ -5.5, -2, 14 ],
			"to": [ -4.5, 29, 16 ],
			"faces": {
				"down": { "uv": [ 10.5, 0, 11.5, 2 ], "texture": "#outer" },
				"up": { "uv": [ 10.5, 14, 11.5, 16 ], "texture": "#outer" },
				"north": { "uv": [ 4.5, 0, 5.5, 16 ], "texture": "#outer" },
				"south": { "uv": [ 10.5, 0, 11.5, 16 ], "texture": "#outer" },
				"west": { "uv": [ 14, 0, 16, 16 ], "texture": "#outer" },
				"east": { "uv": [ 0, 0, 2, 16 ], "texture": "#outer" }
			}
		},
		{
			"__comment": "Box1",
			"from": [ 0.5, -2, 14 ],
			"to": [ 2.5, 29, 16 ],
			"faces": {
				"down": { "uv": [ 0.5, 0, 2.5, 2 ], "texture": "#outer" },
				"up": { "uv": [ 0.5, 14, 2.5, 16 ], "texture": "#outer" },
				"north": { "uv": [ 13.5, 0, 15.5, 16 ], "texture": "#outer" },
				"south": { "uv": [ 0.5, 0, 2.5, 16 ], "texture": "#outer" },
				"west": { "uv": [ 14, 0, 16, 16 ], "texture": "#outer" },
				"east": { "uv": [ 0, 0, 2, 16 ], "texture": "#outer" }
			}
		},
		{
			"__comment": "Box1",
			"from": [ 20.5, -2, 14 ],
			"to": [ 21.5, 29, 16 ],
			"faces": {
				"down": { "uv": [ 4.5, 0, 5.5, 2 ], "texture": "#outer" },
				"up": { "uv": [ 4.5, 14, 5.5, 16 ], "texture": "#outer" },
				"north": { "uv": [ 10.5, 0, 11.5, 16 ], "texture": "#outer" },
				"south": { "uv": [ 4.5, 0, 5.5, 16 ], "texture": "#outer" },
				"west": { "uv": [ 14, 0, 16, 16 ], "texture": "#outer" },
				"east": { "uv": [ 0, 0, 2, 16 ], "texture": "#outer" }
			}
		},
		{
			"__comment": "Box1",
			"from": [ 26.5, 13, 2 ],
			"to": [ 28.5, 14, 14 ],
			"faces": {
				"down": { "uv": [ 10.5, 2, 12.5, 14 ], "texture": "#outer" },
				"up": { "uv": [ 10.5, 2, 12.5, 14 ], "texture": "#outer" },
				"north": { "uv": [ 3.5, 2, 5.5, 3 ], "texture": "#outer" },
				"south": { "uv": [ 10.5, 2, 12.5, 3 ], "texture": "#outer" },
				"west": { "uv": [ 2, 2, 14, 3 ], "texture": "#outer" },
				"east": { "uv": [ 2, 2, 14, 3 ], "texture": "#outer" }
			}
		},
		{
			"__comment": "Box1",
			"from": [ 26.5, -3, 2 ],
			"to": [ 28.5, -2, 14 ],
			"faces": {
				"down": { "uv": [ 10.5, 2, 12.5, 14 ], "texture": "#outer" },
				"up": { "uv": [ 10.5, 2, 12.5, 14 ], "texture": "#outer" },
				"north": { "uv": [ 3.5, 2, 5.5, 3 ], "texture": "#outer" },
				"south": { "uv": [ 10.5, 2, 12.5, 3 ], "texture": "#outer" },
				"west": { "uv": [ 2, 2, 14, 3 ], "texture": "#outer" },
				"east": { "uv": [ 2, 2, 14, 3 ], "texture": "#outer" }
			}
		},
		{
			"__comment": "Box1",
			"from": [ -12.5, -3, 2 ],
			"to": [ -10.5, -2, 14 ],
			"faces": {
				"down": { "uv": [ 3.5, 2, 5.5, 14 ], "texture": "#outer" },
				"up": { "uv": [ 3.5, 2, 5.5, 14 ], "texture": "#outer" },
				"north": { "uv": [ 10.5, 2, 12.5, 3 ], "texture": "#outer" },
				"south": { "uv": [ 3.5, 2, 5.5, 3 ], "texture": "#outer" },
				"west": { "uv": [ 2, 2, 14, 3 ], "texture": "#outer" },
				"east": { "uv": [ 2, 2, 14, 3 ], "texture": "#outer" }
			}
		},
		{
			"__comment": "Box1",
			"from": [ -12.5, 13, 2 ],
			"to": [ -10.5, 14, 14 ],
			"faces": {
				"down": { "uv": [ 3.5, 2, 5.5, 14 ], "texture": "#outer" },
				"up": { "uv": [ 3.5, 2, 5.5, 14 ], "texture": "#outer" },
				"north": { "uv": [ 10.5, 2, 12.5, 3 ], "texture": "#outer" },
				"south": { "uv": [ 3.5, 2, 5.5, 3 ], "texture": "#outer" },
				"west": { "uv": [ 2, 2, 14, 3 ], "texture": "#outer" },
				"east": { "uv": [ 2, 2, 14, 3 ], "texture": "#outer" }
			}
		},
		{
			"__comment": "Box1",
			"from": [ 2.5, -2, 14 ],
			"to": [ 13.5, -1, 16 ],
			"faces": {
				"down": { "uv": [ 2.5, 0, 13.5, 2 ], "texture": "#outer" },
				"up": { "uv": [ 2.5, 14, 13.5, 16 ], "texture": "#outer" },
				"north": { "uv": [ 2.5, 1, 13.5, 2 ], "texture": "#outer" },
				"south": { "uv": [ 2.5, 1, 13.5, 2 ], "texture": "#outer" },
				"west": { "uv": [ 14, 1, 16, 2 ], "texture": "#outer" },
				"east": { "uv": [ 0, 1, 2, 2 ], "texture": "#outer" }
			}
		},
		{
			"__comment": "Box1",
			"from": [ 2.5, 12, 14 ],
			"to": [ 13.5, 13, 16 ],
			"faces": {
				"down": { "uv": [ 2.5, 0, 13.5, 2 ], "texture": "#outer" },
				"up": { "uv": [ 2.5, 14, 13.5, 16 ], "texture": "#outer" },
				"north": { "uv": [ 2.5, 3, 13.5, 4 ], "texture": "#outer" },
				"south": { "uv": [ 2.5, 3, 13.5, 4 ], "texture": "#outer" },
				"west": { "uv": [ 14, 3, 16, 4 ], "texture": "#outer" },
				"east": { "uv": [ 0, 3, 2, 4 ], "texture": "#outer" }
			}
		},
		{
			"__comment": "Box1",
			"from": [ 2.5, 14, 14 ],
			"to": [ 13.5, 15, 16 ],
			"faces": {
				"down": { "uv": [ 2.5, 0, 13.5, 2 ], "texture": "#outer" },
				"up": { "uv": [ 2.5, 14, 13.5, 16 ], "texture": "#outer" },
				"north": { "uv": [ 2.5, 1, 13.5, 2 ], "texture": "#outer" },
				"south": { "uv": [ 2.5, 1, 13.5, 2 ], "texture": "#outer" },
				"west": { "uv": [ 14, 1, 16, 2 ], "texture": "#outer" },
				"east": { "uv": [ 0, 1, 2, 2 ], "texture": "#outer" }
			}
		},
		{
			"__comment": "Box1",
			"from": [ 2.5, 28, 14 ],
			"to": [ 13.5, 29, 16 ],
			"faces": {
				"down": { "uv": [ 2.5, 0, 13.5, 2 ], "texture": "#outer" },
				"up": { "uv": [ 2.5, 14, 13.5, 16 ], "texture": "#outer" },
				"north": { "uv": [ 2.5, 3, 13.5, 4 ], "texture": "#outer" },
				"south": { "uv": [ 2.5, 3, 13.5, 4 ], "texture": "#outer" },
				"west": { "uv": [ 14, 3, 16, 4 ], "texture": "#outer" },
				"east": { "uv": [ 0, 3, 2, 4 ], "texture": "#outer" }
			}
		},
		{
			"__comment": "Box1",
			"from": [ 7, 15, 14 ],
			"to": [ 9, 28, 16 ],
			"faces": {
				"down": { "uv": [ 7, 0, 9, 2 ], "texture": "#outer" },
				"up": { "uv": [ 7, 14, 9, 16 ], "texture": "#outer" },
				"north": { "uv": [ 7, 0, 9, 1 ], "texture": "#outer" },
				"south": { "uv": [ 7, 0, 9, 1 ], "texture": "#outer" },
				"west": { "uv": [ 14, 0, 16, 1 ], "texture": "#outer" },
				"east": { "uv": [ 0, 0, 2, 1 ], "texture": "#outer" }
			}
		},
		{
			"__comment": "Box1",
			"from": [ 7, -1, 14 ],
			"to": [ 9, 12, 16 ],
			"faces": {
				"down": { "uv": [ 7, 0, 9, 2 ], "texture": "#outer" },
				"up": { "uv": [ 7, 14, 9, 16 ], "texture": "#outer" },
				"north": { "uv": [ 7, 4, 9, 16 ], "texture": "#outer" },
				"south": { "uv": [ 7, 4, 9, 16 ], "texture": "#outer" },
				"west": { "uv": [ 14, 4, 16, 16 ], "texture": "#outer" },
				"east": { "uv": [ 0, 4, 2, 16 ], "texture": "#outer" }
			}
		},
		{
			"__comment": "Box1",
			"from": [ -2.5, -10, 14 ],
			"to": [ -1.5, -3, 16 ],
			"faces": {
				"down": { "uv": [ 13.5, 0, 14.5, 2 ], "texture": "#outer" },
				"up": { "uv": [ 13.5, 14, 14.5, 16 ], "texture": "#outer" },
				"north": { "uv": [ 1.5, 3, 2.5, 10 ], "texture": "#outer" },
				"south": { "uv": [ 13.5, 3, 14.5, 10 ], "texture": "#outer" },
				"west": { "uv": [ 14, 3, 16, 10 ], "texture": "#outer" },
				"east": { "uv": [ 0, 3, 2, 10 ], "texture": "#outer" }
			}
		},
		{
			"__comment": "Box1",
			"from": [ 8, -10, 14 ],
			"to": [ 9, -3, 16 ],
			"faces": {
				"down": { "uv": [ 8, 0, 9, 2 ], "texture": "#outer" },
				"up": { "uv": [ 8, 14, 9, 16 ], "texture": "#outer" },
				"north": { "uv": [ 7, 3, 8, 10 ], "texture": "#outer" },
				"south": { "uv": [ 8, 3, 9, 10 ], "texture": "#outer" },
				"west": { "uv": [ 14, 3, 16, 10 ], "texture": "#outer" },
				"east": { "uv": [ 0, 3, 2, 10 ], "texture": "#outer" }
			}
		},
		{
			"__comment": "Box1",
			"from": [ 18, -10, 14 ],
			"to": [ 19, -3, 16 ],
			"faces": {
				"down": { "uv": [ 2, 0, 3, 2 ], "texture": "#outer" },
				"up": { "uv": [ 2, 14, 3, 16 ], "texture": "#outer" },
				"north": { "uv": [ 13, 3, 14, 10 ], "texture": "#outer" },
				"south": { "uv": [ 2, 3, 3, 10 ], "texture": "#outer" },
				"west": { "uv": [ 14, 3, 16, 10 ], "texture": "#outer" },
				"east": { "uv": [ 0, 3, 2, 10 ], "texture": "#outer" }
			}
		},
		{
			"__comment": "Box1",
			"from": [ 2.5, 28, 0 ],
			"to": [ 13.5, 29, 2 ],
			"faces": {
				"down": { "uv": [ 2.5, 14, 13.5, 16 ], "texture": "#outer" },
				"up": { "uv": [ 2.5, 0, 13.5, 2 ], "texture": "#outer" },
				"north": { "uv": [ 2.5, 3, 13.5, 4 ], "texture": "#outer" },
				"south": { "uv": [ 2.5, 3, 13.5, 4 ], "texture": "#outer" },
				"west": { "uv": [ 0, 3, 2, 4 ], "texture": "#outer" },
				"east": { "uv": [ 14, 3, 16, 4 ], "texture": "#outer" }
			}
		},
		{
			"__comment": "Box1",
			"from": [ -10.5, 29, 0 ],
			"to": [ 26.5, 30, 2 ],
			"faces": {
				"down": { "uv": [ 0, 14, 16, 16 ], "texture": "#outer" },
				"up": { "uv": [ 0, 0, 16, 2 ], "texture": "#outer" },
				"north": { "uv": [ 0, 2, 16, 3 ], "texture": "#outer" },
				"south": { "uv": [ 0, 2, 16, 3 ], "texture": "#outer" },
				"west": { "uv": [ 0, 2, 2, 3 ], "texture": "#outer" },
				"east": { "uv": [ 14, 2, 16, 3 ], "texture": "#outer" }
			}
		},
		{
			"__comment": "Box1",
			"from": [ -5.5, -2, 0 ],
			"to": [ -4.5, 29, 2 ],
			"faces": {
				"down": { "uv": [ 10.5, 14, 11.5, 16 ], "texture": "#outer" },
				"up": { "uv": [ 10.5, 0, 11.5, 2 ], "texture": "#outer" },
				"north": { "uv": [ 4.5, 0, 5.5, 16 ], "texture": "#outer" },
				"south": { "uv": [ 10.5, 0, 11.5, 16 ], "texture": "#outer" },
				"west": { "uv": [ 0, 0, 2, 16 ], "texture": "#outer" },
				"east": { "uv": [ 14, 0, 16, 16 ], "texture": "#outer" }
			}
		},
		{
			"__comment": "Box1",
			"from": [ 0.5, -2, 0 ],
			"to": [ 2.5, 29, 2 ],
			"faces": {
				"down": { "uv": [ 0.5, 14, 2.5, 16 ], "texture": "#outer" },
				"up": { "uv": [ 0.5, 0, 2.5, 2 ], "texture": "#outer" },
				"north": { "uv": [ 13.5, 0, 15.5, 16 ], "texture": "#outer" },
				"south": { "uv": [ 0.5, 0, 2.5, 16 ], "texture": "#outer" },
				"west": { "uv": [ 0, 0, 2, 16 ], "texture": "#outer" },
				"east": { "uv": [ 14, 0, 16, 16 ], "texture": "#outer" }
			}
		},
		{
			"__comment": "Box1",
			"from": [ 7, 15, 0 ],
			"to": [ 9, 28, 2 ],
			"faces": {
				"down": { "uv": [ 7, 14, 9, 16 ], "texture": "#outer" },
				"up": { "uv": [ 7, 0, 9, 2 ], "texture": "#outer" },
				"north": { "uv": [ 7, 0, 9, 1 ], "texture": "#outer" },
				"south": { "uv": [ 7, 0, 9, 1 ], "texture": "#outer" },
				"west": { "uv": [ 0, 0, 2, 1 ], "texture": "#outer" },
				"east": { "uv": [ 14, 0, 16, 1 ], "texture": "#outer" }
			}
		},
		{
			"__comment": "Box1",
			"from": [ 13.5, -2, 0 ],
			"to": [ 15.5, 29, 2 ],
			"faces": {
				"down": { "uv": [ 13.5, 14, 15.5, 16 ], "texture": "#outer" },
				"up": { "uv": [ 13.5, 0, 15.5, 2 ], "texture": "#outer" },
				"north": { "uv": [ 0.5, 0, 2.5, 16 ], "texture": "#outer" },
				"south": { "uv": [ 13.5, 0, 15.5, 16 ], "texture": "#outer" },
				"west": { "uv": [ 0, 0, 2, 16 ], "texture": "#outer" },
				"east": { "uv": [ 14, 0, 16, 16 ], "texture": "#outer" }
			}
		},
		{
			"__comment": "Box1",
			"from": [ 20.5, -2, 0 ],
			"to": [ 21.5, 29, 2 ],
			"faces": {
				"down": { "uv": [ 4.5, 14, 5.5, 16 ], "texture": "#outer" },
				"up": { "uv": [ 4.5, 0, 5.5, 2 ], "texture": "#outer" },
				"north": { "uv": [ 10.5, 0, 11.5, 16 ], "texture": "#outer" },
				"south": { "uv": [ 4.5, 0, 5.5, 16 ], "texture": "#outer" },
				"west": { "uv": [ 0, 0, 2, 16 ], "texture": "#outer" },
				"east": { "uv": [ 14, 0, 16, 16 ], "texture": "#outer" }
			}
		},
		{
			"__comment": "Box1",
			"from": [ -10.5, 21, 0 ],
			"to": [ 26.5, 22, 2 ],
			"faces": {
				"down": { "uv": [ 0, 14, 16, 16 ], "texture": "#outer" },
				"up": { "uv": [ 0, 0, 16, 2 ], "texture": "#outer" },
				"north": { "uv": [ 0, 10, 16, 11 ], "texture": "#outer" },
				"south": { "uv": [ 0, 10, 16, 11 ], "texture": "#outer" },
				"west": { "uv": [ 0, 10, 2, 11 ], "texture": "#outer" },
				"east": { "uv": [ 14, 10, 16, 11 ], "texture": "#outer" }
			}
		},
		{
			"__comment": "Box1",
			"from": [ -10.5, 13, 0 ],
			"to": [ 26.5, 14, 2 ],
			"faces": {
				"down": { "uv": [ 0, 14, 16, 16 ], "texture": "#outer" },
				"up": { "uv": [ 0, 0, 16, 2 ], "texture": "#outer" },
				"north": { "uv": [ 0, 2, 16, 3 ], "texture": "#outer" },
				"south": { "uv": [ 0, 2, 16, 3 ], "texture": "#outer" },
				"west": { "uv": [ 0, 2, 2, 3 ], "texture": "#outer" },
				"east": { "uv": [ 14, 2, 16, 3 ], "texture": "#outer" }
			}
		},
		{
			"__comment": "Box1",
			"from": [ 2.5, 14, 0 ],
			"to": [ 13.5, 15, 2 ],
			"faces": {
				"down": { "uv": [ 2.5, 14, 13.5, 16 ], "texture": "#outer" },
				"up": { "uv": [ 2.5, 0, 13.5, 2 ], "texture": "#outer" },
				"north": { "uv": [ 2.5, 1, 13.5, 2 ], "texture": "#outer" },
				"south": { "uv": [ 2.5, 1, 13.5, 2 ], "texture": "#outer" },
				"west": { "uv": [ 0, 1, 2, 2 ], "texture": "#outer" },
				"east": { "uv": [ 14, 1, 16, 2 ], "texture": "#outer" }
			}
		},
		{
			"__comment": "Box1",
			"from": [ 2.5, 12, 0 ],
			"to": [ 13.5, 13, 2 ],
			"faces": {
				"down": { "uv": [ 2.5, 14, 13.5, 16 ], "texture": "#outer" },
				"up": { "uv": [ 2.5, 0, 13.5, 2 ], "texture": "#outer" },
				"north": { "uv": [ 2.5, 3, 13.5, 4 ], "texture": "#outer" },
				"south": { "uv": [ 2.5, 3, 13.5, 4 ], "texture": "#outer" },
				"west": { "uv": [ 0, 3, 2, 4 ], "texture": "#outer" },
				"east": { "uv": [ 14, 3, 16, 4 ], "texture": "#outer" }
			}
		},
		{
			"__comment": "Box1",
			"from": [ 7, -1, 0 ],
			"to": [ 9, 12, 2 ],
			"faces": {
				"down": { "uv": [ 7, 14, 9, 16 ], "texture": "#outer" },
				"up": { "uv": [ 7, 0, 9, 2 ], "texture": "#outer" },
				"north": { "uv": [ 7, 4, 9, 16 ], "texture": "#outer" },
				"south": { "uv": [ 7, 4, 9, 16 ], "texture": "#outer" },
				"west": { "uv": [ 0, 4, 2, 16 ], "texture": "#outer" },
				"east": { "uv": [ 14, 4, 16, 16 ], "texture": "#outer" }
			}
		},
		{
			"__comment": "Box1",
			"from": [ -10.5, 5, 0 ],
			"to": [ 26.5, 6, 2 ],
			"faces": {
				"down": { "uv": [ 0, 14, 16, 16 ], "texture": "#outer" },
				"up": { "uv": [ 0, 0, 16, 2 ], "texture": "#outer" },
				"north": { "uv": [ 0, 10, 16, 11 ], "texture": "#outer" },
				"south": { "uv": [ 0, 10, 16, 11 ], "texture": "#outer" },
				"west": { "uv": [ 0, 10, 2, 11 ], "texture": "#outer" },
				"east": { "uv": [ 14, 10, 16, 11 ], "texture": "#outer" }
			}
		},
		{
			"__comment": "Box1",
			"from": [ 2.5, -2, 0 ],
			"to": [ 13.5, -1, 2 ],
			"faces": {
				"down": { "uv": [ 2.5, 14, 13.5, 16 ], "texture": "#outer" },
				"up": { "uv": [ 2.5, 0, 13.5, 2 ], "texture": "#outer" },
				"north": { "uv": [ 2.5, 1, 13.5, 2 ], "texture": "#outer" },
				"south": { "uv": [ 2.5, 1, 13.5, 2 ], "texture": "#outer" },
				"west": { "uv": [ 0, 1, 2, 2 ], "texture": "#outer" },
				"east": { "uv": [ 14, 1, 16, 2 ], "texture": "#outer" }
			}
		},
		{
			"__comment": "Box1",
			"from": [ -10.5, -3, 0 ],
			"to": [ 26.5, -2, 2 ],
			"faces": {
				"down": { "uv": [ 0, 14, 16, 16 ], "texture": "#outer" },
				"up": { "uv": [ 0, 0, 16, 2 ], "texture": "#outer" },
				"north": { "uv": [ 0, 2, 16, 3 ], "texture": "#outer" },
				"south": { "uv": [ 0, 2, 16, 3 ], "texture": "#outer" },
				"west": { "uv": [ 0, 2, 2, 3 ], "texture": "#outer" },
				"east": { "uv": [ 14, 2, 16, 3 ], "texture": "#outer" }
			}
		},
		{
			"__comment": "Box1",
			"from": [ -2.5, -10, 0 ],
			"to": [ -1.5, -3, 2 ],
			"faces": {
				"down": { "uv": [ 13.5, 14, 14.5, 16 ], "texture": "#outer" },
				"up": { "uv": [ 13.5, 0, 14.5, 2 ], "texture": "#outer" },
				"north": { "uv": [ 1.5, 3, 2.5, 10 ], "texture": "#outer" },
				"south": { "uv": [ 13.5, 3, 14.5, 10 ], "texture": "#outer" },
				"west": { "uv": [ 0, 3, 2, 10 ], "texture": "#outer" },
				"east": { "uv": [ 14, 3, 16, 10 ], "texture": "#outer" }
			}
		},
		{
			"__comment": "Box1",
			"from": [ 8, -10, 0 ],
			"to": [ 9, -3, 2 ],
			"faces": {
				"down": { "uv": [ 8, 14, 9, 16 ], "texture": "#outer" },
				"up": { "uv": [ 8, 0, 9, 2 ], "texture": "#outer" },
				"north": { "uv": [ 7, 3, 8, 10 ], "texture": "#outer" },
				"south": { "uv": [ 8, 3, 9, 10 ], "texture": "#outer" },
				"west": { "uv": [ 0, 3, 2, 10 ], "texture": "#outer" },
				"east": { "uv": [ 14, 3, 16, 10 ], "texture": "#outer" }
			}
		},
		{
			"__comment": "Box1",
			"from": [ 18, -10, 0 ],
			"to": [ 19, -3, 2 ],
			"faces": {
				"down": { "uv": [ 2, 14, 3, 16 ], "texture": "#outer" },
				"up": { "uv": [ 2, 0, 3, 2 ], "texture": "#outer" },
				"north": { "uv": [ 13, 3, 14, 10 ], "texture": "#outer" },
				"south": { "uv": [ 2, 3, 3, 10 ], "texture": "#outer" },
				"west": { "uv": [ 0, 3, 2, 10 ], "texture": "#outer" },
				"east": { "uv": [ 14, 3, 16, 10 ], "texture": "#outer" }
			}
		},
		{
			"__comment": "Box1",
			"from": [ -10.5, -11, 0 ],
			"to": [ 26.5, -10, 2 ],
			"faces": {
				"down": { "uv": [ 0, 14, 16, 16 ], "texture": "#outer" },
				"up": { "uv": [ 0, 0, 16, 2 ], "texture": "#outer" },
				"north": { "uv": [ 0, 10, 16, 11 ], "texture": "#outer" },
				"south": { "uv": [ 0, 10, 16, 11 ], "texture": "#outer" },
				"west": { "uv": [ 0, 10, 2, 11 ], "texture": "#outer" },
				"east": { "uv": [ 14, 10, 16, 11 ], "texture": "#outer" }
			}
		}
	],
	"display": {
		"head": {
			"translation":  [ 0, 5, 10 ],
			"scale":  [ 2, 2, 2 ]
		}
	}
}