{
	"__comment": "Designed by twodice",
	"textures": {
		"texture": "items/dor"
	},
	"elements": [ 	 
		{
			"__comment": "Box1",
			"from": [ -7.5, -16, 7.5 ],
			"to": [ 25, 32, 7.501 ],
			"faces": {
				"down": { "uv": [ 0, 7.5, 16, 8.5 ], "texture": "#texture" },
				"up": { "uv": [ 0, 7.5, 16, 8.5 ], "texture": "#texture" },
				"north": { "uv": [ 12, 1, 3.25, 15.25 ], "texture": "#texture" },
				"south": { "uv": [ 3.25, 1, 12, 15.25 ], "texture": "#texture" },
				"west": { "uv": [ 7.5, 0, 8.5, 16 ], "texture": "#texture" },
				"east": { "uv": [ 7.5, 0, 8.5, 16 ], "texture": "#texture" }
			}
		}
	],
	"display": {
		"gui": {
			"scale":  [ 0.3, 0.3, 0.3 ]
		},
		"head": {
			"rotation":  [ 0, 90, 0 ],
			"translation":  [ 6, 53, 2 ],
			"scale":  [ 4, 4, 4 ]
		}
	}
}