{
	"__comment": "Designed by twodice",
	"textures": {
		"texture": "items/pic5"
	},
	"elements": [ 	 
		{
			"__comment": "Box1",
			"from": [ -13, -16, 8 ],
			"to": [ 28.5, 32, 8.001 ],
			"faces": {
				"down": { "uv": [ 0, 7.999, 16, 8 ], "texture": "#texture" },
				"up": { "uv": [ 0, 8, 16, 8.000999 ], "texture": "#texture" },
				"north": { "uv": [ 0, 0, 16, 16 ], "texture": "#texture" },
				"south": { "uv": [ 16, 0, 0, 16 ], "texture": "#texture" },
				"west": { "uv": [ 8, 0, 8.001, 16 ], "texture": "#texture" },
				"east": { "uv": [ 7.999, 0, 8, 16 ], "texture": "#texture" }
			}
		}
	],
	"display": {
		"gui": {
			"scale":  [ 0.3, 0.3, 0.3 ]
		},
		"head": {
			"rotation":  [ 0, 90, 0 ],
			"translation":  [ 12, 40, -14 ],
			"scale":  [ 3, 3, 3 ]
		}
	}
}