{
	"__comment": "Designed by Itstake with Cubik Studio - https://cubik.studio",
	"textures": {
		"particle": "items/inner2",
		"inner2": "items/inner2",
		"outer2": "items/outer2",
		"gold": "items/goldt",
		"texture": "items/ehwkrl1"
	},
	"elements": [ 	 
		{
			"__comment": "Box1",
			"from": [ -16, 15, -2 ],
			"to": [ 32, 16, 18 ],
			"faces": {
				"down": { "uv": [ 0, 0, 16, 16 ], "texture": "#inner2" },
				"up": { "uv": [ 0, 0, 16, 6 ], "texture": "#inner2" },
				"north": { "uv": [ 0, 0, 16, 1 ], "texture": "#inner2" },
				"south": { "uv": [ 0, 0, 16, 1 ], "texture": "#inner2" },
				"west": { "uv": [ 0, 0, 16, 1 ], "texture": "#inner2" },
				"east": { "uv": [ 0, 0, 16, 1 ], "texture": "#inner2" }
			}
		},
		{
			"__comment": "Box2",
			"from": [ -14, -16, 0 ],
			"to": [ -12, -15.5, 16 ],
			"faces": {
				"down": { "uv": [ 2, 0, 4, 16 ], "texture": "#inner2" },
				"up": { "uv": [ 2, 0, 4, 16 ], "texture": "#inner2" },
				"north": { "uv": [ 12, 15.5, 14, 16 ], "texture": "#inner2" },
				"south": { "uv": [ 2, 15.5, 4, 16 ], "texture": "#inner2" },
				"west": { "uv": [ 0, 15.5, 16, 16 ], "texture": "#inner2" },
				"east": { "uv": [ 0, 15.5, 16, 16 ], "texture": "#inner2" }
			}
		},
		{
			"__comment": "Box2",
			"from": [ 28, -16, 0 ],
			"to": [ 30, -15.5, 16 ],
			"faces": {
				"down": { "uv": [ 12, 0, 14, 16 ], "texture": "#inner2" },
				"up": { "uv": [ 12, 0, 14, 16 ], "texture": "#inner2" },
				"north": { "uv": [ 2, 15.5, 4, 16 ], "texture": "#inner2" },
				"south": { "uv": [ 12, 15.5, 14, 16 ], "texture": "#inner2" },
				"west": { "uv": [ 0, 15.5, 16, 16 ], "texture": "#inner2" },
				"east": { "uv": [ 0, 15.5, 16, 16 ], "texture": "#inner2" }
			}
		},
		{
			"__comment": "Box4",
			"from": [ -13.75, -15.5, 0.25 ],
			"to": [ -12.25, -15.25, 1.75 ],
			"faces": {
				"down": { "uv": [ 2.25, 14.25, 3.75, 15.75 ], "texture": "#inner2" },
				"up": { "uv": [ 2.25, 0.25, 3.75, 1.75 ], "texture": "#inner2" },
				"north": { "uv": [ 12.25, 15.25, 13.75, 15.5 ], "texture": "#inner2" },
				"south": { "uv": [ 2.25, 15.25, 3.75, 15.5 ], "texture": "#inner2" },
				"west": { "uv": [ 0.25, 15.25, 1.75, 15.5 ], "texture": "#inner2" },
				"east": { "uv": [ 14.25, 15.25, 15.75, 15.5 ], "texture": "#inner2" }
			}
		},
		{
			"__comment": "Box4",
			"from": [ -13.75, -15.5, 14.25 ],
			"to": [ -12.25, -15.25, 15.75 ],
			"faces": {
				"down": { "uv": [ 2.25, 0.25, 3.75, 1.75 ], "texture": "#inner2" },
				"up": { "uv": [ 2.25, 14.25, 3.75, 15.75 ], "texture": "#inner2" },
				"north": { "uv": [ 12.25, 15.25, 13.75, 15.5 ], "texture": "#inner2" },
				"south": { "uv": [ 2.25, 15.25, 3.75, 15.5 ], "texture": "#inner2" },
				"west": { "uv": [ 14.25, 15.25, 15.75, 15.5 ], "texture": "#inner2" },
				"east": { "uv": [ 0.25, 15.25, 1.75, 15.5 ], "texture": "#inner2" }
			}
		},
		{
			"__comment": "Box4",
			"from": [ -14, -15.25, 0 ],
			"to": [ -12, -15, 2 ],
			"faces": {
				"down": { "uv": [ 2, 14, 4, 16 ], "texture": "#inner2" },
				"up": { "uv": [ 2, 0, 4, 2 ], "texture": "#inner2" },
				"north": { "uv": [ 12, 15, 14, 15.25 ], "texture": "#inner2" },
				"south": { "uv": [ 2, 15, 4, 15.25 ], "texture": "#inner2" },
				"west": { "uv": [ 0, 15, 2, 15.25 ], "texture": "#inner2" },
				"east": { "uv": [ 14, 15, 16, 15.25 ], "texture": "#inner2" }
			}
		},
		{
			"__comment": "Box4",
			"from": [ -14, -15, 0 ],
			"to": [ -12.25, -14.75, 1.75 ],
			"faces": {
				"down": { "uv": [ 2, 14.25, 3.75, 16 ], "texture": "#inner2" },
				"up": { "uv": [ 2, 0, 3.75, 1.75 ], "texture": "#inner2" },
				"north": { "uv": [ 12.25, 14.75, 14, 15 ], "texture": "#inner2" },
				"south": { "uv": [ 2, 14.75, 3.75, 15 ], "texture": "#inner2" },
				"west": { "uv": [ 0, 14.75, 1.75, 15 ], "texture": "#inner2" },
				"east": { "uv": [ 14.25, 14.75, 16, 15 ], "texture": "#inner2" }
			}
		},
		{
			"__comment": "Box4",
			"from": [ -14, -14.75, 0 ],
			"to": [ -12.5, -14, 1.5 ],
			"faces": {
				"down": { "uv": [ 2, 14.5, 3.5, 16 ], "texture": "#inner2" },
				"up": { "uv": [ 2, 0, 3.5, 1.5 ], "texture": "#inner2" },
				"north": { "uv": [ 12.5, 14, 14, 14.75 ], "texture": "#inner2" },
				"south": { "uv": [ 2, 14, 3.5, 14.75 ], "texture": "#inner2" },
				"west": { "uv": [ 0, 14, 1.5, 14.75 ], "texture": "#inner2" },
				"east": { "uv": [ 14.5, 14, 16, 14.75 ], "texture": "#inner2" }
			}
		},
		{
			"__comment": "Box4",
			"from": [ -14, -15.25, 0 ],
			"to": [ -12, -15, 2 ],
			"faces": {
				"down": { "uv": [ 2, 14, 4, 16 ], "texture": "#inner2" },
				"up": { "uv": [ 2, 0, 4, 2 ], "texture": "#inner2" },
				"north": { "uv": [ 12, 15, 14, 15.25 ], "texture": "#inner2" },
				"south": { "uv": [ 2, 15, 4, 15.25 ], "texture": "#inner2" },
				"west": { "uv": [ 0, 15, 2, 15.25 ], "texture": "#inner2" },
				"east": { "uv": [ 14, 15, 16, 15.25 ], "texture": "#inner2" }
			}
		},
		{
			"__comment": "Box4",
			"from": [ -14, -15, 0 ],
			"to": [ -12.25, -14.75, 1.75 ],
			"faces": {
				"down": { "uv": [ 2, 14.25, 3.75, 16 ], "texture": "#inner2" },
				"up": { "uv": [ 2, 0, 3.75, 1.75 ], "texture": "#inner2" },
				"north": { "uv": [ 12.25, 14.75, 14, 15 ], "texture": "#inner2" },
				"south": { "uv": [ 2, 14.75, 3.75, 15 ], "texture": "#inner2" },
				"west": { "uv": [ 0, 14.75, 1.75, 15 ], "texture": "#inner2" },
				"east": { "uv": [ 14.25, 14.75, 16, 15 ], "texture": "#inner2" }
			}
		},
		{
			"__comment": "Box4",
			"from": [ -14, -14.75, 0 ],
			"to": [ -12.5, -14.5, 1.5 ],
			"faces": {
				"down": { "uv": [ 2, 14.5, 3.5, 16 ], "texture": "#inner2" },
				"up": { "uv": [ 2, 0, 3.5, 1.5 ], "texture": "#inner2" },
				"north": { "uv": [ 12.5, 14.5, 14, 14.75 ], "texture": "#inner2" },
				"south": { "uv": [ 2, 14.5, 3.5, 14.75 ], "texture": "#inner2" },
				"west": { "uv": [ 0, 14.5, 1.5, 14.75 ], "texture": "#inner2" },
				"east": { "uv": [ 14.5, 14.5, 16, 14.75 ], "texture": "#inner2" }
			}
		},
		{
			"__comment": "Box4",
			"from": [ 28.25, -15.5, 14.25 ],
			"to": [ 29.75, -15.25, 15.75 ],
			"faces": {
				"down": { "uv": [ 12.25, 0.25, 13.75, 1.75 ], "texture": "#inner2" },
				"up": { "uv": [ 12.25, 14.25, 13.75, 15.75 ], "texture": "#inner2" },
				"north": { "uv": [ 2.25, 15.25, 3.75, 15.5 ], "texture": "#inner2" },
				"south": { "uv": [ 12.25, 15.25, 13.75, 15.5 ], "texture": "#inner2" },
				"west": { "uv": [ 14.25, 15.25, 15.75, 15.5 ], "texture": "#inner2" },
				"east": { "uv": [ 0.25, 15.25, 1.75, 15.5 ], "texture": "#inner2" }
			}
		},
		{
			"__comment": "Box4",
			"from": [ 28.25, -15.5, 0.25 ],
			"to": [ 29.75, -15.25, 1.75 ],
			"faces": {
				"down": { "uv": [ 12.25, 14.25, 13.75, 15.75 ], "texture": "#inner2" },
				"up": { "uv": [ 12.25, 0.25, 13.75, 1.75 ], "texture": "#inner2" },
				"north": { "uv": [ 2.25, 15.25, 3.75, 15.5 ], "texture": "#inner2" },
				"south": { "uv": [ 12.25, 15.25, 13.75, 15.5 ], "texture": "#inner2" },
				"west": { "uv": [ 0.25, 15.25, 1.75, 15.5 ], "texture": "#inner2" },
				"east": { "uv": [ 14.25, 15.25, 15.75, 15.5 ], "texture": "#inner2" }
			}
		},
		{
			"__comment": "Box4",
			"from": [ -14, -15.25, 14 ],
			"to": [ -12, -15, 16 ],
			"faces": {
				"down": { "uv": [ 2, 0, 4, 2 ], "texture": "#inner2" },
				"up": { "uv": [ 2, 14, 4, 16 ], "texture": "#inner2" },
				"north": { "uv": [ 12, 15, 14, 15.25 ], "texture": "#inner2" },
				"south": { "uv": [ 2, 15, 4, 15.25 ], "texture": "#inner2" },
				"west": { "uv": [ 14, 15, 16, 15.25 ], "texture": "#inner2" },
				"east": { "uv": [ 0, 15, 2, 15.25 ], "texture": "#inner2" }
			}
		},
		{
			"__comment": "Box4",
			"from": [ -14, -15, 14.25 ],
			"to": [ -12.25, -14.75, 16 ],
			"faces": {
				"down": { "uv": [ 2, 0, 3.75, 1.75 ], "texture": "#inner2" },
				"up": { "uv": [ 2, 14.25, 3.75, 16 ], "texture": "#inner2" },
				"north": { "uv": [ 12.25, 14.75, 14, 15 ], "texture": "#inner2" },
				"south": { "uv": [ 2, 14.75, 3.75, 15 ], "texture": "#inner2" },
				"west": { "uv": [ 14.25, 14.75, 16, 15 ], "texture": "#inner2" },
				"east": { "uv": [ 0, 14.75, 1.75, 15 ], "texture": "#inner2" }
			}
		},
		{
			"__comment": "Box4",
			"from": [ -14, -14.75, 14.5 ],
			"to": [ -12.5, -14, 16 ],
			"faces": {
				"down": { "uv": [ 2, 0, 3.5, 1.5 ], "texture": "#inner2" },
				"up": { "uv": [ 2, 14.5, 3.5, 16 ], "texture": "#inner2" },
				"north": { "uv": [ 12.5, 14, 14, 14.75 ], "texture": "#inner2" },
				"south": { "uv": [ 2, 14, 3.5, 14.75 ], "texture": "#inner2" },
				"west": { "uv": [ 14.5, 14, 16, 14.75 ], "texture": "#inner2" },
				"east": { "uv": [ 0, 14, 1.5, 14.75 ], "texture": "#inner2" }
			}
		},
		{
			"__comment": "Box4",
			"from": [ 28.5, -14.75, 0 ],
			"to": [ 30, -14, 1.5 ],
			"faces": {
				"down": { "uv": [ 12.5, 14.5, 14, 16 ], "texture": "#inner2" },
				"up": { "uv": [ 12.5, 0, 14, 1.5 ], "texture": "#inner2" },
				"north": { "uv": [ 2, 14, 3.5, 14.75 ], "texture": "#inner2" },
				"south": { "uv": [ 12.5, 14, 14, 14.75 ], "texture": "#inner2" },
				"west": { "uv": [ 0, 14, 1.5, 14.75 ], "texture": "#inner2" },
				"east": { "uv": [ 14.5, 14, 16, 14.75 ], "texture": "#inner2" }
			}
		},
		{
			"__comment": "Box4",
			"from": [ 28.25, -15, 0 ],
			"to": [ 30, -14.75, 1.75 ],
			"faces": {
				"down": { "uv": [ 12.25, 14.25, 14, 16 ], "texture": "#inner2" },
				"up": { "uv": [ 12.25, 0, 14, 1.75 ], "texture": "#inner2" },
				"north": { "uv": [ 2, 14.75, 3.75, 15 ], "texture": "#inner2" },
				"south": { "uv": [ 12.25, 14.75, 14, 15 ], "texture": "#inner2" },
				"west": { "uv": [ 0, 14.75, 1.75, 15 ], "texture": "#inner2" },
				"east": { "uv": [ 14.25, 14.75, 16, 15 ], "texture": "#inner2" }
			}
		},
		{
			"__comment": "Box4",
			"from": [ 28, -15.25, 0 ],
			"to": [ 30, -15, 2 ],
			"faces": {
				"down": { "uv": [ 12, 14, 14, 16 ], "texture": "#inner2" },
				"up": { "uv": [ 12, 0, 14, 2 ], "texture": "#inner2" },
				"north": { "uv": [ 2, 15, 4, 15.25 ], "texture": "#inner2" },
				"south": { "uv": [ 12, 15, 14, 15.25 ], "texture": "#inner2" },
				"west": { "uv": [ 0, 15, 2, 15.25 ], "texture": "#inner2" },
				"east": { "uv": [ 14, 15, 16, 15.25 ], "texture": "#inner2" }
			}
		},
		{
			"__comment": "Box4",
			"from": [ 28.5, -14.75, 14.5 ],
			"to": [ 30, -14, 16 ],
			"faces": {
				"down": { "uv": [ 12.5, 0, 14, 1.5 ], "texture": "#inner2" },
				"up": { "uv": [ 12.5, 14.5, 14, 16 ], "texture": "#inner2" },
				"north": { "uv": [ 2, 14, 3.5, 14.75 ], "texture": "#inner2" },
				"south": { "uv": [ 12.5, 14, 14, 14.75 ], "texture": "#inner2" },
				"west": { "uv": [ 14.5, 14, 16, 14.75 ], "texture": "#inner2" },
				"east": { "uv": [ 0, 14, 1.5, 14.75 ], "texture": "#inner2" }
			}
		},
		{
			"__comment": "Box4",
			"from": [ 28.25, -15, 14.25 ],
			"to": [ 30, -14.75, 16 ],
			"faces": {
				"down": { "uv": [ 12.25, 0, 14, 1.75 ], "texture": "#inner2" },
				"up": { "uv": [ 12.25, 14.25, 14, 16 ], "texture": "#inner2" },
				"north": { "uv": [ 2, 14.75, 3.75, 15 ], "texture": "#inner2" },
				"south": { "uv": [ 12.25, 14.75, 14, 15 ], "texture": "#inner2" },
				"west": { "uv": [ 14.25, 14.75, 16, 15 ], "texture": "#inner2" },
				"east": { "uv": [ 0, 14.75, 1.75, 15 ], "texture": "#inner2" }
			}
		},
		{
			"__comment": "Box4",
			"from": [ 28, -15.25, 14 ],
			"to": [ 30, -15, 16 ],
			"faces": {
				"down": { "uv": [ 12, 0, 14, 2 ], "texture": "#inner2" },
				"up": { "uv": [ 12, 14, 14, 16 ], "texture": "#inner2" },
				"north": { "uv": [ 2, 15, 4, 15.25 ], "texture": "#inner2" },
				"south": { "uv": [ 12, 15, 14, 15.25 ], "texture": "#inner2" },
				"west": { "uv": [ 14, 15, 16, 15.25 ], "texture": "#inner2" },
				"east": { "uv": [ 0, 15, 2, 15.25 ], "texture": "#inner2" }
			}
		},
		{
			"__comment": "Box4",
			"from": [ -14, -14, 0 ],
			"to": [ 30, -13, 16 ],
			"faces": {
				"down": { "uv": [ 0, 3.5, 1, 7 ], "texture": "#inner2" },
				"up": { "uv": [ 0, 0, 16, 16 ], "texture": "#inner2" },
				"north": { "uv": [ 0, 13, 16, 14 ], "texture": "#inner2" },
				"south": { "uv": [ 0, 13, 16, 14 ], "texture": "#inner2" },
				"west": { "uv": [ 0, 13, 16, 14 ], "texture": "#inner2" },
				"east": { "uv": [ 0, 13, 16, 14 ], "texture": "#inner2" }
			}
		},
		{
			"__comment": "Box24",
			"from": [ -6, -15, 0 ],
			"to": [ 22, -14, 0.5 ],
			"faces": {
				"down": { "uv": [ 0, 15.5, 16, 16 ], "texture": "#inner2" },
				"up": { "uv": [ 0, 0, 16, 0.5 ], "texture": "#inner2" },
				"north": { "uv": [ 0, 14, 16, 14.5 ], "texture": "#inner2" },
				"south": { "uv": [ 0, 14, 16, 14.5 ], "texture": "#inner2" },
				"west": { "uv": [ 0, 14, 0.5, 15 ], "texture": "#inner2" },
				"east": { "uv": [ 15.5, 14, 16, 15 ], "texture": "#inner2" }
			}
		},
		{
			"__comment": "Box24",
			"from": [ -6, -15, 15.5 ],
			"to": [ 22, -14, 16 ],
			"faces": {
				"down": { "uv": [ 0, 0, 16, 0.5 ], "texture": "#inner2" },
				"up": { "uv": [ 0, 15.5, 16, 16 ], "texture": "#inner2" },
				"north": { "uv": [ 0, 14, 16, 14.5 ], "texture": "#inner2" },
				"south": { "uv": [ 0, 14, 16, 14.5 ], "texture": "#inner2" },
				"west": { "uv": [ 15.5, 14, 16, 15 ], "texture": "#inner2" },
				"east": { "uv": [ 0, 14, 0.5, 15 ], "texture": "#inner2" }
			}
		},
		{
			"__comment": "Box4",
			"from": [ -12.75, -13, 1 ],
			"to": [ -2.25, -6.875, 15 ],
			"faces": {
				"down": { "uv": [ 0, 1, 16, 15 ], "texture": "#inner2" },
				"up": { "uv": [ 0, 1, 16, 15 ], "texture": "#inner2" },
				"north": { "uv": [ 2, 11, 15.5, 16 ], "texture": "#inner2" },
				"south": { "uv": [ 2, 11, 15.5, 16 ], "texture": "#inner2" },
				"west": { "uv": [ 0, 5, 1, 7 ], "texture": "#inner2" },
				"east": { "uv": [ 1, 1, 15, 16 ], "texture": "#inner2" }
			}
		},
		{
			"__comment": "Box27",
			"from": [ 28.375, -13, 14.25 ],
			"to": [ 29.375, 15, 15.25 ],
			"faces": {
				"down": { "uv": [ 16, 6.5, 15.75, 8.5 ], "texture": "#outer2", "rotation": 90 },
				"up": { "uv": [ 0.25, 8.5, 0, 6.5 ], "texture": "#outer2", "rotation": 270 },
				"north": { "uv": [ 16, 6.5, 0, 8.5 ], "texture": "#outer2", "rotation": 270 },
				"south": { "uv": [ 0, 6.5, 16, 8.5 ], "texture": "#outer2", "rotation": 90 },
				"west": { "uv": [ 0, 6.5, 16, 8.5 ], "texture": "#outer2" },
				"east": { "uv": [ 0, 6.5, 16, 8.5 ], "texture": "#outer2", "rotation": 90 }
			}
		},
		{
			"__comment": "Box27",
			"from": [ -13.25, -13, 14.25 ],
			"to": [ -12.25, 15, 15.25 ],
			"faces": {
				"down": { "uv": [ 16, 6.5, 15.75, 8.5 ], "texture": "#outer2", "rotation": 90 },
				"up": { "uv": [ 0.25, 8.5, 0, 6.5 ], "texture": "#outer2", "rotation": 270 },
				"north": { "uv": [ 16, 6.5, 0, 8.5 ], "texture": "#outer2", "rotation": 270 },
				"south": { "uv": [ 0, 6.5, 16, 8.5 ], "texture": "#outer2", "rotation": 90 },
				"west": { "uv": [ 0, 6.5, 16, 8.5 ], "texture": "#outer2", "rotation": 90 },
				"east": { "uv": [ 0, 6.5, 16, 8.5 ], "texture": "#outer2", "rotation": 90 }
			}
		},
		{
			"__comment": "Box27",
			"from": [ -12.25, -13, 14.25 ],
			"to": [ 28.5, -12, 15.25 ],
			"faces": {
				"down": { "uv": [ 16, 6.5, 15.75, 8.5 ], "texture": "#outer2", "rotation": 90 },
				"up": { "uv": [ 0.25, 8.5, 0, 6.5 ], "texture": "#outer2", "rotation": 270 },
				"north": { "uv": [ 16, 6.5, 0, 8.5 ], "texture": "#outer2" },
				"south": { "uv": [ 0, 6.5, 16, 8.5 ], "texture": "#outer2", "rotation": 180 },
				"west": { "uv": [ 0, 6.5, 16, 8.5 ], "texture": "#outer2", "rotation": 180 },
				"east": { "uv": [ 0, 6.5, 16, 8.5 ], "texture": "#outer2", "rotation": 180 }
			}
		},
		{
			"__comment": "Box27",
			"from": [ -12.25, 14, 14.25 ],
			"to": [ 28.5, 15, 15.25 ],
			"faces": {
				"down": { "uv": [ 16, 6.5, 15.75, 8.5 ], "texture": "#outer2", "rotation": 90 },
				"up": { "uv": [ 0.25, 8.5, 0, 6.5 ], "texture": "#outer2", "rotation": 270 },
				"north": { "uv": [ 16, 6.5, 0, 8.5 ], "texture": "#outer2" },
				"south": { "uv": [ 0, 6.5, 16, 8.5 ], "texture": "#outer2", "rotation": 180 },
				"west": { "uv": [ 0, 6.5, 16, 8.5 ], "texture": "#outer2", "rotation": 180 },
				"east": { "uv": [ 0, 6.5, 16, 8.5 ], "texture": "#outer2", "rotation": 180 }
			}
		},
		{
			"__comment": "Box27",
			"from": [ -12.25, 8.5, 14.25 ],
			"to": [ 28.5, 9.5, 15.25 ],
			"faces": {
				"down": { "uv": [ 16, 6.5, 15.75, 8.5 ], "texture": "#outer2", "rotation": 90 },
				"up": { "uv": [ 0.25, 8.5, 0, 6.5 ], "texture": "#outer2", "rotation": 270 },
				"north": { "uv": [ 16, 6.5, 0, 8.5 ], "texture": "#outer2" },
				"south": { "uv": [ 0, 6.5, 16, 8.5 ], "texture": "#outer2", "rotation": 180 },
				"west": { "uv": [ 0, 6.5, 16, 8.5 ], "texture": "#outer2", "rotation": 180 },
				"east": { "uv": [ 0, 6.5, 16, 8.5 ], "texture": "#outer2", "rotation": 180 }
			}
		},
		{
			"__comment": "Box27",
			"from": [ -12.25, -7.625, 14.25 ],
			"to": [ 28.5, -6.625, 15.25 ],
			"faces": {
				"down": { "uv": [ 16, 6.5, 15.75, 8.5 ], "texture": "#outer2", "rotation": 90 },
				"up": { "uv": [ 0.25, 8.5, 0, 6.5 ], "texture": "#outer2", "rotation": 270 },
				"north": { "uv": [ 16, 6.5, 0, 8.5 ], "texture": "#outer2" },
				"south": { "uv": [ 0, 6.5, 16, 8.5 ], "texture": "#outer2", "rotation": 180 },
				"west": { "uv": [ 0, 6.5, 16, 8.5 ], "texture": "#outer2", "rotation": 180 },
				"east": { "uv": [ 0, 6.5, 16, 8.5 ], "texture": "#outer2", "rotation": 180 }
			}
		},
		{
			"__comment": "Box27",
			"from": [ -12.25, 0.25, 14.25 ],
			"to": [ -4.625, 1.25, 15.25 ],
			"faces": {
				"down": { "uv": [ 16, 6.5, 15.75, 8.5 ], "texture": "#outer2", "rotation": 90 },
				"up": { "uv": [ 0.25, 8.5, 0, 6.5 ], "texture": "#outer2", "rotation": 270 },
				"north": { "uv": [ 16, 6.5, 0, 8.5 ], "texture": "#outer2" },
				"south": { "uv": [ 0, 6.5, 16, 8.5 ], "texture": "#outer2", "rotation": 180 },
				"west": { "uv": [ 0, 6.5, 16, 8.5 ], "texture": "#outer2", "rotation": 180 },
				"east": { "uv": [ 0, 6.5, 16, 8.5 ], "texture": "#outer2", "rotation": 180 }
			}
		},
		{
			"__comment": "Box27",
			"from": [ -4.5, -6.5, 14.25 ],
			"to": [ -3.5, 8.5, 15.25 ],
			"faces": {
				"down": { "uv": [ 16, 6.5, 15.75, 8.5 ], "texture": "#outer2", "rotation": 90 },
				"up": { "uv": [ 0.25, 8.5, 0, 6.5 ], "texture": "#outer2", "rotation": 270 },
				"north": { "uv": [ 16, 6.5, 0, 8.5 ], "texture": "#outer2", "rotation": 270 },
				"south": { "uv": [ 0, 6.5, 16, 8.5 ], "texture": "#outer2", "rotation": 90 },
				"west": { "uv": [ 0, 6.5, 16, 8.5 ], "texture": "#outer2", "rotation": 90 },
				"east": { "uv": [ 0, 6.5, 16, 8.5 ], "texture": "#outer2", "rotation": 90 }
			}
		},
		{
			"__comment": "Box27",
			"from": [ 20.875, 0.25, 14.25 ],
			"to": [ 28.5, 1.25, 15.25 ],
			"faces": {
				"down": { "uv": [ 16, 6.5, 15.75, 8.5 ], "texture": "#outer2", "rotation": 90 },
				"up": { "uv": [ 0.25, 8.5, 0, 6.5 ], "texture": "#outer2", "rotation": 270 },
				"north": { "uv": [ 16, 6.5, 0, 8.5 ], "texture": "#outer2" },
				"south": { "uv": [ 0, 6.5, 16, 8.5 ], "texture": "#outer2", "rotation": 180 },
				"west": { "uv": [ 0, 6.5, 16, 8.5 ], "texture": "#outer2", "rotation": 180 },
				"east": { "uv": [ 0, 6.5, 16, 8.5 ], "texture": "#outer2", "rotation": 180 }
			}
		},
		{
			"__comment": "Box27",
			"from": [ 20, -6.75, 14.25 ],
			"to": [ 21, 8.5, 15.25 ],
			"faces": {
				"down": { "uv": [ 16, 6.5, 15.75, 8.5 ], "texture": "#outer2", "rotation": 90 },
				"up": { "uv": [ 0.25, 8.5, 0, 6.5 ], "texture": "#outer2", "rotation": 270 },
				"north": { "uv": [ 16, 6.5, 0, 8.5 ], "texture": "#outer2", "rotation": 270 },
				"south": { "uv": [ 0, 6.5, 16, 8.5 ], "texture": "#outer2", "rotation": 90 },
				"west": { "uv": [ 0, 6.5, 16, 8.5 ], "texture": "#outer2", "rotation": 90 },
				"east": { "uv": [ 0, 6.5, 16, 8.5 ], "texture": "#outer2", "rotation": 90 }
			}
		},
		{
			"__comment": "Box27",
			"from": [ 0, 9.375, 14.25 ],
			"to": [ 1, 14.125, 15.25 ],
			"faces": {
				"down": { "uv": [ 16, 6.5, 15.75, 8.5 ], "texture": "#outer2", "rotation": 90 },
				"up": { "uv": [ 0.25, 8.5, 0, 6.5 ], "texture": "#outer2", "rotation": 270 },
				"north": { "uv": [ 16, 6.5, 0, 8.5 ], "texture": "#outer2", "rotation": 270 },
				"south": { "uv": [ 0, 6.5, 16, 8.5 ], "texture": "#outer2", "rotation": 90 },
				"west": { "uv": [ 0, 6.5, 16, 8.5 ], "texture": "#outer2", "rotation": 90 },
				"east": { "uv": [ 0, 6.5, 16, 8.5 ], "texture": "#outer2", "rotation": 90 }
			}
		},
		{
			"__comment": "Box27",
			"from": [ 14.125, 9.375, 14.25 ],
			"to": [ 15.125, 14.125, 15.25 ],
			"faces": {
				"down": { "uv": [ 16, 6.5, 15.75, 8.5 ], "texture": "#outer2", "rotation": 90 },
				"up": { "uv": [ 0.25, 8.5, 0, 6.5 ], "texture": "#outer2", "rotation": 270 },
				"north": { "uv": [ 16, 6.5, 0, 8.5 ], "texture": "#outer2", "rotation": 270 },
				"south": { "uv": [ 0, 6.5, 16, 8.5 ], "texture": "#outer2", "rotation": 90 },
				"west": { "uv": [ 0, 6.5, 16, 8.5 ], "texture": "#outer2", "rotation": 90 },
				"east": { "uv": [ 0, 6.5, 16, 8.5 ], "texture": "#outer2", "rotation": 90 }
			}
		},
		{
			"__comment": "Box27",
			"from": [ 17.75, -12.125, 14.25 ],
			"to": [ 18.75, -7.75, 15.25 ],
			"faces": {
				"down": { "uv": [ 16, 6.5, 15.75, 8.5 ], "texture": "#outer2", "rotation": 90 },
				"up": { "uv": [ 0.25, 8.5, 0, 6.5 ], "texture": "#outer2", "rotation": 270 },
				"north": { "uv": [ 16, 6.5, 0, 8.5 ], "texture": "#outer2", "rotation": 270 },
				"south": { "uv": [ 0, 6.5, 16, 8.5 ], "texture": "#outer2", "rotation": 90 },
				"west": { "uv": [ 0, 6.5, 16, 8.5 ], "texture": "#outer2", "rotation": 90 },
				"east": { "uv": [ 0, 6.5, 16, 8.5 ], "texture": "#outer2", "rotation": 90 }
			}
		},
		{
			"__comment": "Box27",
			"from": [ 7.5, -12.125, 14.25 ],
			"to": [ 8.5, -7.75, 15.25 ],
			"faces": {
				"down": { "uv": [ 16, 6.5, 15.75, 8.5 ], "texture": "#outer2", "rotation": 90 },
				"up": { "uv": [ 0.25, 8.5, 0, 6.5 ], "texture": "#outer2", "rotation": 270 },
				"north": { "uv": [ 16, 6.5, 0, 8.5 ], "texture": "#outer2", "rotation": 270 },
				"south": { "uv": [ 0, 6.5, 16, 8.5 ], "texture": "#outer2", "rotation": 90 },
				"west": { "uv": [ 0, 6.5, 16, 8.5 ], "texture": "#outer2", "rotation": 90 },
				"east": { "uv": [ 0, 6.5, 16, 8.5 ], "texture": "#outer2", "rotation": 90 }
			}
		},
		{
			"__comment": "Box27",
			"from": [ -3, -12.125, 14.25 ],
			"to": [ -2, -7.75, 15.25 ],
			"faces": {
				"down": { "uv": [ 16, 6.5, 15.75, 8.5 ], "texture": "#outer2", "rotation": 90 },
				"up": { "uv": [ 0.25, 8.5, 0, 6.5 ], "texture": "#outer2", "rotation": 270 },
				"north": { "uv": [ 16, 6.5, 0, 8.5 ], "texture": "#outer2", "rotation": 270 },
				"south": { "uv": [ 0, 6.5, 16, 8.5 ], "texture": "#outer2", "rotation": 90 },
				"west": { "uv": [ 0, 6.5, 16, 8.5 ], "texture": "#outer2", "rotation": 90 },
				"east": { "uv": [ 0, 6.5, 16, 8.5 ], "texture": "#outer2", "rotation": 90 }
			}
		},
		{
			"__comment": "Box27",
			"from": [ -2.25, -12.125, 0.75 ],
			"to": [ -1.25, -7.75, 1.75 ],
			"faces": {
				"down": { "uv": [ 16, 6.5, 15.75, 8.5 ], "texture": "#outer2", "rotation": 90 },
				"up": { "uv": [ 0.25, 8.5, 0, 6.5 ], "texture": "#outer2", "rotation": 270 },
				"north": { "uv": [ 16, 6.5, 0, 8.5 ], "texture": "#outer2", "rotation": 270 },
				"south": { "uv": [ 0, 6.5, 16, 8.5 ], "texture": "#outer2", "rotation": 90 },
				"west": { "uv": [ 0, 6.5, 16, 8.5 ], "texture": "#outer2", "rotation": 90 },
				"east": { "uv": [ 0, 6.5, 16, 8.5 ], "texture": "#outer2", "rotation": 90 }
			}
		},
		{
			"__comment": "Box27",
			"from": [ 7.5, -12.125, 0.75 ],
			"to": [ 8.5, -7.75, 1.75 ],
			"faces": {
				"down": { "uv": [ 16, 6.5, 15.75, 8.5 ], "texture": "#outer2", "rotation": 90 },
				"up": { "uv": [ 0.25, 8.5, 0, 6.5 ], "texture": "#outer2", "rotation": 270 },
				"north": { "uv": [ 16, 6.5, 0, 8.5 ], "texture": "#outer2", "rotation": 270 },
				"south": { "uv": [ 0, 6.5, 16, 8.5 ], "texture": "#outer2", "rotation": 90 },
				"west": { "uv": [ 0, 6.5, 16, 8.5 ], "texture": "#outer2", "rotation": 90 },
				"east": { "uv": [ 0, 6.5, 16, 8.5 ], "texture": "#outer2", "rotation": 90 }
			}
		},
		{
			"__comment": "Box27",
			"from": [ 17.625, -12.125, 0.75 ],
			"to": [ 18.625, -7.75, 1.75 ],
			"faces": {
				"down": { "uv": [ 16, 6.5, 15.75, 8.5 ], "texture": "#outer2", "rotation": 90 },
				"up": { "uv": [ 0.25, 8.5, 0, 6.5 ], "texture": "#outer2", "rotation": 270 },
				"north": { "uv": [ 16, 6.5, 0, 8.5 ], "texture": "#outer2", "rotation": 270 },
				"south": { "uv": [ 0, 6.5, 16, 8.5 ], "texture": "#outer2", "rotation": 90 },
				"west": { "uv": [ 0, 6.5, 16, 8.5 ], "texture": "#outer2", "rotation": 90 },
				"east": { "uv": [ 0, 6.5, 16, 8.5 ], "texture": "#outer2", "rotation": 90 }
			}
		},
		{
			"__comment": "Box27",
			"from": [ -12.25, -7.625, 0.75 ],
			"to": [ 28.5, -6.625, 1.75 ],
			"faces": {
				"down": { "uv": [ 16, 6.5, 15.75, 8.5 ], "texture": "#outer2", "rotation": 90 },
				"up": { "uv": [ 0.25, 8.5, 0, 6.5 ], "texture": "#outer2", "rotation": 270 },
				"north": { "uv": [ 16, 6.5, 0, 8.5 ], "texture": "#outer2" },
				"south": { "uv": [ 0, 6.5, 16, 8.5 ], "texture": "#outer2", "rotation": 180 },
				"west": { "uv": [ 0, 6.5, 16, 8.5 ], "texture": "#outer2", "rotation": 180 },
				"east": { "uv": [ 0, 6.5, 16, 8.5 ], "texture": "#outer2", "rotation": 180 }
			}
		},
		{
			"__comment": "Box27",
			"from": [ 20, -6.75, 0.75 ],
			"to": [ 21, 8.5, 1.75 ],
			"faces": {
				"down": { "uv": [ 16, 6.5, 15.75, 8.5 ], "texture": "#outer2", "rotation": 90 },
				"up": { "uv": [ 0.25, 8.5, 0, 6.5 ], "texture": "#outer2", "rotation": 270 },
				"north": { "uv": [ 16, 6.5, 0, 8.5 ], "texture": "#outer2", "rotation": 270 },
				"south": { "uv": [ 0, 6.5, 16, 8.5 ], "texture": "#outer2", "rotation": 90 },
				"west": { "uv": [ 0, 6.5, 16, 8.5 ], "texture": "#outer2", "rotation": 90 },
				"east": { "uv": [ 0, 6.5, 16, 8.5 ], "texture": "#outer2", "rotation": 90 }
			}
		},
		{
			"__comment": "Box27",
			"from": [ 20.875, 0.25, 0.75 ],
			"to": [ 28.5, 1.25, 1.75 ],
			"faces": {
				"down": { "uv": [ 16, 6.5, 15.75, 8.5 ], "texture": "#outer2", "rotation": 90 },
				"up": { "uv": [ 0.25, 8.5, 0, 6.5 ], "texture": "#outer2", "rotation": 270 },
				"north": { "uv": [ 16, 6.5, 0, 8.5 ], "texture": "#outer2" },
				"south": { "uv": [ 0, 6.5, 16, 8.5 ], "texture": "#outer2", "rotation": 180 },
				"west": { "uv": [ 0, 6.5, 16, 8.5 ], "texture": "#outer2", "rotation": 180 },
				"east": { "uv": [ 0, 6.5, 16, 8.5 ], "texture": "#outer2", "rotation": 180 }
			}
		},
		{
			"__comment": "Box27",
			"from": [ -12.25, 8.5, 0.75 ],
			"to": [ 28.5, 9.5, 1.75 ],
			"faces": {
				"down": { "uv": [ 16, 6.5, 15.75, 8.5 ], "texture": "#outer2", "rotation": 90 },
				"up": { "uv": [ 0.25, 8.5, 0, 6.5 ], "texture": "#outer2", "rotation": 270 },
				"north": { "uv": [ 16, 6.5, 0, 8.5 ], "texture": "#outer2" },
				"south": { "uv": [ 0, 6.5, 16, 8.5 ], "texture": "#outer2", "rotation": 180 },
				"west": { "uv": [ 0, 6.5, 16, 8.5 ], "texture": "#outer2", "rotation": 180 },
				"east": { "uv": [ 0, 6.5, 16, 8.5 ], "texture": "#outer2", "rotation": 180 }
			}
		},
		{
			"__comment": "Box27",
			"from": [ 14.125, 9.375, 0.75 ],
			"to": [ 15.125, 14.125, 1.75 ],
			"faces": {
				"down": { "uv": [ 16, 6.5, 15.75, 8.5 ], "texture": "#outer2", "rotation": 90 },
				"up": { "uv": [ 0.25, 8.5, 0, 6.5 ], "texture": "#outer2", "rotation": 270 },
				"north": { "uv": [ 16, 6.5, 0, 8.5 ], "texture": "#outer2", "rotation": 270 },
				"south": { "uv": [ 0, 6.5, 16, 8.5 ], "texture": "#outer2", "rotation": 90 },
				"west": { "uv": [ 0, 6.5, 16, 8.5 ], "texture": "#outer2", "rotation": 90 },
				"east": { "uv": [ 0, 6.5, 16, 8.5 ], "texture": "#outer2", "rotation": 90 }
			}
		},
		{
			"__comment": "Box27",
			"from": [ -12.25, 14, 0.75 ],
			"to": [ 28.5, 15, 1.75 ],
			"faces": {
				"down": { "uv": [ 16, 6.5, 15.75, 8.5 ], "texture": "#outer2", "rotation": 90 },
				"up": { "uv": [ 0.25, 8.5, 0, 6.5 ], "texture": "#outer2", "rotation": 270 },
				"north": { "uv": [ 16, 6.5, 0, 8.5 ], "texture": "#outer2" },
				"south": { "uv": [ 0, 6.5, 16, 8.5 ], "texture": "#outer2", "rotation": 180 },
				"west": { "uv": [ 0, 6.5, 16, 8.5 ], "texture": "#outer2", "rotation": 180 },
				"east": { "uv": [ 0, 6.5, 16, 8.5 ], "texture": "#outer2", "rotation": 180 }
			}
		},
		{
			"__comment": "Box27",
			"from": [ 0, 9.375, 0.75 ],
			"to": [ 1, 14.125, 1.75 ],
			"faces": {
				"down": { "uv": [ 16, 6.5, 15.75, 8.5 ], "texture": "#outer2", "rotation": 90 },
				"up": { "uv": [ 0.25, 8.5, 0, 6.5 ], "texture": "#outer2", "rotation": 270 },
				"north": { "uv": [ 16, 6.5, 0, 8.5 ], "texture": "#outer2", "rotation": 270 },
				"south": { "uv": [ 0, 6.5, 16, 8.5 ], "texture": "#outer2", "rotation": 90 },
				"west": { "uv": [ 0, 6.5, 16, 8.5 ], "texture": "#outer2", "rotation": 90 },
				"east": { "uv": [ 0, 6.5, 16, 8.5 ], "texture": "#outer2", "rotation": 90 }
			}
		},
		{
			"__comment": "Box27",
			"from": [ -13.25, -13, 0.75 ],
			"to": [ -12.25, 15, 1.75 ],
			"faces": {
				"down": { "uv": [ 16, 6.5, 15.75, 8.5 ], "texture": "#outer2", "rotation": 90 },
				"up": { "uv": [ 0.25, 8.5, 0, 6.5 ], "texture": "#outer2", "rotation": 270 },
				"north": { "uv": [ 16, 6.5, 0, 8.5 ], "texture": "#outer2", "rotation": 270 },
				"south": { "uv": [ 0, 6.5, 16, 8.5 ], "texture": "#outer2", "rotation": 90 },
				"west": { "uv": [ 0, 6.5, 16, 8.5 ], "texture": "#outer2", "rotation": 90 },
				"east": { "uv": [ 0, 6.5, 16, 8.5 ], "texture": "#outer2", "rotation": 90 }
			}
		},
		{
			"__comment": "Box27",
			"from": [ 28.375, -13, 0.75 ],
			"to": [ 29.375, 15, 1.75 ],
			"faces": {
				"down": { "uv": [ 16, 6.5, 15.75, 8.5 ], "texture": "#outer2", "rotation": 90 },
				"up": { "uv": [ 0.25, 8.5, 0, 6.5 ], "texture": "#outer2", "rotation": 270 },
				"north": { "uv": [ 16, 6.5, 0, 8.5 ], "texture": "#outer2", "rotation": 270 },
				"south": { "uv": [ 0, 6.5, 16, 8.5 ], "texture": "#outer2", "rotation": 90 },
				"west": { "uv": [ 0, 6.5, 16, 8.5 ], "texture": "#outer2" },
				"east": { "uv": [ 0, 6.5, 16, 8.5 ], "texture": "#outer2", "rotation": 90 }
			}
		},
		{
			"__comment": "Box27",
			"from": [ -12.25, 0.25, 0.75 ],
			"to": [ -4.625, 1.25, 1.75 ],
			"faces": {
				"down": { "uv": [ 16, 6.5, 15.75, 8.5 ], "texture": "#outer2", "rotation": 90 },
				"up": { "uv": [ 0.25, 8.5, 0, 6.5 ], "texture": "#outer2", "rotation": 270 },
				"north": { "uv": [ 16, 6.5, 0, 8.5 ], "texture": "#outer2" },
				"south": { "uv": [ 0, 6.5, 16, 8.5 ], "texture": "#outer2", "rotation": 180 },
				"west": { "uv": [ 0, 6.5, 16, 8.5 ], "texture": "#outer2", "rotation": 180 },
				"east": { "uv": [ 0, 6.5, 16, 8.5 ], "texture": "#outer2", "rotation": 180 }
			}
		},
		{
			"__comment": "Box27",
			"from": [ -4.5, -6.5, 0.75 ],
			"to": [ -3.5, 8.5, 1.75 ],
			"faces": {
				"down": { "uv": [ 16, 6.5, 15.75, 8.5 ], "texture": "#outer2", "rotation": 90 },
				"up": { "uv": [ 0.25, 8.5, 0, 6.5 ], "texture": "#outer2", "rotation": 270 },
				"north": { "uv": [ 16, 6.5, 0, 8.5 ], "texture": "#outer2", "rotation": 270 },
				"south": { "uv": [ 0, 6.5, 16, 8.5 ], "texture": "#outer2", "rotation": 90 },
				"west": { "uv": [ 0, 6.5, 16, 8.5 ], "texture": "#outer2", "rotation": 90 },
				"east": { "uv": [ 0, 6.5, 16, 8.5 ], "texture": "#outer2", "rotation": 90 }
			}
		},
		{
			"__comment": "Box27",
			"from": [ -12.25, -13, 0.75 ],
			"to": [ 28.5, -12, 1.75 ],
			"faces": {
				"down": { "uv": [ 16, 6.5, 15.75, 8.5 ], "texture": "#outer2", "rotation": 90 },
				"up": { "uv": [ 0.25, 8.5, 0, 6.5 ], "texture": "#outer2", "rotation": 270 },
				"north": { "uv": [ 16, 6.5, 0, 8.5 ], "texture": "#outer2" },
				"south": { "uv": [ 0, 6.5, 16, 8.5 ], "texture": "#outer2", "rotation": 180 },
				"west": { "uv": [ 0, 6.5, 16, 8.5 ], "texture": "#outer2", "rotation": 180 },
				"east": { "uv": [ 0, 6.5, 16, 8.5 ], "texture": "#outer2", "rotation": 180 }
			}
		},
		{
			"__comment": "Box4",
			"from": [ -1.875, -13, 1 ],
			"to": [ 7.625, -7.125, 15 ],
			"faces": {
				"down": { "uv": [ 0, 1, 16, 15 ], "texture": "#inner2" },
				"up": { "uv": [ 0, 1, 16, 15 ], "texture": "#inner2" },
				"north": { "uv": [ 3, 12.5, 11.5, 16 ], "texture": "#inner2" },
				"south": { "uv": [ 3, 12.5, 11.5, 16 ], "texture": "#inner2" },
				"west": { "uv": [ 1, 1, 15, 16 ], "texture": "#inner2" },
				"east": { "uv": [ 1, 1, 15, 16 ], "texture": "#inner2" }
			}
		},
		{
			"__comment": "Box4",
			"from": [ 8.375, -13, 1 ],
			"to": [ 17.875, -7.125, 15 ],
			"faces": {
				"down": { "uv": [ 0, 1, 16, 15 ], "texture": "#inner2" },
				"up": { "uv": [ 0, 1, 16, 15 ], "texture": "#inner2" },
				"north": { "uv": [ 4.5, 12, 12.5, 16 ], "texture": "#inner2" },
				"south": { "uv": [ 4.5, 12, 12.5, 16 ], "texture": "#inner2" },
				"west": { "uv": [ 1, 1, 15, 16 ], "texture": "#inner2" },
				"east": { "uv": [ 1, 1, 15, 16 ], "texture": "#inner2" }
			}
		},
		{
			"__comment": "Box4",
			"from": [ 18.625, -13, 1 ],
			"to": [ 28.75, -6.75, 15 ],
			"faces": {
				"down": { "uv": [ 0, 1, 16, 15 ], "texture": "#inner2" },
				"up": { "uv": [ 0, 1, 16, 15 ], "texture": "#inner2" },
				"north": { "uv": [ 4, 12.5, 11.5, 16 ], "texture": "#inner2" },
				"south": { "uv": [ 4, 12.5, 11.5, 16 ], "texture": "#inner2" },
				"west": { "uv": [ 1, 1, 15, 16 ], "texture": "#inner2" },
				"east": { "uv": [ 0, 3.5, 1, 6 ], "texture": "#inner2" }
			}
		},
		{
			"__comment": "Box4",
			"from": [ -12.75, -6.875, 1 ],
			"to": [ -3.875, 1.25, 15 ],
			"faces": {
				"down": { "uv": [ 0, 1, 16, 15 ], "texture": "#inner2" },
				"up": { "uv": [ 0, 1, 16, 15 ], "texture": "#inner2" },
				"north": { "uv": [ 7, 7.5, 16, 0 ], "texture": "#inner2" },
				"south": { "uv": [ 7, 7.5, 16, 0 ], "texture": "#inner2" },
				"west": { "uv": [ 0, 4, 1, 6.5 ], "texture": "#inner2" },
				"east": { "uv": [ 1, 1, 15, 16 ], "texture": "#inner2" }
			}
		},
		{
			"__comment": "Box4",
			"from": [ -12.75, 1.25, 1 ],
			"to": [ -4.125, 9.125, 15 ],
			"faces": {
				"down": { "uv": [ 0, 1, 16, 15 ], "texture": "#inner2" },
				"up": { "uv": [ 0, 1, 16, 15 ], "texture": "#inner2" },
				"north": { "uv": [ 7, 0, 16, 9 ], "texture": "#inner2", "rotation": 270 },
				"south": { "uv": [ 7, 0, 16, 9 ], "texture": "#inner2", "rotation": 270 },
				"west": { "uv": [ 0, 4, 1, 6 ], "texture": "#inner2" },
				"east": { "uv": [ 1, 1, 15, 16 ], "texture": "#inner2" }
			}
		},
		{
			"__comment": "Box4",
			"from": [ -3.875, -6.875, 1 ],
			"to": [ 8, 8.75, 15 ],
			"faces": {
				"down": { "uv": [ 0, 1, 16, 15 ], "texture": "#inner2" },
				"up": { "uv": [ 0, 1, 16, 15 ], "texture": "#inner2" },
				"north": { "uv": [ 0, 5, 9.5, 16 ], "texture": "#inner2" },
				"south": { "uv": [ 9.5, 5, 0, 16 ], "texture": "#inner2" },
				"west": { "uv": [ 1, 1, 15, 16 ], "texture": "#inner2" },
				"east": { "uv": [ 1, 1, 15, 16 ], "texture": "#inner2" }
			}
		},
		{
			"__comment": "Box4",
			"from": [ 7.875, -6.875, 1 ],
			"to": [ 20.125, 8.75, 15 ],
			"faces": {
				"down": { "uv": [ 0, 1, 16, 15 ], "texture": "#inner2" },
				"up": { "uv": [ 0, 1, 16, 15 ], "texture": "#inner2" },
				"north": { "uv": [ 7.5, 6, 16, 16 ], "texture": "#inner2" },
				"south": { "uv": [ 16, 6, 7.5, 16 ], "texture": "#inner2" },
				"west": { "uv": [ 1, 1, 15, 16 ], "texture": "#inner2" },
				"east": { "uv": [ 1, 1, 15, 16 ], "texture": "#inner2" }
			}
		},
		{
			"__comment": "Box4",
			"from": [ 20.5, -6.875, 1 ],
			"to": [ 28.75, 0.75, 15 ],
			"faces": {
				"down": { "uv": [ 0, 1, 16, 15 ], "texture": "#inner2" },
				"up": { "uv": [ 0, 1, 16, 15 ], "texture": "#inner2" },
				"north": { "uv": [ 8, 0, 16, 8 ], "texture": "#inner2" },
				"south": { "uv": [ 8, 0, 16, 8 ], "texture": "#inner2" },
				"west": { "uv": [ 1, 1, 15, 16 ], "texture": "#inner2" },
				"east": { "uv": [ 0, 3.5, 1, 6 ], "texture": "#inner2" }
			}
		},
		{
			"__comment": "Box4",
			"from": [ 20.5, 0.75, 1 ],
			"to": [ 28.75, 9, 15 ],
			"faces": {
				"down": { "uv": [ 0, 1, 16, 15 ], "texture": "#inner2" },
				"up": { "uv": [ 0, 1, 16, 15 ], "texture": "#inner2" },
				"north": { "uv": [ 7.5, 0, 16, 9 ], "texture": "#inner2" },
				"south": { "uv": [ 7.5, 0, 16, 9 ], "texture": "#inner2" },
				"west": { "uv": [ 1, 1, 15, 16 ], "texture": "#inner2" },
				"east": { "uv": [ 0, 5, 1, 8 ], "texture": "#inner2" }
			}
		},
		{
			"__comment": "Box4",
			"from": [ -12.75, 9.125, 1 ],
			"to": [ 0.5, 15, 15 ],
			"faces": {
				"down": { "uv": [ 0, 1, 16, 15 ], "texture": "#inner2" },
				"up": { "uv": [ 0, 1, 16, 15 ], "texture": "#inner2" },
				"north": { "uv": [ 0, 0, 16, 5 ], "texture": "#inner2" },
				"south": { "uv": [ 0, 0, 16, 5 ], "texture": "#inner2" },
				"west": { "uv": [ 0, 5.5, 1, 7.5 ], "texture": "#inner2" },
				"east": { "uv": [ 1, 1, 15, 16 ], "texture": "#inner2" }
			}
		},
		{
			"__comment": "Box4",
			"from": [ 0.875, 9.125, 1 ],
			"to": [ 14.125, 14.5, 15 ],
			"faces": {
				"down": { "uv": [ 0, 1, 16, 15 ], "texture": "#inner2" },
				"up": { "uv": [ 0, 1, 16, 15 ], "texture": "#inner2" },
				"north": { "uv": [ 0, 0, 16, 4 ], "texture": "#inner2" },
				"south": { "uv": [ 0, 0, 16, 4 ], "texture": "#inner2" },
				"west": { "uv": [ 1, 1, 15, 16 ], "texture": "#inner2" },
				"east": { "uv": [ 1, 1, 15, 16 ], "texture": "#inner2" }
			}
		},
		{
			"__comment": "Box4",
			"from": [ 15.125, 9, 1 ],
			"to": [ 28.75, 14.875, 15 ],
			"faces": {
				"down": { "uv": [ 0, 1, 16, 15 ], "texture": "#inner2" },
				"up": { "uv": [ 0, 1, 16, 15 ], "texture": "#inner2" },
				"north": { "uv": [ 0, 0, 16, 4 ], "texture": "#inner2" },
				"south": { "uv": [ 0, 0, 16, 4 ], "texture": "#inner2" },
				"west": { "uv": [ 0, 4, 1, 6 ], "texture": "#inner2" },
				"east": { "uv": [ 0, 4, 1, 6 ], "texture": "#inner2" }
			}
		},
		{
			"__comment": "Box69",
			"from": [ 6.5, 0, 0.5 ],
			"to": [ 9, 2.5, 15.5 ],
			"faces": {
				"down": { "uv": [ 1.75, 1.25, 2, 1.5 ], "texture": "#gold" },
				"up": { "uv": [ 1.75, 1.25, 2, 1.5 ], "texture": "#gold" },
				"north": { "uv": [ 1.75, 1.25, 2, 1.5 ], "texture": "#gold" },
				"south": { "uv": [ 1.75, 1.25, 2, 1.5 ], "texture": "#gold" },
				"west": { "uv": [ 1.75, 1.25, 2, 1.5 ], "texture": "#gold" },
				"east": { "uv": [ 1.75, 1.25, 2, 1.5 ], "texture": "#gold" }
			}
		},
		{
			"__comment": "Box70",
			"from": [ 9, 16, 3.5 ],
			"to": [ 9.001, 26, 13.5 ],
			"faces": {
				"down": { "uv": [ 0, 0, 0.001000404, 8 ], "texture": "#texture" },
				"up": { "uv": [ 0, 0, 0.001000404, 8 ], "texture": "#texture" },
				"north": { "uv": [ 0, 0, 0.001000404, 8 ], "texture": "#texture" },
				"south": { "uv": [ 0, 0, 0.001000404, 8 ], "texture": "#texture" },
				"west": { "uv": [ 16, 0, 0, 16 ], "texture": "#texture" },
				"east": { "uv": [ 0, 0, 16, 16 ], "texture": "#texture" }
			}
		},
		{
			"__comment": "Box70",
			"from": [ 4, 16, 8.499 ],
			"to": [ 14, 26, 8.5 ],
			"faces": {
				"down": { "uv": [ 0, 0, 0.001000404, 8 ], "texture": "#texture", "rotation": 90 },
				"up": { "uv": [ 0, 0, 0.001000404, 8 ], "texture": "#texture", "rotation": 270 },
				"north": { "uv": [ 16, 0, 0, 16 ], "texture": "#texture" },
				"south": { "uv": [ 0, 0, 16, 16 ], "texture": "#texture" },
				"west": { "uv": [ 0, 0, 0.001000404, 8 ], "texture": "#texture" },
				"east": { "uv": [ 0, 0, 0.001000404, 8 ], "texture": "#texture" }
			}
		},
		{
			"__comment": "Box1",
			"from": [ 3.5, 16, 4.5 ],
			"to": [ 14, 16.5, 11.5 ],
			"faces": {
				"down": { "uv": [ 3.3125, 2.0625, 3.75, 2.375 ], "texture": "#inner2" },
				"up": { "uv": [ 3.3125, 2.0625, 3.75, 2.375 ], "texture": "#inner2" },
				"north": { "uv": [ 3.3125, 2.0625, 3.75, 2.375 ], "texture": "#inner2" },
				"south": { "uv": [ 3.3125, 2.0625, 3.75, 2.375 ], "texture": "#inner2" },
				"west": { "uv": [ 3.3125, 2.0625, 3.75, 2.375 ], "texture": "#inner2" },
				"east": { "uv": [ 3.3125, 2.0625, 3.75, 2.375 ], "texture": "#inner2" }
			}
		}
	],
	"display": {
		"head": {
			"translation":  [ 0, 27, -10 ],
			"scale":  [ 3, 3, 3 ]
		}
	}
}