{
	"__comment": "Designed by twodice",
	"textures": {
		"texture": "items/goldt"
	},
	"elements": [ 	 
		{
			"__comment": "Box1",
			"from": [ 0, 0, 0 ],
			"to": [ 16, 4, 16 ],
			"faces": {
				"down": { "uv": [ 0, 0, 16, 16 ], "texture": "#texture" },
				"up": { "uv": [ 0, 0, 16, 16 ], "texture": "#texture" },
				"north": { "uv": [ 5.5, 11, 14, 13.5 ], "texture": "#texture" },
				"south": { "uv": [ 5.5, 11, 14, 14 ], "texture": "#texture" },
				"west": { "uv": [ 5.5, 11, 14, 13.5 ], "texture": "#texture" },
				"east": { "uv": [ 5.5, 11, 14, 13.5 ], "texture": "#texture" }
			}
		}
	],
	"display": {
		"head": {
			"translation":  [ 13.3, 0, 38.7 ],
			"scale":  [ 3.3, 3.3, 3.3 ]
		}
	}
}