{
	"__comment": "Designed by twodice",
	"textures": {
		"texture": "items/wnddkd"
	},
	"elements": [ 	 
		{
			"__comment": "Box1",
			"from": [ -14.9999, -15, 8 ],
			"to": [ 31.0001, 31, 8.001 ],
			"faces": {
				"down": { "uv": [ 8, 15.999, 16, 16 ], "texture": "#texture" },
				"up": { "uv": [ 8, 0, 16, 0.001000404 ], "texture": "#texture" },
				"north": { "uv": [ 0, 0, 16, 16 ], "texture": "#texture" },
				"south": { "uv": [ 16, 0, 0, 16 ], "texture": "#texture" },
				"west": { "uv": [ 0, 0, 0.5, 0.5 ], "texture": "#texture" },
				"east": { "uv": [ 0, 0, 1, 1 ], "texture": "#texture" }
			}
		}
	],
	"display": {
		"gui": {
			"scale":  [ 0.3, 0.3, 0.3 ]
		},
		"head": {
			"translation":  [ 0, 20, 5 ],
			"scale":  [ 3, 3, 3 ]
		}
	}
}