{
	"__comment": "Designed by twodice",
	"textures": {
		"texture": "items/thskan"
	},
	"elements": [ 	 
		{
			"__comment": "Box1",
			"from": [ -16, -16, 9 ],
			"to": [ 32, 32, 9.001 ],
			"faces": {
				"down": { "uv": [ 0, 6.999, 16, 7 ], "texture": "#texture" },
				"up": { "uv": [ 0, 9, 16, 9.000999 ], "texture": "#texture" },
				"north": { "uv": [ 16, 0, 0, 16 ], "texture": "#texture" },
				"south": { "uv": [ 0, 0, 16, 16 ], "texture": "#texture" },
				"west": { "uv": [ 9, 0, 9.001, 16 ], "texture": "#texture" },
				"east": { "uv": [ 6.999, 0, 7, 16 ], "texture": "#texture" }
			}
		}
	],
	"display": {
		"head": {
			"translation":  [ 0, -25, 2 ]
		}
	}
}