{
	"__comment": "Designed by twodice",
	"textures": {
		"particle": "items/emd2",
		"texture": "items/emd1",
		"texture1": "items/emd3"
	},
	"elements": [ 	 
		{
			"__comment": "Box1",
			"from": [ 2, -16, 2 ],
			"to": [ 14, -15, 14 ],
			"faces": {
				"down": { "uv": [ 2, 2, 14, 14 ], "texture": "#texture" },
				"up": { "uv": [ 2, 2, 14, 14 ], "texture": "#texture" },
				"north": { "uv": [ 0, 16, 16, 15 ], "texture": "#texture" },
				"south": { "uv": [ 0, 16, 16, 15 ], "texture": "#texture" },
				"west": { "uv": [ 0, 16, 16, 15 ], "texture": "#texture" },
				"east": { "uv": [ 0, 16, 16, 15 ], "texture": "#texture" }
			}
		},
		{
			"__comment": "a",
			"from": [ 5, -15, 5 ],
			"to": [ 11, -12, 11 ],
			"faces": {
				"down": { "uv": [ 5, 5, 11, 11 ], "texture": "#texture" },
				"up": { "uv": [ 5, 5, 11, 11 ], "texture": "#texture" },
				"north": { "uv": [ 5, 13, 11, 16 ], "texture": "#texture" },
				"south": { "uv": [ 5, 13, 11, 16 ], "texture": "#texture" },
				"west": { "uv": [ 5, 13, 11, 16 ], "texture": "#texture" },
				"east": { "uv": [ 5, 13, 11, 16 ], "texture": "#texture" }
			}
		},
		{
			"__comment": "Box1",
			"from": [ 3, -15, 3 ],
			"to": [ 4, -14, 4 ],
			"faces": {
				"down": { "uv": [ 3, 12, 4, 13 ], "texture": "#texture1" },
				"up": { "uv": [ 3, 3, 4, 4 ], "texture": "#texture1" },
				"north": { "uv": [ 12, 15, 13, 16 ], "texture": "#texture1" },
				"south": { "uv": [ 3, 15, 4, 16 ], "texture": "#texture1" },
				"west": { "uv": [ 3, 15, 4, 16 ], "texture": "#texture1" },
				"east": { "uv": [ 12, 15, 13, 16 ], "texture": "#texture1" }
			}
		},
		{
			"__comment": "Box1",
			"from": [ 12, -15, 3 ],
			"to": [ 13, -14, 4 ],
			"faces": {
				"down": { "uv": [ 12, 12, 13, 13 ], "texture": "#texture1" },
				"up": { "uv": [ 12, 3, 13, 4 ], "texture": "#texture1" },
				"north": { "uv": [ 3, 15, 4, 16 ], "texture": "#texture1" },
				"south": { "uv": [ 12, 15, 13, 16 ], "texture": "#texture1" },
				"west": { "uv": [ 3, 15, 4, 16 ], "texture": "#texture1" },
				"east": { "uv": [ 12, 15, 13, 16 ], "texture": "#texture1" }
			}
		},
		{
			"__comment": "Box1",
			"from": [ 12, -15, 12 ],
			"to": [ 13, -14, 13 ],
			"faces": {
				"down": { "uv": [ 12, 3, 13, 4 ], "texture": "#texture1" },
				"up": { "uv": [ 12, 12, 13, 13 ], "texture": "#texture1" },
				"north": { "uv": [ 3, 15, 4, 16 ], "texture": "#texture1" },
				"south": { "uv": [ 12, 15, 13, 16 ], "texture": "#texture1" },
				"west": { "uv": [ 12, 15, 13, 16 ], "texture": "#texture1" },
				"east": { "uv": [ 3, 15, 4, 16 ], "texture": "#texture1" }
			}
		},
		{
			"__comment": "Box1",
			"from": [ 3, -15, 12 ],
			"to": [ 4, -14, 13 ],
			"faces": {
				"down": { "uv": [ 3, 3, 4, 4 ], "texture": "#texture1" },
				"up": { "uv": [ 3, 12, 4, 13 ], "texture": "#texture1" },
				"north": { "uv": [ 12, 15, 13, 16 ], "texture": "#texture1" },
				"south": { "uv": [ 3, 15, 4, 16 ], "texture": "#texture1" },
				"west": { "uv": [ 12, 15, 13, 16 ], "texture": "#texture1" },
				"east": { "uv": [ 3, 15, 4, 16 ], "texture": "#texture1" }
			}
		},
		{
			"__comment": "Box1",
			"from": [ 7.5, -12, 3 ],
			"to": [ 8.5, -11, 13 ],
			"faces": {
				"down": { "uv": [ 7.5, 3, 8.5, 13 ], "texture": "#texture" },
				"up": { "uv": [ 7.5, 3, 8.5, 13 ], "texture": "#texture" },
				"north": { "uv": [ 7.5, 12, 8.5, 13 ], "texture": "#texture" },
				"south": { "uv": [ 7.5, 12, 8.5, 13 ], "texture": "#texture" },
				"west": { "uv": [ 3, 12, 13, 13 ], "texture": "#texture" },
				"east": { "uv": [ 3, 12, 13, 13 ], "texture": "#texture" }
			}
		},
		{
			"__comment": "Box1",
			"from": [ 3, -12, 7.5 ],
			"to": [ 13, -11, 8.5 ],
			"faces": {
				"down": { "uv": [ 3, 7.5, 13, 8.5 ], "texture": "#texture" },
				"up": { "uv": [ 3, 7.5, 13, 8.5 ], "texture": "#texture" },
				"north": { "uv": [ 3, 12, 13, 13 ], "texture": "#texture" },
				"south": { "uv": [ 3, 12, 13, 13 ], "texture": "#texture" },
				"west": { "uv": [ 7.5, 12, 8.5, 13 ], "texture": "#texture" },
				"east": { "uv": [ 7.5, 12, 8.5, 13 ], "texture": "#texture" }
			}
		},
		{
			"__comment": "Box1",
			"from": [ 7.5, -11, 3 ],
			"to": [ 8.5, 10, 4 ],
			"faces": {
				"down": { "uv": [ 7.5, 12, 8.5, 13 ], "texture": "#texture" },
				"up": { "uv": [ 7.5, 3, 8.5, 4 ], "texture": "#texture" },
				"north": { "uv": [ 7.5, 7, 8.5, 16 ], "texture": "#texture" },
				"south": { "uv": [ 7.5, 7, 8.5, 16 ], "texture": "#texture" },
				"west": { "uv": [ 3, 7, 4, 16 ], "texture": "#texture" },
				"east": { "uv": [ 12, 7, 13, 16 ], "texture": "#texture" }
			}
		},
		{
			"__comment": "Box1",
			"from": [ 7.5, -11, 12 ],
			"to": [ 8.5, 10, 13 ],
			"faces": {
				"down": { "uv": [ 7.5, 3, 8.5, 4 ], "texture": "#texture" },
				"up": { "uv": [ 7.5, 12, 8.5, 13 ], "texture": "#texture" },
				"north": { "uv": [ 7.5, 7, 8.5, 16 ], "texture": "#texture" },
				"south": { "uv": [ 7.5, 7, 8.5, 16 ], "texture": "#texture" },
				"west": { "uv": [ 12, 7, 13, 16 ], "texture": "#texture" },
				"east": { "uv": [ 3, 7, 4, 16 ], "texture": "#texture" }
			}
		},
		{
			"__comment": "Box1",
			"from": [ 12, -11, 7.5 ],
			"to": [ 13, 10, 8.5 ],
			"faces": {
				"down": { "uv": [ 12, 7.5, 13, 8.5 ], "texture": "#texture" },
				"up": { "uv": [ 12, 7.5, 13, 8.5 ], "texture": "#texture" },
				"north": { "uv": [ 3, 7, 4, 16 ], "texture": "#texture" },
				"south": { "uv": [ 12, 7, 13, 16 ], "texture": "#texture" },
				"west": { "uv": [ 7.5, 7, 8.5, 16 ], "texture": "#texture" },
				"east": { "uv": [ 7.5, 7, 8.5, 16 ], "texture": "#texture" }
			}
		},
		{
			"__comment": "Box1",
			"from": [ 3, -11, 7.5 ],
			"to": [ 4, 10, 8.5 ],
			"faces": {
				"down": { "uv": [ 3, 7.5, 4, 8.5 ], "texture": "#texture" },
				"up": { "uv": [ 3, 7.5, 4, 8.5 ], "texture": "#texture" },
				"north": { "uv": [ 12, 7, 13, 16 ], "texture": "#texture" },
				"south": { "uv": [ 3, 7, 4, 16 ], "texture": "#texture" },
				"west": { "uv": [ 7.5, 7, 8.5, 16 ], "texture": "#texture" },
				"east": { "uv": [ 7.5, 7, 8.5, 16 ], "texture": "#texture" }
			}
		},
		{
			"__comment": "Box1",
			"from": [ 7.5, 9, 13 ],
			"to": [ 8.5, 10, 16 ],
			"faces": {
				"down": { "uv": [ 7.5, 0, 8.5, 3 ], "texture": "#texture" },
				"up": { "uv": [ 7.5, 13, 8.5, 16 ], "texture": "#texture" },
				"north": { "uv": [ 7.5, 7, 8.5, 8 ], "texture": "#texture" },
				"south": { "uv": [ 7.5, 7, 8.5, 8 ], "texture": "#texture" },
				"west": { "uv": [ 13, 7, 16, 8 ], "texture": "#texture" },
				"east": { "uv": [ 0, 7, 3, 8 ], "texture": "#texture" }
			}
		},
		{
			"__comment": "Box1",
			"from": [ 7.5, 10, 15 ],
			"to": [ 8.5, 20, 16 ],
			"faces": {
				"down": { "uv": [ 7.5, 0, 8.5, 1 ], "texture": "#texture" },
				"up": { "uv": [ 7.5, 15, 8.5, 16 ], "texture": "#texture" },
				"north": { "uv": [ 7.5, 0, 8.5, 7 ], "texture": "#texture" },
				"south": { "uv": [ 7.5, 0, 8.5, 7 ], "texture": "#texture" },
				"west": { "uv": [ 15, 0, 16, 7 ], "texture": "#texture" },
				"east": { "uv": [ 0, 0, 1, 7 ], "texture": "#texture" }
			}
		},
		{
			"__comment": "Box1",
			"from": [ 7.5, 9, 0 ],
			"to": [ 8.5, 10, 3 ],
			"faces": {
				"down": { "uv": [ 7.5, 13, 8.5, 16 ], "texture": "#texture" },
				"up": { "uv": [ 7.5, 0, 8.5, 3 ], "texture": "#texture" },
				"north": { "uv": [ 7.5, 7, 8.5, 8 ], "texture": "#texture" },
				"south": { "uv": [ 7.5, 7, 8.5, 8 ], "texture": "#texture" },
				"west": { "uv": [ 0, 7, 3, 8 ], "texture": "#texture" },
				"east": { "uv": [ 13, 7, 16, 8 ], "texture": "#texture" }
			}
		},
		{
			"__comment": "Box1",
			"from": [ 7.5, 10, 0 ],
			"to": [ 8.5, 20, 1 ],
			"faces": {
				"down": { "uv": [ 7.5, 15, 8.5, 16 ], "texture": "#texture" },
				"up": { "uv": [ 7.5, 0, 8.5, 1 ], "texture": "#texture" },
				"north": { "uv": [ 7.5, 0, 8.5, 7 ], "texture": "#texture" },
				"south": { "uv": [ 7.5, 0, 8.5, 7 ], "texture": "#texture" },
				"west": { "uv": [ 0, 0, 1, 7 ], "texture": "#texture" },
				"east": { "uv": [ 15, 0, 16, 7 ], "texture": "#texture" }
			}
		},
		{
			"__comment": "Box1",
			"from": [ 13, 9, 7.5 ],
			"to": [ 16, 10, 8.5 ],
			"faces": {
				"down": { "uv": [ 13, 7.5, 16, 8.5 ], "texture": "#texture" },
				"up": { "uv": [ 13, 7.5, 16, 8.5 ], "texture": "#texture" },
				"north": { "uv": [ 0, 7, 3, 8 ], "texture": "#texture" },
				"south": { "uv": [ 13, 7, 16, 8 ], "texture": "#texture" },
				"west": { "uv": [ 7.5, 7, 8.5, 8 ], "texture": "#texture" },
				"east": { "uv": [ 7.5, 7, 8.5, 8 ], "texture": "#texture" }
			}
		},
		{
			"__comment": "Box1",
			"from": [ 0, 9, 7.5 ],
			"to": [ 3, 10, 8.5 ],
			"faces": {
				"down": { "uv": [ 0, 7.5, 3, 8.5 ], "texture": "#texture" },
				"up": { "uv": [ 0, 7.5, 3, 8.5 ], "texture": "#texture" },
				"north": { "uv": [ 13, 7, 16, 8 ], "texture": "#texture" },
				"south": { "uv": [ 0, 7, 3, 8 ], "texture": "#texture" },
				"west": { "uv": [ 7.5, 7, 8.5, 8 ], "texture": "#texture" },
				"east": { "uv": [ 7.5, 7, 8.5, 8 ], "texture": "#texture" }
			}
		},
		{
			"__comment": "Box1",
			"from": [ 15, 10, 7.5 ],
			"to": [ 16, 20, 8.5 ],
			"faces": {
				"down": { "uv": [ 15, 7.5, 16, 8.5 ], "texture": "#texture" },
				"up": { "uv": [ 15, 7.5, 16, 8.5 ], "texture": "#texture" },
				"north": { "uv": [ 0, 0, 1, 7 ], "texture": "#texture" },
				"south": { "uv": [ 15, 0, 16, 7 ], "texture": "#texture" },
				"west": { "uv": [ 7.5, 0, 8.5, 7 ], "texture": "#texture" },
				"east": { "uv": [ 7.5, 0, 8.5, 7 ], "texture": "#texture" }
			}
		},
		{
			"__comment": "Box1",
			"from": [ 0, 10, 7.5 ],
			"to": [ 1, 20, 8.5 ],
			"faces": {
				"down": { "uv": [ 0, 7.5, 1, 8.5 ], "texture": "#texture" },
				"up": { "uv": [ 0, 7.5, 1, 8.5 ], "texture": "#texture" },
				"north": { "uv": [ 15, 0, 16, 7 ], "texture": "#texture" },
				"south": { "uv": [ 0, 0, 1, 7 ], "texture": "#texture" },
				"west": { "uv": [ 7.5, 0, 8.5, 7 ], "texture": "#texture" },
				"east": { "uv": [ 7.5, 0, 8.5, 7 ], "texture": "#texture" }
			}
		},
		{
			"__comment": "Box1",
			"from": [ 3, 11.5, 3 ],
			"to": [ 4, 12.5, 13 ],
			"faces": {
				"down": { "uv": [ 3, 3, 4, 13 ], "texture": "#texture" },
				"up": { "uv": [ 3, 3, 4, 13 ], "texture": "#texture" },
				"north": { "uv": [ 12, 3.5, 13, 4.5 ], "texture": "#texture" },
				"south": { "uv": [ 3, 3.5, 4, 4.5 ], "texture": "#texture" },
				"west": { "uv": [ 3, 3.5, 13, 4.5 ], "texture": "#texture" },
				"east": { "uv": [ 3, 3.5, 13, 4.5 ], "texture": "#texture" }
			}
		},
		{
			"__comment": "Box1",
			"from": [ 12, 11.5, 3 ],
			"to": [ 13, 12.5, 13 ],
			"faces": {
				"down": { "uv": [ 12, 3, 13, 13 ], "texture": "#texture" },
				"up": { "uv": [ 12, 3, 13, 13 ], "texture": "#texture" },
				"north": { "uv": [ 3, 4.5, 4, 5.5 ], "texture": "#texture" },
				"south": { "uv": [ 12, 4.5, 13, 5.5 ], "texture": "#texture" },
				"west": { "uv": [ 3, 4.5, 13, 5.5 ], "texture": "#texture" },
				"east": { "uv": [ 3, 4.5, 13, 5.5 ], "texture": "#texture" }
			}
		},
		{
			"__comment": "Box1",
			"from": [ 4, 11.5, 3 ],
			"to": [ 12, 12.5, 4 ],
			"faces": {
				"down": { "uv": [ 4, 12, 12, 13 ], "texture": "#texture" },
				"up": { "uv": [ 4, 3, 12, 4 ], "texture": "#texture" },
				"north": { "uv": [ 4, 4.5, 12, 5.5 ], "texture": "#texture" },
				"south": { "uv": [ 4, 4.5, 12, 5.5 ], "texture": "#texture" },
				"west": { "uv": [ 3, 4.5, 4, 5.5 ], "texture": "#texture" },
				"east": { "uv": [ 12, 4.5, 13, 5.5 ], "texture": "#texture" }
			}
		},
		{
			"__comment": "Box1",
			"from": [ 4, 11.5, 12 ],
			"to": [ 12, 12.5, 13 ],
			"faces": {
				"down": { "uv": [ 4, 3, 12, 4 ], "texture": "#texture" },
				"up": { "uv": [ 4, 12, 12, 13 ], "texture": "#texture" },
				"north": { "uv": [ 4, 4.5, 12, 5.5 ], "texture": "#texture" },
				"south": { "uv": [ 4, 4.5, 12, 5.5 ], "texture": "#texture" },
				"west": { "uv": [ 12, 4.5, 13, 5.5 ], "texture": "#texture" },
				"east": { "uv": [ 3, 4.5, 4, 5.5 ], "texture": "#texture" }
			}
		},
		{
			"__comment": "Box1",
			"from": [ 3, 12.5, 3 ],
			"to": [ 4, 28, 4 ],
			"faces": {
				"down": { "uv": [ 3, 12, 4, 13 ], "texture": "#texture" },
				"up": { "uv": [ 3, 3, 4, 4 ], "texture": "#texture" },
				"north": { "uv": [ 12, 0, 13, 4.5 ], "texture": "#texture" },
				"south": { "uv": [ 3, 0, 4, 4.5 ], "texture": "#texture" },
				"west": { "uv": [ 3, 0, 4, 4.5 ], "texture": "#texture" },
				"east": { "uv": [ 12, 0, 13, 4.5 ], "texture": "#texture" }
			}
		},
		{
			"__comment": "Box1",
			"from": [ 3, 12.5, 12 ],
			"to": [ 4, 28, 13 ],
			"faces": {
				"down": { "uv": [ 3, 3, 4, 4 ], "texture": "#texture" },
				"up": { "uv": [ 3, 12, 4, 13 ], "texture": "#texture" },
				"north": { "uv": [ 12, 0, 13, 4.5 ], "texture": "#texture" },
				"south": { "uv": [ 3, 0, 4, 4.5 ], "texture": "#texture" },
				"west": { "uv": [ 12, 0, 13, 4.5 ], "texture": "#texture" },
				"east": { "uv": [ 3, 0, 4, 4.5 ], "texture": "#texture" }
			}
		},
		{
			"__comment": "Box1",
			"from": [ 12, 12.5, 12 ],
			"to": [ 13, 28, 13 ],
			"faces": {
				"down": { "uv": [ 12, 3, 13, 4 ], "texture": "#texture" },
				"up": { "uv": [ 12, 12, 13, 13 ], "texture": "#texture" },
				"north": { "uv": [ 3, 0, 4, 4.5 ], "texture": "#texture" },
				"south": { "uv": [ 12, 0, 13, 4.5 ], "texture": "#texture" },
				"west": { "uv": [ 12, 0, 13, 4.5 ], "texture": "#texture" },
				"east": { "uv": [ 3, 0, 4, 4.5 ], "texture": "#texture" }
			}
		},
		{
			"__comment": "Box1",
			"from": [ 12, 12.5, 3 ],
			"to": [ 13, 28, 4 ],
			"faces": {
				"down": { "uv": [ 12, 12, 13, 13 ], "texture": "#texture" },
				"up": { "uv": [ 12, 3, 13, 4 ], "texture": "#texture" },
				"north": { "uv": [ 3, 0, 4, 4.5 ], "texture": "#texture" },
				"south": { "uv": [ 12, 0, 13, 4.5 ], "texture": "#texture" },
				"west": { "uv": [ 3, 0, 4, 4.5 ], "texture": "#texture" },
				"east": { "uv": [ 12, 0, 13, 4.5 ], "texture": "#texture" }
			}
		},
		{
			"__comment": "Box1",
			"from": [ 12, 28, 3 ],
			"to": [ 13, 29, 13 ],
			"faces": {
				"down": { "uv": [ 12, 3, 13, 13 ], "texture": "#texture" },
				"up": { "uv": [ 12, 3, 13, 13 ], "texture": "#texture" },
				"north": { "uv": [ 3, 4.5, 4, 5.5 ], "texture": "#texture" },
				"south": { "uv": [ 12, 4.5, 13, 5.5 ], "texture": "#texture" },
				"west": { "uv": [ 3, 4.5, 13, 5.5 ], "texture": "#texture" },
				"east": { "uv": [ 3, 4.5, 13, 5.5 ], "texture": "#texture" }
			}
		},
		{
			"__comment": "Box1",
			"from": [ 3, 28, 3 ],
			"to": [ 4, 29, 13 ],
			"faces": {
				"down": { "uv": [ 3, 3, 4, 13 ], "texture": "#texture" },
				"up": { "uv": [ 3, 3, 4, 13 ], "texture": "#texture" },
				"north": { "uv": [ 12, 4.5, 13, 5.5 ], "texture": "#texture" },
				"south": { "uv": [ 3, 4.5, 4, 5.5 ], "texture": "#texture" },
				"west": { "uv": [ 3, 4.5, 13, 5.5 ], "texture": "#texture" },
				"east": { "uv": [ 3, 4.5, 13, 5.5 ], "texture": "#texture" }
			}
		},
		{
			"__comment": "Box1",
			"from": [ 4, 28, 3 ],
			"to": [ 12, 29, 13 ],
			"faces": {
				"down": { "uv": [ 4, 3, 12, 13 ], "texture": "#texture" },
				"up": { "uv": [ 4, 3, 12, 13 ], "texture": "#texture" },
				"north": { "uv": [ 4, 3, 12, 4 ], "texture": "#texture" },
				"south": { "uv": [ 4, 3, 12, 4 ], "texture": "#texture" },
				"west": { "uv": [ 3, 3, 13, 4 ], "texture": "#texture" },
				"east": { "uv": [ 3, 3, 13, 4 ], "texture": "#texture" }
			}
		},
		{
			"__comment": "Box1",
			"from": [ 7.75, 16.125, 1 ],
			"to": [ 8.25, 16.625, 3 ],
			"faces": {
				"down": { "uv": [ 7.75, 13, 8.25, 15 ], "texture": "#texture" },
				"up": { "uv": [ 7.75, 1, 8.25, 3 ], "texture": "#texture" },
				"north": { "uv": [ 7.75, 0.375, 8.25, 0.875 ], "texture": "#texture" },
				"south": { "uv": [ 7.75, 0.375, 8.25, 0.875 ], "texture": "#texture" },
				"west": { "uv": [ 1, 0.375, 3, 0.875 ], "texture": "#texture" },
				"east": { "uv": [ 13, 0.375, 15, 0.875 ], "texture": "#texture" }
			}
		},
		{
			"__comment": "Box1",
			"from": [ 7.75, 14.5, 1 ],
			"to": [ 8.25, 15, 3 ],
			"faces": {
				"down": { "uv": [ 7.75, 13, 8.25, 15 ], "texture": "#texture" },
				"up": { "uv": [ 7.75, 1, 8.25, 3 ], "texture": "#texture" },
				"north": { "uv": [ 7.75, 2, 8.25, 2.5 ], "texture": "#texture" },
				"south": { "uv": [ 7.75, 2, 8.25, 2.5 ], "texture": "#texture" },
				"west": { "uv": [ 1, 2, 3, 2.5 ], "texture": "#texture" },
				"east": { "uv": [ 13, 2, 15, 2.5 ], "texture": "#texture" }
			}
		},
		{
			"__comment": "Box1",
			"from": [ 7.75, 16.125, 13 ],
			"to": [ 8.25, 16.625, 15 ],
			"faces": {
				"down": { "uv": [ 7.75, 1, 8.25, 3 ], "texture": "#texture" },
				"up": { "uv": [ 7.75, 13, 8.25, 15 ], "texture": "#texture" },
				"north": { "uv": [ 7.75, 0.375, 8.25, 0.875 ], "texture": "#texture" },
				"south": { "uv": [ 7.75, 0.375, 8.25, 0.875 ], "texture": "#texture" },
				"west": { "uv": [ 13, 0.375, 15, 0.875 ], "texture": "#texture" },
				"east": { "uv": [ 1, 0.375, 3, 0.875 ], "texture": "#texture" }
			}
		},
		{
			"__comment": "Box1",
			"from": [ 7.75, 14.5, 13 ],
			"to": [ 8.25, 15, 15 ],
			"faces": {
				"down": { "uv": [ 7.75, 1, 8.25, 3 ], "texture": "#texture" },
				"up": { "uv": [ 7.75, 13, 8.25, 15 ], "texture": "#texture" },
				"north": { "uv": [ 7.75, 2, 8.25, 2.5 ], "texture": "#texture" },
				"south": { "uv": [ 7.75, 2, 8.25, 2.5 ], "texture": "#texture" },
				"west": { "uv": [ 13, 2, 15, 2.5 ], "texture": "#texture" },
				"east": { "uv": [ 1, 2, 3, 2.5 ], "texture": "#texture" }
			}
		},
		{
			"__comment": "Box1",
			"from": [ 1, 14.5, 7.75 ],
			"to": [ 3, 15, 8.25 ],
			"faces": {
				"down": { "uv": [ 1, 7.75, 3, 8.25 ], "texture": "#texture" },
				"up": { "uv": [ 1, 7.75, 3, 8.25 ], "texture": "#texture" },
				"north": { "uv": [ 13, 2, 15, 2.5 ], "texture": "#texture" },
				"south": { "uv": [ 1, 2, 3, 2.5 ], "texture": "#texture" },
				"west": { "uv": [ 7.75, 2, 8.25, 2.5 ], "texture": "#texture" },
				"east": { "uv": [ 7.75, 2, 8.25, 2.5 ], "texture": "#texture" }
			}
		},
		{
			"__comment": "Box1",
			"from": [ 1, 16.125, 7.75 ],
			"to": [ 3, 16.625, 8.25 ],
			"faces": {
				"down": { "uv": [ 1, 7.75, 3, 8.25 ], "texture": "#texture" },
				"up": { "uv": [ 1, 7.75, 3, 8.25 ], "texture": "#texture" },
				"north": { "uv": [ 13, 0.375, 15, 0.875 ], "texture": "#texture" },
				"south": { "uv": [ 1, 0.375, 3, 0.875 ], "texture": "#texture" },
				"west": { "uv": [ 7.75, 0.375, 8.25, 0.875 ], "texture": "#texture" },
				"east": { "uv": [ 7.75, 0.375, 8.25, 0.875 ], "texture": "#texture" }
			}
		},
		{
			"__comment": "Box1",
			"from": [ 13, 16.125, 7.75 ],
			"to": [ 15, 16.625, 8.25 ],
			"faces": {
				"down": { "uv": [ 13, 7.75, 15, 8.25 ], "texture": "#texture" },
				"up": { "uv": [ 13, 7.75, 15, 8.25 ], "texture": "#texture" },
				"north": { "uv": [ 1, 0.375, 3, 0.875 ], "texture": "#texture" },
				"south": { "uv": [ 13, 0.375, 15, 0.875 ], "texture": "#texture" },
				"west": { "uv": [ 7.75, 0.375, 8.25, 0.875 ], "texture": "#texture" },
				"east": { "uv": [ 7.75, 0.375, 8.25, 0.875 ], "texture": "#texture" }
			}
		},
		{
			"__comment": "Box1",
			"from": [ 13, 14.5, 7.75 ],
			"to": [ 15, 15, 8.25 ],
			"faces": {
				"down": { "uv": [ 1, 7.75, 3, 8.25 ], "texture": "#texture" },
				"up": { "uv": [ 1, 7.75, 3, 8.25 ], "texture": "#texture" },
				"north": { "uv": [ 13, 2, 15, 2.5 ], "texture": "#texture" },
				"south": { "uv": [ 1, 2, 3, 2.5 ], "texture": "#texture" },
				"west": { "uv": [ 7.75, 2, 8.25, 2.5 ], "texture": "#texture" },
				"east": { "uv": [ 7.75, 2, 8.25, 2.5 ], "texture": "#texture" }
			}
		},
		{
			"__comment": "Box41",
			"from": [ 4.5, 12.5, 4.5 ],
			"to": [ 11.5, 28, 11.5 ],
			"faces": {
				"down": { "uv": [ 4.5, 4.5, 11.5, 11.5 ], "texture": "#particle" },
				"up": { "uv": [ 4.5, 4.5, 11.5, 11.5 ], "texture": "#particle" },
				"north": { "uv": [ 0, 0, 7, 16 ], "texture": "#particle" },
				"south": { "uv": [ 0, 0, 7, 16 ], "texture": "#particle" },
				"west": { "uv": [ 0, 0, 7, 16 ], "texture": "#particle" },
				"east": { "uv": [ 0, 0, 7, 16 ], "texture": "#particle" }
			}
		},
		{
			"__comment": "Box1",
			"from": [ 12, 12.5, 5 ],
			"to": [ 13.5, 28, 5.5 ],
			"faces": {
				"down": { "uv": [ 12, 10.5, 13.5, 11 ], "texture": "#texture" },
				"up": { "uv": [ 12, 5, 13.5, 5.5 ], "texture": "#texture" },
				"north": { "uv": [ 2.5, 0, 4, 4.5 ], "texture": "#texture" },
				"south": { "uv": [ 12, 0, 13.5, 4.5 ], "texture": "#texture" },
				"west": { "uv": [ 5, 0, 5.5, 4.5 ], "texture": "#texture" },
				"east": { "uv": [ 10.5, 0, 11, 4.5 ], "texture": "#texture" }
			}
		},
		{
			"__comment": "Box1",
			"from": [ 12, 12.5, 10.5 ],
			"to": [ 13.5, 28, 11 ],
			"faces": {
				"down": { "uv": [ 12, 5, 13.5, 5.5 ], "texture": "#texture" },
				"up": { "uv": [ 12, 10.5, 13.5, 11 ], "texture": "#texture" },
				"north": { "uv": [ 2.5, 0, 4, 4.5 ], "texture": "#texture" },
				"south": { "uv": [ 12, 0, 13.5, 4.5 ], "texture": "#texture" },
				"west": { "uv": [ 10.5, 0, 11, 4.5 ], "texture": "#texture" },
				"east": { "uv": [ 5, 0, 5.5, 4.5 ], "texture": "#texture" }
			}
		},
		{
			"__comment": "Box1",
			"from": [ 2.5, 12.5, 10.5 ],
			"to": [ 4, 28, 11 ],
			"faces": {
				"down": { "uv": [ 2.5, 5, 4, 5.5 ], "texture": "#texture" },
				"up": { "uv": [ 2.5, 10.5, 4, 11 ], "texture": "#texture" },
				"north": { "uv": [ 12, 0, 13.5, 4.5 ], "texture": "#texture" },
				"south": { "uv": [ 2.5, 0, 4, 4.5 ], "texture": "#texture" },
				"west": { "uv": [ 10.5, 0, 11, 4.5 ], "texture": "#texture" },
				"east": { "uv": [ 5, 0, 5.5, 4.5 ], "texture": "#texture" }
			}
		},
		{
			"__comment": "Box1",
			"from": [ 2.5, 12.5, 5 ],
			"to": [ 4, 28, 5.5 ],
			"faces": {
				"down": { "uv": [ 12, 10.5, 13.5, 11 ], "texture": "#texture" },
				"up": { "uv": [ 12, 5, 13.5, 5.5 ], "texture": "#texture" },
				"north": { "uv": [ 2.5, 0, 4, 4.5 ], "texture": "#texture" },
				"south": { "uv": [ 12, 0, 13.5, 4.5 ], "texture": "#texture" },
				"west": { "uv": [ 5, 0, 5.5, 4.5 ], "texture": "#texture" },
				"east": { "uv": [ 10.5, 0, 11, 4.5 ], "texture": "#texture" }
			}
		},
		{
			"__comment": "Box1",
			"from": [ 5, 12.5, 12 ],
			"to": [ 5.5, 28, 13.5 ],
			"faces": {
				"down": { "uv": [ 2.5, 5, 4, 5.5 ], "texture": "#texture", "rotation": 270 },
				"up": { "uv": [ 2.5, 10.5, 4, 11 ], "texture": "#texture", "rotation": 90 },
				"north": { "uv": [ 10.5, 0, 11, 4.5 ], "texture": "#texture" },
				"south": { "uv": [ 5, 0, 5.5, 4.5 ], "texture": "#texture" },
				"west": { "uv": [ 2.5, 0, 4, 4.5 ], "texture": "#texture" },
				"east": { "uv": [ 12, 0, 13.5, 4.5 ], "texture": "#texture" }
			}
		},
		{
			"__comment": "Box1",
			"from": [ 10.5, 12.5, 12 ],
			"to": [ 11, 28, 13.5 ],
			"faces": {
				"down": { "uv": [ 12, 10.5, 13.5, 11 ], "texture": "#texture", "rotation": 270 },
				"up": { "uv": [ 12, 5, 13.5, 5.5 ], "texture": "#texture", "rotation": 90 },
				"north": { "uv": [ 5, 0, 5.5, 4.5 ], "texture": "#texture" },
				"south": { "uv": [ 10.5, 0, 11, 4.5 ], "texture": "#texture" },
				"west": { "uv": [ 12, 0, 13.5, 4.5 ], "texture": "#texture" },
				"east": { "uv": [ 2.5, 0, 4, 4.5 ], "texture": "#texture" }
			}
		},
		{
			"__comment": "Box1",
			"from": [ 5, 12.5, 2.5 ],
			"to": [ 5.5, 28, 4 ],
			"faces": {
				"down": { "uv": [ 2.5, 5, 4, 5.5 ], "texture": "#texture", "rotation": 270 },
				"up": { "uv": [ 2.5, 10.5, 4, 11 ], "texture": "#texture", "rotation": 90 },
				"north": { "uv": [ 10.5, 0, 11, 4.5 ], "texture": "#texture" },
				"south": { "uv": [ 5, 0, 5.5, 4.5 ], "texture": "#texture" },
				"west": { "uv": [ 2.5, 0, 4, 4.5 ], "texture": "#texture" },
				"east": { "uv": [ 12, 0, 13.5, 4.5 ], "texture": "#texture" }
			}
		},
		{
			"__comment": "Box1",
			"from": [ 10.5, 12.5, 2.5 ],
			"to": [ 11, 28, 4 ],
			"faces": {
				"down": { "uv": [ 12, 10.5, 13.5, 11 ], "texture": "#texture", "rotation": 270 },
				"up": { "uv": [ 12, 5, 13.5, 5.5 ], "texture": "#texture", "rotation": 90 },
				"north": { "uv": [ 5, 0, 5.5, 4.5 ], "texture": "#texture" },
				"south": { "uv": [ 10.5, 0, 11, 4.5 ], "texture": "#texture" },
				"west": { "uv": [ 12, 0, 13.5, 4.5 ], "texture": "#texture" },
				"east": { "uv": [ 2.5, 0, 4, 4.5 ], "texture": "#texture" }
			}
		},
		{
			"__comment": "Box1",
			"from": [ 6.5, 13.5, 2 ],
			"to": [ 7, 16, 2.5 ],
			"faces": {
				"down": { "uv": [ 2.5, 5, 4, 5.5 ], "texture": "#texture", "rotation": 270 },
				"up": { "uv": [ 2.5, 10.5, 4, 11 ], "texture": "#texture", "rotation": 90 },
				"north": { "uv": [ 10.5, 0, 11, 4.5 ], "texture": "#texture" },
				"south": { "uv": [ 5, 0, 5.5, 4.5 ], "texture": "#texture" },
				"west": { "uv": [ 2.5, 0, 4, 4.5 ], "texture": "#texture" },
				"east": { "uv": [ 12, 0, 13.5, 4.5 ], "texture": "#texture" }
			}
		},
		{
			"__comment": "Box1",
			"from": [ 6.5, 18, 1.5 ],
			"to": [ 7, 21, 2 ],
			"faces": {
				"down": { "uv": [ 2.5, 5, 4, 5.5 ], "texture": "#texture", "rotation": 270 },
				"up": { "uv": [ 2.5, 10.5, 4, 11 ], "texture": "#texture", "rotation": 90 },
				"north": { "uv": [ 10.5, 0, 11, 4.5 ], "texture": "#texture" },
				"south": { "uv": [ 5, 0, 5.5, 4.5 ], "texture": "#texture" },
				"west": { "uv": [ 2.5, 0, 4, 4.5 ], "texture": "#texture" },
				"east": { "uv": [ 12, 0, 13.5, 4.5 ], "texture": "#texture" }
			}
		},
		{
			"__comment": "Box1",
			"from": [ 6.5, 23, 1.5 ],
			"to": [ 7, 26, 2 ],
			"faces": {
				"down": { "uv": [ 2.5, 5, 4, 5.5 ], "texture": "#texture", "rotation": 270 },
				"up": { "uv": [ 2.5, 10.5, 4, 11 ], "texture": "#texture", "rotation": 90 },
				"north": { "uv": [ 10.5, 0, 11, 4.5 ], "texture": "#texture" },
				"south": { "uv": [ 5, 0, 5.5, 4.5 ], "texture": "#texture" },
				"west": { "uv": [ 2.5, 0, 4, 4.5 ], "texture": "#texture" },
				"east": { "uv": [ 12, 0, 13.5, 4.5 ], "texture": "#texture" }
			}
		},
		{
			"__comment": "Box1",
			"from": [ 6.5, 22, 2 ],
			"to": [ 7, 27, 2.5 ],
			"faces": {
				"down": { "uv": [ 2.5, 5, 4, 5.5 ], "texture": "#texture", "rotation": 270 },
				"up": { "uv": [ 2.5, 10.5, 4, 11 ], "texture": "#texture", "rotation": 90 },
				"north": { "uv": [ 10.5, 0, 11, 4.5 ], "texture": "#texture" },
				"south": { "uv": [ 5, 0, 5.5, 4.5 ], "texture": "#texture" },
				"west": { "uv": [ 2.5, 0, 4, 4.5 ], "texture": "#texture" },
				"east": { "uv": [ 12, 0, 13.5, 4.5 ], "texture": "#texture" }
			}
		},
		{
			"__comment": "Box1",
			"from": [ 6.5, 17, 2 ],
			"to": [ 7, 22, 2.5 ],
			"faces": {
				"down": { "uv": [ 2.5, 5, 4, 5.5 ], "texture": "#texture", "rotation": 270 },
				"up": { "uv": [ 2.5, 10.5, 4, 11 ], "texture": "#texture", "rotation": 90 },
				"north": { "uv": [ 10.5, 0, 11, 4.5 ], "texture": "#texture" },
				"south": { "uv": [ 5, 0, 5.5, 4.5 ], "texture": "#texture" },
				"west": { "uv": [ 2.5, 0, 4, 4.5 ], "texture": "#texture" },
				"east": { "uv": [ 12, 0, 13.5, 4.5 ], "texture": "#texture" }
			}
		},
		{
			"__comment": "Box1",
			"from": [ 6.5, 12.5, 2.5 ],
			"to": [ 7, 28, 4 ],
			"faces": {
				"down": { "uv": [ 2.5, 5, 4, 5.5 ], "texture": "#texture", "rotation": 270 },
				"up": { "uv": [ 2.5, 10.5, 4, 11 ], "texture": "#texture", "rotation": 90 },
				"north": { "uv": [ 10.5, 0, 11, 4.5 ], "texture": "#texture" },
				"south": { "uv": [ 5, 0, 5.5, 4.5 ], "texture": "#texture" },
				"west": { "uv": [ 2.5, 0, 4, 4.5 ], "texture": "#texture" },
				"east": { "uv": [ 12, 0, 13.5, 4.5 ], "texture": "#texture" }
			}
		},
		{
			"__comment": "Box1",
			"from": [ 9, 13.5, 2 ],
			"to": [ 9.5, 16, 2.5 ],
			"faces": {
				"down": { "uv": [ 2.5, 5, 4, 5.5 ], "texture": "#texture", "rotation": 270 },
				"up": { "uv": [ 2.5, 10.5, 4, 11 ], "texture": "#texture", "rotation": 90 },
				"north": { "uv": [ 10.5, 0, 11, 4.5 ], "texture": "#texture" },
				"south": { "uv": [ 5, 0, 5.5, 4.5 ], "texture": "#texture" },
				"west": { "uv": [ 2.5, 0, 4, 4.5 ], "texture": "#texture" },
				"east": { "uv": [ 12, 0, 13.5, 4.5 ], "texture": "#texture" }
			}
		},
		{
			"__comment": "Box1",
			"from": [ 9, 18, 1.5 ],
			"to": [ 9.5, 21, 2 ],
			"faces": {
				"down": { "uv": [ 2.5, 5, 4, 5.5 ], "texture": "#texture", "rotation": 270 },
				"up": { "uv": [ 2.5, 10.5, 4, 11 ], "texture": "#texture", "rotation": 90 },
				"north": { "uv": [ 10.5, 0, 11, 4.5 ], "texture": "#texture" },
				"south": { "uv": [ 5, 0, 5.5, 4.5 ], "texture": "#texture" },
				"west": { "uv": [ 2.5, 0, 4, 4.5 ], "texture": "#texture" },
				"east": { "uv": [ 12, 0, 13.5, 4.5 ], "texture": "#texture" }
			}
		},
		{
			"__comment": "Box1",
			"from": [ 9, 23, 1.5 ],
			"to": [ 9.5, 26, 2 ],
			"faces": {
				"down": { "uv": [ 2.5, 5, 4, 5.5 ], "texture": "#texture", "rotation": 270 },
				"up": { "uv": [ 2.5, 10.5, 4, 11 ], "texture": "#texture", "rotation": 90 },
				"north": { "uv": [ 10.5, 0, 11, 4.5 ], "texture": "#texture" },
				"south": { "uv": [ 5, 0, 5.5, 4.5 ], "texture": "#texture" },
				"west": { "uv": [ 2.5, 0, 4, 4.5 ], "texture": "#texture" },
				"east": { "uv": [ 12, 0, 13.5, 4.5 ], "texture": "#texture" }
			}
		},
		{
			"__comment": "Box1",
			"from": [ 9, 22, 2 ],
			"to": [ 9.5, 27, 2.5 ],
			"faces": {
				"down": { "uv": [ 2.5, 5, 4, 5.5 ], "texture": "#texture", "rotation": 270 },
				"up": { "uv": [ 2.5, 10.5, 4, 11 ], "texture": "#texture", "rotation": 90 },
				"north": { "uv": [ 10.5, 0, 11, 4.5 ], "texture": "#texture" },
				"south": { "uv": [ 5, 0, 5.5, 4.5 ], "texture": "#texture" },
				"west": { "uv": [ 2.5, 0, 4, 4.5 ], "texture": "#texture" },
				"east": { "uv": [ 12, 0, 13.5, 4.5 ], "texture": "#texture" }
			}
		},
		{
			"__comment": "Box1",
			"from": [ 9, 17, 2 ],
			"to": [ 9.5, 22, 2.5 ],
			"faces": {
				"down": { "uv": [ 2.5, 5, 4, 5.5 ], "texture": "#texture", "rotation": 270 },
				"up": { "uv": [ 2.5, 10.5, 4, 11 ], "texture": "#texture", "rotation": 90 },
				"north": { "uv": [ 10.5, 0, 11, 4.5 ], "texture": "#texture" },
				"south": { "uv": [ 5, 0, 5.5, 4.5 ], "texture": "#texture" },
				"west": { "uv": [ 2.5, 0, 4, 4.5 ], "texture": "#texture" },
				"east": { "uv": [ 12, 0, 13.5, 4.5 ], "texture": "#texture" }
			}
		},
		{
			"__comment": "Box1",
			"from": [ 9, 12.5, 2.5 ],
			"to": [ 9.5, 28, 4 ],
			"faces": {
				"down": { "uv": [ 2.5, 5, 4, 5.5 ], "texture": "#texture", "rotation": 270 },
				"up": { "uv": [ 2.5, 10.5, 4, 11 ], "texture": "#texture", "rotation": 90 },
				"north": { "uv": [ 10.5, 0, 11, 4.5 ], "texture": "#texture" },
				"south": { "uv": [ 5, 0, 5.5, 4.5 ], "texture": "#texture" },
				"west": { "uv": [ 2.5, 0, 4, 4.5 ], "texture": "#texture" },
				"east": { "uv": [ 12, 0, 13.5, 4.5 ], "texture": "#texture" }
			}
		},
		{
			"__comment": "Box1",
			"from": [ 9, 18, 14 ],
			"to": [ 9.5, 21, 14.5 ],
			"faces": {
				"down": { "uv": [ 2.5, 5, 4, 5.5 ], "texture": "#texture", "rotation": 90 },
				"up": { "uv": [ 2.5, 10.5, 4, 11 ], "texture": "#texture", "rotation": 270 },
				"north": { "uv": [ 5, 0, 5.5, 4.5 ], "texture": "#texture" },
				"south": { "uv": [ 10.5, 0, 11, 4.5 ], "texture": "#texture" },
				"west": { "uv": [ 12, 0, 13.5, 4.5 ], "texture": "#texture" },
				"east": { "uv": [ 2.5, 0, 4, 4.5 ], "texture": "#texture" }
			}
		},
		{
			"__comment": "Box1",
			"from": [ 9, 17, 13.5 ],
			"to": [ 9.5, 22, 14 ],
			"faces": {
				"down": { "uv": [ 2.5, 5, 4, 5.5 ], "texture": "#texture", "rotation": 90 },
				"up": { "uv": [ 2.5, 10.5, 4, 11 ], "texture": "#texture", "rotation": 270 },
				"north": { "uv": [ 5, 0, 5.5, 4.5 ], "texture": "#texture" },
				"south": { "uv": [ 10.5, 0, 11, 4.5 ], "texture": "#texture" },
				"west": { "uv": [ 12, 0, 13.5, 4.5 ], "texture": "#texture" },
				"east": { "uv": [ 2.5, 0, 4, 4.5 ], "texture": "#texture" }
			}
		},
		{
			"__comment": "Box1",
			"from": [ 9, 13.5, 13.5 ],
			"to": [ 9.5, 16, 14 ],
			"faces": {
				"down": { "uv": [ 2.5, 5, 4, 5.5 ], "texture": "#texture", "rotation": 90 },
				"up": { "uv": [ 2.5, 10.5, 4, 11 ], "texture": "#texture", "rotation": 270 },
				"north": { "uv": [ 5, 0, 5.5, 4.5 ], "texture": "#texture" },
				"south": { "uv": [ 10.5, 0, 11, 4.5 ], "texture": "#texture" },
				"west": { "uv": [ 12, 0, 13.5, 4.5 ], "texture": "#texture" },
				"east": { "uv": [ 2.5, 0, 4, 4.5 ], "texture": "#texture" }
			}
		},
		{
			"__comment": "Box1",
			"from": [ 9, 23, 14 ],
			"to": [ 9.5, 26, 14.5 ],
			"faces": {
				"down": { "uv": [ 2.5, 5, 4, 5.5 ], "texture": "#texture", "rotation": 90 },
				"up": { "uv": [ 2.5, 10.5, 4, 11 ], "texture": "#texture", "rotation": 270 },
				"north": { "uv": [ 5, 0, 5.5, 4.5 ], "texture": "#texture" },
				"south": { "uv": [ 10.5, 0, 11, 4.5 ], "texture": "#texture" },
				"west": { "uv": [ 12, 0, 13.5, 4.5 ], "texture": "#texture" },
				"east": { "uv": [ 2.5, 0, 4, 4.5 ], "texture": "#texture" }
			}
		},
		{
			"__comment": "Box1",
			"from": [ 9, 22, 13.5 ],
			"to": [ 9.5, 27, 14 ],
			"faces": {
				"down": { "uv": [ 2.5, 5, 4, 5.5 ], "texture": "#texture", "rotation": 90 },
				"up": { "uv": [ 2.5, 10.5, 4, 11 ], "texture": "#texture", "rotation": 270 },
				"north": { "uv": [ 5, 0, 5.5, 4.5 ], "texture": "#texture" },
				"south": { "uv": [ 10.5, 0, 11, 4.5 ], "texture": "#texture" },
				"west": { "uv": [ 12, 0, 13.5, 4.5 ], "texture": "#texture" },
				"east": { "uv": [ 2.5, 0, 4, 4.5 ], "texture": "#texture" }
			}
		},
		{
			"__comment": "Box1",
			"from": [ 6.5, 23, 14 ],
			"to": [ 7, 26, 14.5 ],
			"faces": {
				"down": { "uv": [ 2.5, 5, 4, 5.5 ], "texture": "#texture", "rotation": 90 },
				"up": { "uv": [ 2.5, 10.5, 4, 11 ], "texture": "#texture", "rotation": 270 },
				"north": { "uv": [ 5, 0, 5.5, 4.5 ], "texture": "#texture" },
				"south": { "uv": [ 10.5, 0, 11, 4.5 ], "texture": "#texture" },
				"west": { "uv": [ 12, 0, 13.5, 4.5 ], "texture": "#texture" },
				"east": { "uv": [ 2.5, 0, 4, 4.5 ], "texture": "#texture" }
			}
		},
		{
			"__comment": "Box1",
			"from": [ 6.5, 22, 13.5 ],
			"to": [ 7, 27, 14 ],
			"faces": {
				"down": { "uv": [ 2.5, 5, 4, 5.5 ], "texture": "#texture", "rotation": 90 },
				"up": { "uv": [ 2.5, 10.5, 4, 11 ], "texture": "#texture", "rotation": 270 },
				"north": { "uv": [ 5, 0, 5.5, 4.5 ], "texture": "#texture" },
				"south": { "uv": [ 10.5, 0, 11, 4.5 ], "texture": "#texture" },
				"west": { "uv": [ 12, 0, 13.5, 4.5 ], "texture": "#texture" },
				"east": { "uv": [ 2.5, 0, 4, 4.5 ], "texture": "#texture" }
			}
		},
		{
			"__comment": "Box1",
			"from": [ 6.5, 18, 14 ],
			"to": [ 7, 21, 14.5 ],
			"faces": {
				"down": { "uv": [ 2.5, 5, 4, 5.5 ], "texture": "#texture", "rotation": 90 },
				"up": { "uv": [ 2.5, 10.5, 4, 11 ], "texture": "#texture", "rotation": 270 },
				"north": { "uv": [ 5, 0, 5.5, 4.5 ], "texture": "#texture" },
				"south": { "uv": [ 10.5, 0, 11, 4.5 ], "texture": "#texture" },
				"west": { "uv": [ 12, 0, 13.5, 4.5 ], "texture": "#texture" },
				"east": { "uv": [ 2.5, 0, 4, 4.5 ], "texture": "#texture" }
			}
		},
		{
			"__comment": "Box1",
			"from": [ 6.5, 17, 13.5 ],
			"to": [ 7, 22, 14 ],
			"faces": {
				"down": { "uv": [ 2.5, 5, 4, 5.5 ], "texture": "#texture", "rotation": 90 },
				"up": { "uv": [ 2.5, 10.5, 4, 11 ], "texture": "#texture", "rotation": 270 },
				"north": { "uv": [ 5, 0, 5.5, 4.5 ], "texture": "#texture" },
				"south": { "uv": [ 10.5, 0, 11, 4.5 ], "texture": "#texture" },
				"west": { "uv": [ 12, 0, 13.5, 4.5 ], "texture": "#texture" },
				"east": { "uv": [ 2.5, 0, 4, 4.5 ], "texture": "#texture" }
			}
		},
		{
			"__comment": "Box1",
			"from": [ 6.5, 13.5, 13.5 ],
			"to": [ 7, 16, 14 ],
			"faces": {
				"down": { "uv": [ 2.5, 5, 4, 5.5 ], "texture": "#texture", "rotation": 90 },
				"up": { "uv": [ 2.5, 10.5, 4, 11 ], "texture": "#texture", "rotation": 270 },
				"north": { "uv": [ 5, 0, 5.5, 4.5 ], "texture": "#texture" },
				"south": { "uv": [ 10.5, 0, 11, 4.5 ], "texture": "#texture" },
				"west": { "uv": [ 12, 0, 13.5, 4.5 ], "texture": "#texture" },
				"east": { "uv": [ 2.5, 0, 4, 4.5 ], "texture": "#texture" }
			}
		},
		{
			"__comment": "Box1",
			"from": [ 6.5, 12.5, 12 ],
			"to": [ 7, 28, 13.5 ],
			"faces": {
				"down": { "uv": [ 2.5, 5, 4, 5.5 ], "texture": "#texture", "rotation": 90 },
				"up": { "uv": [ 2.5, 10.5, 4, 11 ], "texture": "#texture", "rotation": 270 },
				"north": { "uv": [ 5, 0, 5.5, 4.5 ], "texture": "#texture" },
				"south": { "uv": [ 10.5, 0, 11, 4.5 ], "texture": "#texture" },
				"west": { "uv": [ 12, 0, 13.5, 4.5 ], "texture": "#texture" },
				"east": { "uv": [ 2.5, 0, 4, 4.5 ], "texture": "#texture" }
			}
		},
		{
			"__comment": "Box1",
			"from": [ 9, 12.5, 12 ],
			"to": [ 9.5, 28, 13.5 ],
			"faces": {
				"down": { "uv": [ 2.5, 5, 4, 5.5 ], "texture": "#texture", "rotation": 90 },
				"up": { "uv": [ 2.5, 10.5, 4, 11 ], "texture": "#texture", "rotation": 270 },
				"north": { "uv": [ 5, 0, 5.5, 4.5 ], "texture": "#texture" },
				"south": { "uv": [ 10.5, 0, 11, 4.5 ], "texture": "#texture" },
				"west": { "uv": [ 12, 0, 13.5, 4.5 ], "texture": "#texture" },
				"east": { "uv": [ 2.5, 0, 4, 4.5 ], "texture": "#texture" }
			}
		},
		{
			"__comment": "Box1",
			"from": [ 14, 18, 6.5 ],
			"to": [ 14.5, 21, 7 ],
			"faces": {
				"down": { "uv": [ 2.5, 5, 4, 5.5 ], "texture": "#texture", "rotation": 180 },
				"up": { "uv": [ 2.5, 10.5, 4, 11 ], "texture": "#texture", "rotation": 180 },
				"north": { "uv": [ 2.5, 0, 4, 4.5 ], "texture": "#texture" },
				"south": { "uv": [ 12, 0, 13.5, 4.5 ], "texture": "#texture" },
				"west": { "uv": [ 5, 0, 5.5, 4.5 ], "texture": "#texture" },
				"east": { "uv": [ 10.5, 0, 11, 4.5 ], "texture": "#texture" }
			}
		},
		{
			"__comment": "Box1",
			"from": [ 13.5, 17, 6.5 ],
			"to": [ 14, 22, 7 ],
			"faces": {
				"down": { "uv": [ 2.5, 5, 4, 5.5 ], "texture": "#texture", "rotation": 180 },
				"up": { "uv": [ 2.5, 10.5, 4, 11 ], "texture": "#texture", "rotation": 180 },
				"north": { "uv": [ 2.5, 0, 4, 4.5 ], "texture": "#texture" },
				"south": { "uv": [ 12, 0, 13.5, 4.5 ], "texture": "#texture" },
				"west": { "uv": [ 5, 0, 5.5, 4.5 ], "texture": "#texture" },
				"east": { "uv": [ 10.5, 0, 11, 4.5 ], "texture": "#texture" }
			}
		},
		{
			"__comment": "Box1",
			"from": [ 13.5, 13.5, 6.5 ],
			"to": [ 14, 16, 7 ],
			"faces": {
				"down": { "uv": [ 2.5, 5, 4, 5.5 ], "texture": "#texture", "rotation": 180 },
				"up": { "uv": [ 2.5, 10.5, 4, 11 ], "texture": "#texture", "rotation": 180 },
				"north": { "uv": [ 2.5, 0, 4, 4.5 ], "texture": "#texture" },
				"south": { "uv": [ 12, 0, 13.5, 4.5 ], "texture": "#texture" },
				"west": { "uv": [ 5, 0, 5.5, 4.5 ], "texture": "#texture" },
				"east": { "uv": [ 10.5, 0, 11, 4.5 ], "texture": "#texture" }
			}
		},
		{
			"__comment": "Box1",
			"from": [ 14, 23, 6.5 ],
			"to": [ 14.5, 26, 7 ],
			"faces": {
				"down": { "uv": [ 2.5, 5, 4, 5.5 ], "texture": "#texture", "rotation": 180 },
				"up": { "uv": [ 2.5, 10.5, 4, 11 ], "texture": "#texture", "rotation": 180 },
				"north": { "uv": [ 2.5, 0, 4, 4.5 ], "texture": "#texture" },
				"south": { "uv": [ 12, 0, 13.5, 4.5 ], "texture": "#texture" },
				"west": { "uv": [ 5, 0, 5.5, 4.5 ], "texture": "#texture" },
				"east": { "uv": [ 10.5, 0, 11, 4.5 ], "texture": "#texture" }
			}
		},
		{
			"__comment": "Box1",
			"from": [ 13.5, 22, 6.5 ],
			"to": [ 14, 27, 7 ],
			"faces": {
				"down": { "uv": [ 2.5, 5, 4, 5.5 ], "texture": "#texture", "rotation": 180 },
				"up": { "uv": [ 2.5, 10.5, 4, 11 ], "texture": "#texture", "rotation": 180 },
				"north": { "uv": [ 2.5, 0, 4, 4.5 ], "texture": "#texture" },
				"south": { "uv": [ 12, 0, 13.5, 4.5 ], "texture": "#texture" },
				"west": { "uv": [ 5, 0, 5.5, 4.5 ], "texture": "#texture" },
				"east": { "uv": [ 10.5, 0, 11, 4.5 ], "texture": "#texture" }
			}
		},
		{
			"__comment": "Box1",
			"from": [ 14, 23, 9 ],
			"to": [ 14.5, 26, 9.5 ],
			"faces": {
				"down": { "uv": [ 2.5, 5, 4, 5.5 ], "texture": "#texture", "rotation": 180 },
				"up": { "uv": [ 2.5, 10.5, 4, 11 ], "texture": "#texture", "rotation": 180 },
				"north": { "uv": [ 2.5, 0, 4, 4.5 ], "texture": "#texture" },
				"south": { "uv": [ 12, 0, 13.5, 4.5 ], "texture": "#texture" },
				"west": { "uv": [ 5, 0, 5.5, 4.5 ], "texture": "#texture" },
				"east": { "uv": [ 10.5, 0, 11, 4.5 ], "texture": "#texture" }
			}
		},
		{
			"__comment": "Box1",
			"from": [ 13.5, 22, 9 ],
			"to": [ 14, 27, 9.5 ],
			"faces": {
				"down": { "uv": [ 2.5, 5, 4, 5.5 ], "texture": "#texture", "rotation": 180 },
				"up": { "uv": [ 2.5, 10.5, 4, 11 ], "texture": "#texture", "rotation": 180 },
				"north": { "uv": [ 2.5, 0, 4, 4.5 ], "texture": "#texture" },
				"south": { "uv": [ 12, 0, 13.5, 4.5 ], "texture": "#texture" },
				"west": { "uv": [ 5, 0, 5.5, 4.5 ], "texture": "#texture" },
				"east": { "uv": [ 10.5, 0, 11, 4.5 ], "texture": "#texture" }
			}
		},
		{
			"__comment": "Box1",
			"from": [ 14, 18, 9 ],
			"to": [ 14.5, 21, 9.5 ],
			"faces": {
				"down": { "uv": [ 2.5, 5, 4, 5.5 ], "texture": "#texture", "rotation": 180 },
				"up": { "uv": [ 2.5, 10.5, 4, 11 ], "texture": "#texture", "rotation": 180 },
				"north": { "uv": [ 2.5, 0, 4, 4.5 ], "texture": "#texture" },
				"south": { "uv": [ 12, 0, 13.5, 4.5 ], "texture": "#texture" },
				"west": { "uv": [ 5, 0, 5.5, 4.5 ], "texture": "#texture" },
				"east": { "uv": [ 10.5, 0, 11, 4.5 ], "texture": "#texture" }
			}
		},
		{
			"__comment": "Box1",
			"from": [ 13.5, 17, 9 ],
			"to": [ 14, 22, 9.5 ],
			"faces": {
				"down": { "uv": [ 2.5, 5, 4, 5.5 ], "texture": "#texture", "rotation": 180 },
				"up": { "uv": [ 2.5, 10.5, 4, 11 ], "texture": "#texture", "rotation": 180 },
				"north": { "uv": [ 2.5, 0, 4, 4.5 ], "texture": "#texture" },
				"south": { "uv": [ 12, 0, 13.5, 4.5 ], "texture": "#texture" },
				"west": { "uv": [ 5, 0, 5.5, 4.5 ], "texture": "#texture" },
				"east": { "uv": [ 10.5, 0, 11, 4.5 ], "texture": "#texture" }
			}
		},
		{
			"__comment": "Box1",
			"from": [ 13.5, 13.5, 9 ],
			"to": [ 14, 16, 9.5 ],
			"faces": {
				"down": { "uv": [ 2.5, 5, 4, 5.5 ], "texture": "#texture", "rotation": 180 },
				"up": { "uv": [ 2.5, 10.5, 4, 11 ], "texture": "#texture", "rotation": 180 },
				"north": { "uv": [ 2.5, 0, 4, 4.5 ], "texture": "#texture" },
				"south": { "uv": [ 12, 0, 13.5, 4.5 ], "texture": "#texture" },
				"west": { "uv": [ 5, 0, 5.5, 4.5 ], "texture": "#texture" },
				"east": { "uv": [ 10.5, 0, 11, 4.5 ], "texture": "#texture" }
			}
		},
		{
			"__comment": "Box1",
			"from": [ 12, 12.5, 9 ],
			"to": [ 13.5, 28, 9.5 ],
			"faces": {
				"down": { "uv": [ 2.5, 5, 4, 5.5 ], "texture": "#texture", "rotation": 180 },
				"up": { "uv": [ 2.5, 10.5, 4, 11 ], "texture": "#texture", "rotation": 180 },
				"north": { "uv": [ 2.5, 0, 4, 4.5 ], "texture": "#texture" },
				"south": { "uv": [ 12, 0, 13.5, 4.5 ], "texture": "#texture" },
				"west": { "uv": [ 5, 0, 5.5, 4.5 ], "texture": "#texture" },
				"east": { "uv": [ 10.5, 0, 11, 4.5 ], "texture": "#texture" }
			}
		},
		{
			"__comment": "Box1",
			"from": [ 12, 12.5, 6.5 ],
			"to": [ 13.5, 28, 7 ],
			"faces": {
				"down": { "uv": [ 2.5, 5, 4, 5.5 ], "texture": "#texture", "rotation": 180 },
				"up": { "uv": [ 2.5, 10.5, 4, 11 ], "texture": "#texture", "rotation": 180 },
				"north": { "uv": [ 2.5, 0, 4, 4.5 ], "texture": "#texture" },
				"south": { "uv": [ 12, 0, 13.5, 4.5 ], "texture": "#texture" },
				"west": { "uv": [ 5, 0, 5.5, 4.5 ], "texture": "#texture" },
				"east": { "uv": [ 10.5, 0, 11, 4.5 ], "texture": "#texture" }
			}
		},
		{
			"__comment": "Box1",
			"from": [ 1.5, 18, 9 ],
			"to": [ 2, 21, 9.5 ],
			"faces": {
				"down": { "uv": [ 2.5, 5, 4, 5.5 ], "texture": "#texture" },
				"up": { "uv": [ 2.5, 10.5, 4, 11 ], "texture": "#texture" },
				"north": { "uv": [ 12, 0, 13.5, 4.5 ], "texture": "#texture" },
				"south": { "uv": [ 2.5, 0, 4, 4.5 ], "texture": "#texture" },
				"west": { "uv": [ 10.5, 0, 11, 4.5 ], "texture": "#texture" },
				"east": { "uv": [ 5, 0, 5.5, 4.5 ], "texture": "#texture" }
			}
		},
		{
			"__comment": "Box1",
			"from": [ 2, 17, 9 ],
			"to": [ 2.5, 22, 9.5 ],
			"faces": {
				"down": { "uv": [ 2.5, 5, 4, 5.5 ], "texture": "#texture" },
				"up": { "uv": [ 2.5, 10.5, 4, 11 ], "texture": "#texture" },
				"north": { "uv": [ 12, 0, 13.5, 4.5 ], "texture": "#texture" },
				"south": { "uv": [ 2.5, 0, 4, 4.5 ], "texture": "#texture" },
				"west": { "uv": [ 10.5, 0, 11, 4.5 ], "texture": "#texture" },
				"east": { "uv": [ 5, 0, 5.5, 4.5 ], "texture": "#texture" }
			}
		},
		{
			"__comment": "Box1",
			"from": [ 2, 13.5, 9 ],
			"to": [ 2.5, 16, 9.5 ],
			"faces": {
				"down": { "uv": [ 2.5, 5, 4, 5.5 ], "texture": "#texture" },
				"up": { "uv": [ 2.5, 10.5, 4, 11 ], "texture": "#texture" },
				"north": { "uv": [ 12, 0, 13.5, 4.5 ], "texture": "#texture" },
				"south": { "uv": [ 2.5, 0, 4, 4.5 ], "texture": "#texture" },
				"west": { "uv": [ 10.5, 0, 11, 4.5 ], "texture": "#texture" },
				"east": { "uv": [ 5, 0, 5.5, 4.5 ], "texture": "#texture" }
			}
		},
		{
			"__comment": "Box1",
			"from": [ 1.5, 23, 9 ],
			"to": [ 2, 26, 9.5 ],
			"faces": {
				"down": { "uv": [ 2.5, 5, 4, 5.5 ], "texture": "#texture" },
				"up": { "uv": [ 2.5, 10.5, 4, 11 ], "texture": "#texture" },
				"north": { "uv": [ 12, 0, 13.5, 4.5 ], "texture": "#texture" },
				"south": { "uv": [ 2.5, 0, 4, 4.5 ], "texture": "#texture" },
				"west": { "uv": [ 10.5, 0, 11, 4.5 ], "texture": "#texture" },
				"east": { "uv": [ 5, 0, 5.5, 4.5 ], "texture": "#texture" }
			}
		},
		{
			"__comment": "Box1",
			"from": [ 2, 22, 9 ],
			"to": [ 2.5, 27, 9.5 ],
			"faces": {
				"down": { "uv": [ 2.5, 5, 4, 5.5 ], "texture": "#texture" },
				"up": { "uv": [ 2.5, 10.5, 4, 11 ], "texture": "#texture" },
				"north": { "uv": [ 12, 0, 13.5, 4.5 ], "texture": "#texture" },
				"south": { "uv": [ 2.5, 0, 4, 4.5 ], "texture": "#texture" },
				"west": { "uv": [ 10.5, 0, 11, 4.5 ], "texture": "#texture" },
				"east": { "uv": [ 5, 0, 5.5, 4.5 ], "texture": "#texture" }
			}
		},
		{
			"__comment": "Box1",
			"from": [ 1.5, 23, 6.5 ],
			"to": [ 2, 26, 7 ],
			"faces": {
				"down": { "uv": [ 2.5, 5, 4, 5.5 ], "texture": "#texture" },
				"up": { "uv": [ 2.5, 10.5, 4, 11 ], "texture": "#texture" },
				"north": { "uv": [ 12, 0, 13.5, 4.5 ], "texture": "#texture" },
				"south": { "uv": [ 2.5, 0, 4, 4.5 ], "texture": "#texture" },
				"west": { "uv": [ 10.5, 0, 11, 4.5 ], "texture": "#texture" },
				"east": { "uv": [ 5, 0, 5.5, 4.5 ], "texture": "#texture" }
			}
		},
		{
			"__comment": "Box1",
			"from": [ 2, 22, 6.5 ],
			"to": [ 2.5, 27, 7 ],
			"faces": {
				"down": { "uv": [ 2.5, 5, 4, 5.5 ], "texture": "#texture" },
				"up": { "uv": [ 2.5, 10.5, 4, 11 ], "texture": "#texture" },
				"north": { "uv": [ 12, 0, 13.5, 4.5 ], "texture": "#texture" },
				"south": { "uv": [ 2.5, 0, 4, 4.5 ], "texture": "#texture" },
				"west": { "uv": [ 10.5, 0, 11, 4.5 ], "texture": "#texture" },
				"east": { "uv": [ 5, 0, 5.5, 4.5 ], "texture": "#texture" }
			}
		},
		{
			"__comment": "Box1",
			"from": [ 1.5, 18, 6.5 ],
			"to": [ 2, 21, 7 ],
			"faces": {
				"down": { "uv": [ 2.5, 5, 4, 5.5 ], "texture": "#texture" },
				"up": { "uv": [ 2.5, 10.5, 4, 11 ], "texture": "#texture" },
				"north": { "uv": [ 12, 0, 13.5, 4.5 ], "texture": "#texture" },
				"south": { "uv": [ 2.5, 0, 4, 4.5 ], "texture": "#texture" },
				"west": { "uv": [ 10.5, 0, 11, 4.5 ], "texture": "#texture" },
				"east": { "uv": [ 5, 0, 5.5, 4.5 ], "texture": "#texture" }
			}
		},
		{
			"__comment": "Box1",
			"from": [ 2, 17, 6.5 ],
			"to": [ 2.5, 22, 7 ],
			"faces": {
				"down": { "uv": [ 2.5, 5, 4, 5.5 ], "texture": "#texture" },
				"up": { "uv": [ 2.5, 10.5, 4, 11 ], "texture": "#texture" },
				"north": { "uv": [ 12, 0, 13.5, 4.5 ], "texture": "#texture" },
				"south": { "uv": [ 2.5, 0, 4, 4.5 ], "texture": "#texture" },
				"west": { "uv": [ 10.5, 0, 11, 4.5 ], "texture": "#texture" },
				"east": { "uv": [ 5, 0, 5.5, 4.5 ], "texture": "#texture" }
			}
		},
		{
			"__comment": "Box1",
			"from": [ 2, 13.5, 6.5 ],
			"to": [ 2.5, 16, 7 ],
			"faces": {
				"down": { "uv": [ 2.5, 5, 4, 5.5 ], "texture": "#texture" },
				"up": { "uv": [ 2.5, 10.5, 4, 11 ], "texture": "#texture" },
				"north": { "uv": [ 12, 0, 13.5, 4.5 ], "texture": "#texture" },
				"south": { "uv": [ 2.5, 0, 4, 4.5 ], "texture": "#texture" },
				"west": { "uv": [ 10.5, 0, 11, 4.5 ], "texture": "#texture" },
				"east": { "uv": [ 5, 0, 5.5, 4.5 ], "texture": "#texture" }
			}
		},
		{
			"__comment": "Box1",
			"from": [ 2.5, 12.5, 6.5 ],
			"to": [ 4, 28, 7 ],
			"faces": {
				"down": { "uv": [ 2.5, 5, 4, 5.5 ], "texture": "#texture" },
				"up": { "uv": [ 2.5, 10.5, 4, 11 ], "texture": "#texture" },
				"north": { "uv": [ 12, 0, 13.5, 4.5 ], "texture": "#texture" },
				"south": { "uv": [ 2.5, 0, 4, 4.5 ], "texture": "#texture" },
				"west": { "uv": [ 10.5, 0, 11, 4.5 ], "texture": "#texture" },
				"east": { "uv": [ 5, 0, 5.5, 4.5 ], "texture": "#texture" }
			}
		},
		{
			"__comment": "Box1",
			"from": [ 2.5, 12.5, 9 ],
			"to": [ 4, 28, 9.5 ],
			"faces": {
				"down": { "uv": [ 2.5, 5, 4, 5.5 ], "texture": "#texture" },
				"up": { "uv": [ 2.5, 10.5, 4, 11 ], "texture": "#texture" },
				"north": { "uv": [ 12, 0, 13.5, 4.5 ], "texture": "#texture" },
				"south": { "uv": [ 2.5, 0, 4, 4.5 ], "texture": "#texture" },
				"west": { "uv": [ 10.5, 0, 11, 4.5 ], "texture": "#texture" },
				"east": { "uv": [ 5, 0, 5.5, 4.5 ], "texture": "#texture" }
			}
		}
	],
	"display": {
		"firstperson_righthand": {
			"scale":  [ 0.5, 0.5, 0.5 ]
		},
		"gui": {
			"rotation":  [ 0, 0, -45 ],
			"scale":  [ 0.4, 0.4, 0.4 ]
		},
		"head": {
			"translation":  [ 0, 4.5, 0 ],
			"scale":  [ 2, 2, 2 ]
		}
	}
}