{
	"__comment": "Designed by twodice",
	"textures": {
		"particle": "items/ball1",
		"texture": "items/stst",
		"texture1": "items/stst1",
		"texture2": "items/stst3"
	},
	"elements": [ 	 
		{
			"__comment": "Box1",
			"from": [ 4, 6, -4 ],
			"to": [ 21.28, 16.8, 24.08 ],
			"rotation": { "origin": [ 4, 6, -4 ], "axis": "x", "angle": 22.5 },
			"faces": {
				"down": { "uv": [ 4, 0, 12, 16 ], "texture": "#texture" },
				"up": { "uv": [ 4, 0, 12, 16 ], "texture": "#texture" },
				"north": { "uv": [ 4, 4, 12, 12.5 ], "texture": "#texture" },
				"south": { "uv": [ 4, 4, 12, 12.5 ], "texture": "#texture" },
				"west": { "uv": [ 0, 0.5, 16, 9 ], "texture": "#texture" },
				"east": { "uv": [ 0, 0.5, 16, 9 ], "texture": "#texture" }
			}
		},
		{
			"__comment": "Box3",
			"from": [ 1.84, -10.47, 13.55 ],
			"to": [ 8.320001, -6.149997, 24.35 ],
			"faces": {
				"down": { "uv": [ 9.5, 11, 13.5, 13 ], "texture": "#texture1" },
				"up": { "uv": [ 9.5, 11, 13.5, 13 ], "texture": "#texture1" },
				"north": { "uv": [ 9.5, 11, 13.5, 13 ], "texture": "#texture1" },
				"south": { "uv": [ 9.5, 11, 13.5, 13 ], "texture": "#texture1" },
				"west": { "uv": [ 9.5, 11, 13.5, 13 ], "texture": "#texture1" },
				"east": { "uv": [ 9.5, 11, 13.5, 13 ], "texture": "#texture1" }
			}
		},
		{
			"__comment": "Box3",
			"from": [ 2.785, -10.47, -11.83 ],
			"to": [ 9.265, -6.149997, -1.03 ],
			"faces": {
				"down": { "uv": [ 9.5, 11, 13.5, 13 ], "texture": "#texture1" },
				"up": { "uv": [ 9.5, 11, 13.5, 13 ], "texture": "#texture1" },
				"north": { "uv": [ 9.5, 11, 13.5, 13 ], "texture": "#texture1" },
				"south": { "uv": [ 9.5, 11, 13.5, 13 ], "texture": "#texture1" },
				"west": { "uv": [ 9.5, 11, 13.5, 13 ], "texture": "#texture1" },
				"east": { "uv": [ 9.5, 11, 13.5, 13 ], "texture": "#texture1" }
			}
		},
		{
			"__comment": "Box3",
			"from": [ 16.015, -10.47, -11.83 ],
			"to": [ 22.495, -6.149997, -1.03 ],
			"faces": {
				"down": { "uv": [ 9.5625, 15, 12.5625, 16 ], "texture": "#texture1" },
				"up": { "uv": [ 9.5, 11, 13.5, 13 ], "texture": "#texture1" },
				"north": { "uv": [ 9.5, 11, 13.5, 13 ], "texture": "#texture1" },
				"south": { "uv": [ 9.5, 11, 13.5, 13 ], "texture": "#texture1" },
				"west": { "uv": [ 9.5, 11, 13.5, 13 ], "texture": "#texture1" },
				"east": { "uv": [ 9.5, 11, 13.5, 13 ], "texture": "#texture1" }
			}
		},
		{
			"__comment": "Box3",
			"from": [ 16.96, -10.47, 13.55 ],
			"to": [ 23.44, -6.149997, 24.35 ],
			"faces": {
				"down": { "uv": [ 10, 3.25, 13, 8.25 ], "texture": "#texture1" },
				"up": { "uv": [ 10, 7.75, 13, 12.75 ], "texture": "#texture1" },
				"north": { "uv": [ 4, 8.5, 8, 10.5 ], "texture": "#texture1" },
				"south": { "uv": [ 4, 8.5, 8, 10.5 ], "texture": "#texture1" },
				"west": { "uv": [ 4, 8.5, 8, 10.5 ], "texture": "#texture1" },
				"east": { "uv": [ 4, 8.5, 8, 10.5 ], "texture": "#texture1" }
			}
		},
		{
			"__comment": "Box3",
			"from": [ 2.92, -6.42, -8.86 ],
			"to": [ 9.400001, 14.1, -1.299999 ],
			"rotation": { "origin": [ 2.92, -6.420001, -8.860001 ], "axis": "x", "angle": 22.5 },
			"faces": {
				"down": { "uv": [ 3.5, 15.5, 6.5, 16 ], "texture": "#texture1" },
				"up": { "uv": [ 3.5, 0, 6.5, 0.5 ], "texture": "#texture" },
				"north": { "uv": [ 9.5, 5.5, 12.5, 15 ], "texture": "#texture1" },
				"south": { "uv": [ 3.5, 5.5, 6.5, 15 ], "texture": "#texture" },
				"west": { "uv": [ 0, 0, 6, 12.5 ], "texture": "#texture" },
				"east": { "uv": [ 0, 0, 6, 12.5 ], "texture": "#texture" }
			}
		},
		{
			"__comment": "Box1",
			"from": [ 6.16, 1.95, -5.35 ],
			"to": [ 19.12, 6.27, 22.73 ],
			"rotation": { "origin": [ 6.16, 1.949999, -5.35 ], "axis": "x", "angle": 22.5 },
			"faces": {
				"down": { "uv": [ 4, 0, 12, 16 ], "texture": "#texture" },
				"up": { "uv": [ 4, 0, 12, 16 ], "texture": "#texture" },
				"north": { "uv": [ 4, 4, 12, 12.5 ], "texture": "#texture" },
				"south": { "uv": [ 4, 4, 12, 12.5 ], "texture": "#texture" },
				"west": { "uv": [ 0, 4, 16, 7.5 ], "texture": "#texture" },
				"east": { "uv": [ 0, 4, 16, 7.5 ], "texture": "#texture" }
			}
		},
		{
			"__comment": "Box3",
			"from": [ 15.88, -6.42, -8.86 ],
			"to": [ 22.36, 14.1, -1.299999 ],
			"rotation": { "origin": [ 15.88, -6.420001, -8.860001 ], "axis": "x", "angle": 22.5 },
			"faces": {
				"down": { "uv": [ 3.5, 15.5, 6.5, 16 ], "texture": "#texture1" },
				"up": { "uv": [ 3.5, 0, 6.5, 0.5 ], "texture": "#texture" },
				"north": { "uv": [ 0, 0, 6, 12.5 ], "texture": "#texture1" },
				"south": { "uv": [ 0, 0, 6, 12.5 ], "texture": "#texture" },
				"west": { "uv": [ 0, 0, 6, 12.5 ], "texture": "#texture" },
				"east": { "uv": [ 0, 0, 6, 12.5 ], "texture": "#texture" }
			}
		},
		{
			"__comment": "Box1",
			"from": [ 4, -6.69, 20.57 ],
			"to": [ 21.28, 4.11, 22.73 ],
			"rotation": { "origin": [ 4, -6.690001, 20.57 ], "axis": "x", "angle": 22.5 },
			"faces": {
				"down": { "uv": [ 4, 0, 12, 16 ], "texture": "#texture" },
				"up": { "uv": [ 4, 0, 12, 16 ], "texture": "#texture" },
				"north": { "uv": [ 4, 4, 12, 12.5 ], "texture": "#texture" },
				"south": { "uv": [ 4, 4, 12, 12.5 ], "texture": "#texture" },
				"west": { "uv": [ 0, 4, 16, 12.5 ], "texture": "#texture" },
				"east": { "uv": [ 0, 4, 16, 12.5 ], "texture": "#texture" }
			}
		},
		{
			"__comment": "Box1",
			"from": [ 4, -8.849999, 21.65 ],
			"to": [ 21.28, 1.950001, 23.81 ],
			"rotation": { "origin": [ 4, -8.850001, 21.65 ], "axis": "x", "angle": 22.5 },
			"faces": {
				"down": { "uv": [ 4, 0, 16, 4 ], "texture": "#texture" },
				"up": { "uv": [ 4, 0, 16, 4 ], "texture": "#texture" },
				"north": { "uv": [ 4, 4, 12, 12.5 ], "texture": "#texture" },
				"south": { "uv": [ 4, 4, 12, 12.5 ], "texture": "#texture" },
				"west": { "uv": [ 0, 4, 16, 12.5 ], "texture": "#texture" },
				"east": { "uv": [ 0, 4, 16, 12.5 ], "texture": "#texture" }
			}
		},
		{
			"__comment": "Box1",
			"from": [ 3.865, -5.61, 23.81 ],
			"to": [ 21.145, 1.950003, 28.13 ],
			"faces": {
				"down": { "uv": [ 4, 0, 12, 16 ], "texture": "#texture" },
				"up": { "uv": [ 4, 0, 12, 16 ], "texture": "#texture" },
				"north": { "uv": [ 1, 3, 13, 11 ], "texture": "#texture" },
				"south": { "uv": [ 1, 3, 13, 11 ], "texture": "#texture" },
				"west": { "uv": [ 0, 4, 16, 12.5 ], "texture": "#texture" },
				"east": { "uv": [ 0, 4, 16, 12.5 ], "texture": "#texture" }
			}
		},
		{
			"__comment": "Box3",
			"from": [ 1.84, -2.37, 15.17 ],
			"to": [ 8.320001, 8.43, 24.89 ],
			"rotation": { "origin": [ 1.84, -2.370001, 15.17 ], "axis": "x", "angle": 22.5 },
			"faces": {
				"down": { "uv": [ 3, 2, 6, 6.5 ], "texture": "#texture" },
				"up": { "uv": [ 3, 9.5, 6, 14 ], "texture": "#texture" },
				"north": { "uv": [ 10, 10.125, 13, 15.125 ], "texture": "#texture" },
				"south": { "uv": [ 3, 10.125, 6, 15.125 ], "texture": "#texture" },
				"west": { "uv": [ 7, 7, 16, 16 ], "texture": "#texture" },
				"east": { "uv": [ 7, 7, 16, 16 ], "texture": "#texture" }
			}
		},
		{
			"__comment": "Box3",
			"from": [ 2.92, -2.235, 0.725 ],
			"to": [ 9.400001, 10.725, 2.885 ],
			"rotation": { "origin": [ 2.92, -2.235001, 0.7250004 ], "axis": "x", "angle": 22.5 },
			"faces": {
				"down": { "uv": [ 3.5, 15.5, 6.5, 16 ], "texture": "#texture" },
				"up": { "uv": [ 3.5, 0, 6.5, 0.5 ], "texture": "#texture" },
				"north": { "uv": [ 5.5, 3, 7.5, 13 ], "texture": "#texture" },
				"south": { "uv": [ 5.5, 3, 7.5, 13 ], "texture": "#texture" },
				"west": { "uv": [ 5.5, 3, 7.5, 13 ], "texture": "#texture" },
				"east": { "uv": [ 5.5, 3, 7.5, 13 ], "texture": "#texture" }
			}
		},
		{
			"__comment": "Box3",
			"from": [ 15.88, -2.235, 0.725 ],
			"to": [ 22.36, 10.725, 2.885 ],
			"rotation": { "origin": [ 2.92, -2.235001, 0.7250004 ], "axis": "x", "angle": 22.5 },
			"faces": {
				"down": { "uv": [ 3.5, 15.5, 6.5, 16 ], "texture": "#texture" },
				"up": { "uv": [ 3.5, 0, 6.5, 0.5 ], "texture": "#texture" },
				"north": { "uv": [ 5.5, 3, 7.5, 13 ], "texture": "#texture" },
				"south": { "uv": [ 5.5, 3, 7.5, 13 ], "texture": "#texture" },
				"west": { "uv": [ 5.5, 3, 7.5, 13 ], "texture": "#texture" },
				"east": { "uv": [ 5.5, 3, 7.5, 13 ], "texture": "#texture" }
			}
		},
		{
			"__comment": "Box3",
			"from": [ 1.975, -6.15, 18.95 ],
			"to": [ 8.455, -3.99, 24.35 ],
			"faces": {
				"down": { "uv": [ 3.0625, 3.25, 6.0625, 5.75 ], "texture": "#texture" },
				"up": { "uv": [ 3.0625, 10.25, 6.0625, 12.75 ], "texture": "#texture" },
				"north": { "uv": [ 9.9375, 14.25, 12.9375, 15.25 ], "texture": "#texture" },
				"south": { "uv": [ 3.0625, 14.25, 6.0625, 15.25 ], "texture": "#texture" },
				"west": { "uv": [ 10.25, 14.25, 12.75, 15.25 ], "texture": "#texture" },
				"east": { "uv": [ 3.25, 14.25, 5.75, 15.25 ], "texture": "#texture" }
			}
		},
		{
			"__comment": "Box3",
			"from": [ 16.825, -6.15, 18.95 ],
			"to": [ 23.305, -3.99, 24.35 ],
			"faces": {
				"down": { "uv": [ 9.9375, 3.25, 12.9375, 5.75 ], "texture": "#texture" },
				"up": { "uv": [ 9.9375, 10.25, 12.9375, 12.75 ], "texture": "#texture" },
				"north": { "uv": [ 3.0625, 14.25, 6.0625, 15.25 ], "texture": "#texture" },
				"south": { "uv": [ 9.9375, 14.25, 12.9375, 15.25 ], "texture": "#texture" },
				"west": { "uv": [ 10.25, 14.25, 12.75, 15.25 ], "texture": "#texture" },
				"east": { "uv": [ 3.25, 14.25, 5.75, 15.25 ], "texture": "#texture" }
			}
		},
		{
			"__comment": "Box3",
			"from": [ 1.84, 4.11, 13.01 ],
			"to": [ 8.320001, 8.43, 15.17 ],
			"rotation": { "origin": [ 1.84, -2.370001, 15.17 ], "axis": "x", "angle": 22.5 },
			"faces": {
				"down": { "uv": [ 3, 6.5, 6, 7.5 ], "texture": "#texture" },
				"up": { "uv": [ 3, 8.5, 6, 9.5 ], "texture": "#texture" },
				"north": { "uv": [ 10, 10.125, 13, 12.125 ], "texture": "#texture" },
				"south": { "uv": [ 3, 10.125, 6, 12.125 ], "texture": "#texture" },
				"west": { "uv": [ 8.5, 10.125, 9.5, 12.125 ], "texture": "#texture" },
				"east": { "uv": [ 6.5, 10.125, 7.5, 12.125 ], "texture": "#texture" }
			}
		},
		{
			"__comment": "Box3",
			"from": [ 16.96, 4.38, 15.71 ],
			"to": [ 23.44, 8.700001, 17.87 ],
			"rotation": { "origin": [ 16.96, 4.38, 15.71 ], "axis": "x", "angle": 22.5 },
			"faces": {
				"down": { "uv": [ 10, 6.5, 13, 7.5 ], "texture": "#texture" },
				"up": { "uv": [ 10, 8.5, 13, 9.5 ], "texture": "#texture" },
				"north": { "uv": [ 3, 10, 6, 12 ], "texture": "#texture" },
				"south": { "uv": [ 10, 10, 13, 12 ], "texture": "#texture" },
				"west": { "uv": [ 8.5, 10, 9.5, 12 ], "texture": "#texture" },
				"east": { "uv": [ 6.5, 10, 7.5, 12 ], "texture": "#texture" }
			}
		},
		{
			"__comment": "Box3",
			"from": [ 16.96, -2.1, 15.17 ],
			"to": [ 23.44, 8.700001, 24.89 ],
			"rotation": { "origin": [ 1.84, -2.370001, 15.17 ], "axis": "x", "angle": 22.5 },
			"faces": {
				"down": { "uv": [ 3, 2, 6, 6.5 ], "texture": "#texture" },
				"up": { "uv": [ 3, 9.5, 6, 14 ], "texture": "#texture" },
				"north": { "uv": [ 10, 10.125, 13, 15.125 ], "texture": "#texture" },
				"south": { "uv": [ 3, 10.125, 6, 15.125 ], "texture": "#texture" },
				"west": { "uv": [ 3, 4, 12, 13 ], "texture": "#texture" },
				"east": { "uv": [ 3, 4, 12, 13 ], "texture": "#texture" }
			}
		},
		{
			"__comment": "Box23",
			"from": [ 11.83, -5.61, 28.13 ],
			"to": [ 13.45, -1.829998, 29.75 ],
			"faces": {
				"down": { "uv": [ 2.5, 15, 1.75, 14.25 ], "texture": "#texture" },
				"up": { "uv": [ 13.5, 14.25, 14.25, 15 ], "texture": "#texture" },
				"north": { "uv": [ 14.25, 16, 13.5, 14.5 ], "texture": "#texture" },
				"south": { "uv": [ 13.5, 0, 14.25, 1.5 ], "texture": "#texture" },
				"west": { "uv": [ 14.5, 14.25, 16, 15 ], "texture": "#texture", "rotation": 270 },
				"east": { "uv": [ 0, 14.25, 1.5, 15 ], "texture": "#texture", "rotation": 90 }
			}
		},
		{
			"__comment": "Box23",
			"from": [ 10.75, -4.53, 27.995 ],
			"to": [ 14.53, -2.91, 29.615 ],
			"faces": {
				"down": { "uv": [ 3, 15, 1.25, 14.25 ], "texture": "#texture" },
				"up": { "uv": [ 13, 14.25, 14.75, 15 ], "texture": "#texture" },
				"north": { "uv": [ 14.75, 15.75, 13, 15 ], "texture": "#texture" },
				"south": { "uv": [ 13, 0.25, 14.75, 1 ], "texture": "#texture" },
				"west": { "uv": [ 15, 14.25, 15.75, 15 ], "texture": "#texture", "rotation": 270 },
				"east": { "uv": [ 0.25, 14.25, 1, 15 ], "texture": "#texture", "rotation": 90 }
			}
		},
		{
			"__comment": "Box23",
			"from": [ 11.83, -1.83, 28.13 ],
			"to": [ 13.45, 1.95, 29.75 ],
			"faces": {
				"down": { "uv": [ 2.5, 15, 1.75, 14.25 ], "texture": "#texture" },
				"up": { "uv": [ 13.5, 14.25, 14.25, 15 ], "texture": "#texture" },
				"north": { "uv": [ 14.25, 16, 13.5, 14.5 ], "texture": "#texture" },
				"south": { "uv": [ 13.5, 0, 14.25, 1.5 ], "texture": "#texture" },
				"west": { "uv": [ 14.5, 14.25, 16, 15 ], "texture": "#texture", "rotation": 270 },
				"east": { "uv": [ 0, 14.25, 1.5, 15 ], "texture": "#texture", "rotation": 90 }
			}
		},
		{
			"__comment": "Box23",
			"from": [ 10.75, -0.75, 27.995 ],
			"to": [ 14.53, 0.8700001, 29.615 ],
			"faces": {
				"down": { "uv": [ 3, 15, 1.25, 14.25 ], "texture": "#texture" },
				"up": { "uv": [ 13, 14.25, 14.75, 15 ], "texture": "#texture" },
				"north": { "uv": [ 14.75, 15.75, 13, 15 ], "texture": "#texture" },
				"south": { "uv": [ 13, 0.25, 14.75, 1 ], "texture": "#texture" },
				"west": { "uv": [ 15, 14.25, 15.75, 15 ], "texture": "#texture", "rotation": 270 },
				"east": { "uv": [ 0.25, 14.25, 1, 15 ], "texture": "#texture", "rotation": 90 }
			}
		},
		{
			"__comment": "Box23",
			"from": [ 11.83, 1.95, 27.59 ],
			"to": [ 13.45, 5.73, 29.21 ],
			"rotation": { "origin": [ 11.83, 1.949999, 29.21 ], "axis": "x", "angle": -22.5 },
			"faces": {
				"down": { "uv": [ 2.5, 15, 1.75, 14.25 ], "texture": "#texture" },
				"up": { "uv": [ 13.5, 14.25, 14.25, 15 ], "texture": "#texture" },
				"north": { "uv": [ 14.25, 16, 13.5, 14.5 ], "texture": "#texture" },
				"south": { "uv": [ 13.5, 0, 14.25, 1.5 ], "texture": "#texture" },
				"west": { "uv": [ 14.5, 14.25, 16, 15 ], "texture": "#texture", "rotation": 270 },
				"east": { "uv": [ 0, 14.25, 1.5, 15 ], "texture": "#texture", "rotation": 90 }
			}
		},
		{
			"__comment": "Box23",
			"from": [ 10.75, 3.03, 27.455 ],
			"to": [ 14.53, 4.65, 29.075 ],
			"rotation": { "origin": [ 11.83, 1.949999, 29.075 ], "axis": "x", "angle": -22.5 },
			"faces": {
				"down": { "uv": [ 3, 15, 1.25, 14.25 ], "texture": "#texture" },
				"up": { "uv": [ 13, 14.25, 14.75, 15 ], "texture": "#texture" },
				"north": { "uv": [ 14.75, 15.75, 13, 15 ], "texture": "#texture" },
				"south": { "uv": [ 13, 0.25, 14.75, 1 ], "texture": "#texture" },
				"west": { "uv": [ 15, 14.25, 15.75, 15 ], "texture": "#texture", "rotation": 270 },
				"east": { "uv": [ 0.25, 14.25, 1, 15 ], "texture": "#texture", "rotation": 90 }
			}
		},
		{
			"__comment": "Box23",
			"from": [ 11.83, 4.11, 23.81 ],
			"to": [ 13.45, 5.73, 27.59 ],
			"rotation": { "origin": [ 11.83, 5.73, 27.59 ], "axis": "x", "angle": 22.5 },
			"faces": {
				"down": { "uv": [ 13.5, 14.5, 14.25, 16 ], "texture": "#texture" },
				"up": { "uv": [ 13.5, 0, 14.25, 1.5 ], "texture": "#texture" },
				"north": { "uv": [ 14.25, 15, 13.5, 14.25 ], "texture": "#texture" },
				"south": { "uv": [ 2.5, 15, 1.75, 14.25 ], "texture": "#texture" },
				"west": { "uv": [ 14.5, 14.25, 16, 15 ], "texture": "#texture", "rotation": 180 },
				"east": { "uv": [ 0, 14.25, 1.5, 15 ], "texture": "#texture", "rotation": 180 }
			}
		},
		{
			"__comment": "Box23",
			"from": [ 10.75, 3.84, 24.89 ],
			"to": [ 14.53, 5.46, 26.51 ],
			"rotation": { "origin": [ 11.83, 5.46, 27.59 ], "axis": "x", "angle": 22.5 },
			"faces": {
				"down": { "uv": [ 13, 15, 14.75, 15.75 ], "texture": "#texture" },
				"up": { "uv": [ 13, 0.25, 14.75, 1 ], "texture": "#texture" },
				"north": { "uv": [ 14.75, 15, 13, 14.25 ], "texture": "#texture" },
				"south": { "uv": [ 3, 15, 1.25, 14.25 ], "texture": "#texture" },
				"west": { "uv": [ 15, 14.25, 15.75, 15 ], "texture": "#texture", "rotation": 180 },
				"east": { "uv": [ 0.25, 14.25, 1, 15 ], "texture": "#texture", "rotation": 180 }
			}
		},
		{
			"__comment": "Box23",
			"from": [ 11.83, 5.46, 20.705 ],
			"to": [ 13.45, 7.08, 24.485 ],
			"rotation": { "origin": [ 11.83, 7.08, 24.485 ], "axis": "x", "angle": 22.5 },
			"faces": {
				"down": { "uv": [ 13.5, 14.5, 14.25, 16 ], "texture": "#texture" },
				"up": { "uv": [ 13.5, 0, 14.25, 1.5 ], "texture": "#texture" },
				"north": { "uv": [ 14.25, 15, 13.5, 14.25 ], "texture": "#texture" },
				"south": { "uv": [ 2.5, 15, 1.75, 14.25 ], "texture": "#texture" },
				"west": { "uv": [ 14.5, 14.25, 16, 15 ], "texture": "#texture", "rotation": 180 },
				"east": { "uv": [ 0, 14.25, 1.5, 15 ], "texture": "#texture", "rotation": 180 }
			}
		},
		{
			"__comment": "Box23",
			"from": [ 10.75, 5.19, 21.65 ],
			"to": [ 14.53, 6.81, 23.27 ],
			"rotation": { "origin": [ 11.83, 6.81, 24.35 ], "axis": "x", "angle": 22.5 },
			"faces": {
				"down": { "uv": [ 13, 15, 14.75, 15.75 ], "texture": "#texture" },
				"up": { "uv": [ 13, 0.25, 14.75, 1 ], "texture": "#texture" },
				"north": { "uv": [ 14.75, 15, 13, 14.25 ], "texture": "#texture" },
				"south": { "uv": [ 3, 15, 1.25, 14.25 ], "texture": "#texture" },
				"west": { "uv": [ 15, 14.25, 15.75, 15 ], "texture": "#texture", "rotation": 180 },
				"east": { "uv": [ 0.25, 14.25, 1, 15 ], "texture": "#texture", "rotation": 180 }
			}
		},
		{
			"__comment": "Box23",
			"from": [ 11.83, 6.81, 17.33 ],
			"to": [ 13.45, 8.43, 21.11 ],
			"rotation": { "origin": [ 11.83, 8.429999, 21.11 ], "axis": "x", "angle": 22.5 },
			"faces": {
				"down": { "uv": [ 13.5, 14.5, 14.25, 16 ], "texture": "#texture" },
				"up": { "uv": [ 13.5, 0, 14.25, 1.5 ], "texture": "#texture" },
				"north": { "uv": [ 14.25, 15, 13.5, 14.25 ], "texture": "#texture" },
				"south": { "uv": [ 2.5, 15, 1.75, 14.25 ], "texture": "#texture" },
				"west": { "uv": [ 14.5, 14.25, 16, 15 ], "texture": "#texture", "rotation": 180 },
				"east": { "uv": [ 0, 14.25, 1.5, 15 ], "texture": "#texture", "rotation": 180 }
			}
		},
		{
			"__comment": "Box23",
			"from": [ 10.75, 6.675, 18.275 ],
			"to": [ 14.53, 8.295, 19.895 ],
			"rotation": { "origin": [ 11.83, 8.295, 20.975 ], "axis": "x", "angle": 22.5 },
			"faces": {
				"down": { "uv": [ 13, 15, 14.75, 15.75 ], "texture": "#texture" },
				"up": { "uv": [ 13, 0.25, 14.75, 1 ], "texture": "#texture" },
				"north": { "uv": [ 14.75, 15, 13, 14.25 ], "texture": "#texture" },
				"south": { "uv": [ 3, 15, 1.25, 14.25 ], "texture": "#texture" },
				"west": { "uv": [ 15, 14.25, 15.75, 15 ], "texture": "#texture", "rotation": 180 },
				"east": { "uv": [ 0.25, 14.25, 1, 15 ], "texture": "#texture", "rotation": 180 }
			}
		},
		{
			"__comment": "Box35",
			"from": [ 2.92, 12.21, -0.22 ],
			"to": [ 4, 12.75, 7.340001 ],
			"rotation": { "origin": [ 2.92, 12.21, -0.2199998 ], "axis": "x", "angle": 22.5 },
			"faces": {
				"down": { "uv": [ 14, 11.5, 15, 13.75 ], "texture": "#texture" },
				"up": { "uv": [ 14, 2.25, 15, 4.5 ], "texture": "#texture" },
				"north": { "uv": [ 1, 6.5, 2, 7 ], "texture": "#texture" },
				"south": { "uv": [ 14, 6.5, 15, 7 ], "texture": "#texture" },
				"west": { "uv": [ 2.25, 6.5, 4.5, 7 ], "texture": "#texture" },
				"east": { "uv": [ 11.5, 6.5, 13.75, 7 ], "texture": "#texture" }
			}
		},
		{
			"__comment": "Box35",
			"from": [ 21.28, 12.21, -0.22 ],
			"to": [ 22.36, 12.75, 7.340001 ],
			"rotation": { "origin": [ 21.28, 12.21, -0.2199998 ], "axis": "x", "angle": 22.5 },
			"faces": {
				"down": { "uv": [ 14, 11.5, 15, 13.75 ], "texture": "#texture" },
				"up": { "uv": [ 14, 2.25, 15, 4.5 ], "texture": "#texture" },
				"north": { "uv": [ 1, 6.5, 2, 7 ], "texture": "#texture" },
				"south": { "uv": [ 14, 6.5, 15, 7 ], "texture": "#texture" },
				"west": { "uv": [ 2.25, 6.5, 4.5, 7 ], "texture": "#texture" },
				"east": { "uv": [ 11.5, 6.5, 13.75, 7 ], "texture": "#texture" }
			}
		},
		{
			"__comment": "Box35",
			"from": [ 2.92, 12.345, 0.86 ],
			"to": [ 4, 12.885, 6.800001 ],
			"rotation": { "origin": [ 2.92, 12.345, 0.8600006 ], "axis": "x", "angle": 22.5 },
			"faces": {
				"down": { "uv": [ 14, 11.5, 15, 13.75 ], "texture": "#texture" },
				"up": { "uv": [ 14, 2.25, 15, 4.5 ], "texture": "#texture" },
				"north": { "uv": [ 1, 6.5, 2, 7 ], "texture": "#texture" },
				"south": { "uv": [ 14, 6.5, 15, 7 ], "texture": "#texture" },
				"west": { "uv": [ 2.25, 6.5, 4.5, 7 ], "texture": "#texture" },
				"east": { "uv": [ 11.5, 6.5, 13.75, 7 ], "texture": "#texture" }
			}
		},
		{
			"__comment": "Box35",
			"from": [ 21.28, 12.345, 0.86 ],
			"to": [ 22.36, 12.885, 6.800001 ],
			"rotation": { "origin": [ 21.28, 12.345, 0.8600006 ], "axis": "x", "angle": 22.5 },
			"faces": {
				"down": { "uv": [ 14, 11.5, 15, 13.75 ], "texture": "#texture" },
				"up": { "uv": [ 14, 2.25, 15, 4.5 ], "texture": "#texture" },
				"north": { "uv": [ 1, 6.5, 2, 7 ], "texture": "#texture" },
				"south": { "uv": [ 14, 6.5, 15, 7 ], "texture": "#texture" },
				"west": { "uv": [ 2.25, 6.5, 4.5, 7 ], "texture": "#texture" },
				"east": { "uv": [ 11.5, 6.5, 13.75, 7 ], "texture": "#texture" }
			}
		},
		{
			"__comment": "Box1",
			"from": [ -0.32, 14.505, -8.995 ],
			"to": [ 12.1, 26.925, 3.965001 ],
			"faces": {
				"down": { "uv": [ 4, 0, 12, 16 ], "texture": "#texture1" },
				"up": { "uv": [ 4, 0, 12, 16 ], "texture": "#texture1" },
				"north": { "uv": [ 4, 4, 12, 12.5 ], "texture": "#texture1" },
				"south": { "uv": [ 4, 4, 12, 12.5 ], "texture": "#texture1" },
				"west": { "uv": [ 0, 4, 16, 12.5 ], "texture": "#texture1" },
				"east": { "uv": [ 0, 4, 16, 12.5 ], "texture": "#texture1" }
			}
		},
		{
			"__comment": "Box1",
			"from": [ 5.08, 4.38, -3.46 ],
			"to": [ 20.2, 15.18, 8.960001 ],
			"rotation": { "origin": [ 5.08, 4.38, -3.46 ], "axis": "x", "angle": -22.5 },
			"faces": {
				"down": { "uv": [ 4, 0, 12, 16 ], "texture": "#texture1" },
				"up": { "uv": [ 4, 0, 12, 16 ], "texture": "#texture1" },
				"north": { "uv": [ 4, 4, 12, 12.5 ], "texture": "#texture1" },
				"south": { "uv": [ 4, 4, 12, 12.5 ], "texture": "#texture1" },
				"west": { "uv": [ 0, 4, 16, 12.5 ], "texture": "#texture1" },
				"east": { "uv": [ 0, 4, 16, 12.5 ], "texture": "#texture1" }
			}
		},
		{
			"__comment": "Box1",
			"from": [ 13.72, 12.75, -8.05 ],
			"to": [ 22.36, 24.09, 3.830001 ],
			"rotation": { "origin": [ 13.72, 12.75, -8.050001 ], "axis": "z", "angle": 45 },
			"faces": {
				"down": { "uv": [ 4, 0, 12, 16 ], "texture": "#texture1" },
				"up": { "uv": [ 4, 0, 12, 16 ], "texture": "#texture1" },
				"north": { "uv": [ 4, 4, 12, 12.5 ], "texture": "#texture1" },
				"south": { "uv": [ 4, 4, 12, 12.5 ], "texture": "#texture1" },
				"west": { "uv": [ 0, 4, 16, 12.5 ], "texture": "#texture1" },
				"east": { "uv": [ 0, 4, 16, 12.5 ], "texture": "#texture1" }
			}
		},
		{
			"__comment": "Box1",
			"from": [ -2.48, 14.37, -8.995 ],
			"to": [ -0.3199999, 20.85, 3.965001 ],
			"faces": {
				"down": { "uv": [ 4, 0, 12, 16 ], "texture": "#texture1" },
				"up": { "uv": [ 4, 0, 12, 16 ], "texture": "#texture1" },
				"north": { "uv": [ 0, 7.5, 3, 13.5 ], "texture": "#texture2" },
				"south": { "uv": [ 13, 7.5, 16, 13.5 ], "texture": "#texture2" },
				"west": { "uv": [ 3, 7.5, 13.5, 13.5 ], "texture": "#texture2" },
				"east": { "uv": [ 0, 4, 16, 12.5 ], "texture": "#texture1" }
			}
		},
		{
			"__comment": "Box43",
			"from": [ 2.65, -7.23, -1.57 ],
			"to": [ 2.65216, -5.61, 0.05000043 ],
			"faces": {
				"down": { "uv": [ 14, 7, 14.25, 9 ], "texture": "#particle" },
				"up": { "uv": [ 14, 7, 14.25, 9 ], "texture": "#particle" },
				"north": { "uv": [ 0, 0, 16, 16 ], "texture": "#particle" },
				"south": { "uv": [ 0, 0, 16, 16 ], "texture": "#particle" },
				"west": { "uv": [ 0, 0, 16, 16 ], "texture": "#particle", "rotation": 180 },
				"east": { "uv": [ 16, 0, 0, 16 ], "texture": "#particle", "rotation": 180 }
			}
		},
		{
			"__comment": "Box43",
			"from": [ 2.65, -6.15, -1.03 ],
			"to": [ 2.65216, -3.99, 1.13 ],
			"faces": {
				"down": { "uv": [ 14, 7, 14.25, 9 ], "texture": "#particle" },
				"up": { "uv": [ 14, 7, 14.25, 9 ], "texture": "#particle" },
				"north": { "uv": [ 0, 0, 16, 16 ], "texture": "#particle" },
				"south": { "uv": [ 0, 0, 16, 16 ], "texture": "#particle" },
				"west": { "uv": [ 0, 0, 16, 16 ], "texture": "#particle", "rotation": 180 },
				"east": { "uv": [ 16, 0, 0, 16 ], "texture": "#particle", "rotation": 180 }
			}
		},
		{
			"__comment": "Box43",
			"from": [ 2.65, -4.53, -0.49 ],
			"to": [ 2.65216, -1.829998, 2.21 ],
			"faces": {
				"down": { "uv": [ 14, 7, 14.25, 9 ], "texture": "#particle" },
				"up": { "uv": [ 14, 7, 14.25, 9 ], "texture": "#particle" },
				"north": { "uv": [ 0, 0, 16, 16 ], "texture": "#particle" },
				"south": { "uv": [ 0, 0, 16, 16 ], "texture": "#particle" },
				"west": { "uv": [ 0, 0, 16, 16 ], "texture": "#particle", "rotation": 180 },
				"east": { "uv": [ 16, 0, 0, 16 ], "texture": "#particle", "rotation": 180 }
			}
		},
		{
			"__comment": "Box43",
			"from": [ 2.65, -2.37, 0.59 ],
			"to": [ 2.65216, 0.3300002, 3.29 ],
			"faces": {
				"down": { "uv": [ 14, 7, 14.25, 9 ], "texture": "#particle" },
				"up": { "uv": [ 14, 7, 14.25, 9 ], "texture": "#particle" },
				"north": { "uv": [ 0, 0, 16, 16 ], "texture": "#particle" },
				"south": { "uv": [ 0, 0, 16, 16 ], "texture": "#particle" },
				"west": { "uv": [ 0, 0, 16, 16 ], "texture": "#particle", "rotation": 180 },
				"east": { "uv": [ 16, 0, 0, 16 ], "texture": "#particle", "rotation": 180 }
			}
		},
		{
			"__comment": "Box43",
			"from": [ 2.65, -0.21, 1.67 ],
			"to": [ 2.65216, 2.49, 4.37 ],
			"faces": {
				"down": { "uv": [ 14, 7, 14.25, 9 ], "texture": "#particle" },
				"up": { "uv": [ 14, 7, 14.25, 9 ], "texture": "#particle" },
				"north": { "uv": [ 0, 0, 16, 16 ], "texture": "#particle" },
				"south": { "uv": [ 0, 0, 16, 16 ], "texture": "#particle" },
				"west": { "uv": [ 0, 0, 16, 16 ], "texture": "#particle", "rotation": 180 },
				"east": { "uv": [ 16, 0, 0, 16 ], "texture": "#particle", "rotation": 180 }
			}
		},
		{
			"__comment": "Box43",
			"from": [ 2.65, 1.95, 2.75 ],
			"to": [ 2.65216, 4.65, 5.45 ],
			"faces": {
				"down": { "uv": [ 14, 7, 14.25, 9 ], "texture": "#particle" },
				"up": { "uv": [ 14, 7, 14.25, 9 ], "texture": "#particle" },
				"north": { "uv": [ 0, 0, 16, 16 ], "texture": "#particle" },
				"south": { "uv": [ 0, 0, 16, 16 ], "texture": "#particle" },
				"west": { "uv": [ 0, 0, 16, 16 ], "texture": "#particle", "rotation": 180 },
				"east": { "uv": [ 16, 0, 0, 16 ], "texture": "#particle", "rotation": 180 }
			}
		},
		{
			"__comment": "Box43",
			"from": [ 2.65, 4.11, 3.83 ],
			"to": [ 2.65216, 6.81, 6.53 ],
			"faces": {
				"down": { "uv": [ 14, 7, 14.25, 9 ], "texture": "#particle" },
				"up": { "uv": [ 14, 7, 14.25, 9 ], "texture": "#particle" },
				"north": { "uv": [ 0, 0, 16, 16 ], "texture": "#particle" },
				"south": { "uv": [ 0, 0, 16, 16 ], "texture": "#particle" },
				"west": { "uv": [ 0, 0, 16, 16 ], "texture": "#particle", "rotation": 180 },
				"east": { "uv": [ 16, 0, 0, 16 ], "texture": "#particle", "rotation": 180 }
			}
		},
		{
			"__comment": "Box43",
			"from": [ 2.65, 6.27, 4.91 ],
			"to": [ 2.65216, 8.97, 7.61 ],
			"faces": {
				"down": { "uv": [ 14, 7, 14.25, 9 ], "texture": "#particle" },
				"up": { "uv": [ 14, 7, 14.25, 9 ], "texture": "#particle" },
				"north": { "uv": [ 0, 0, 16, 16 ], "texture": "#particle" },
				"south": { "uv": [ 0, 0, 16, 16 ], "texture": "#particle" },
				"west": { "uv": [ 0, 0, 16, 16 ], "texture": "#particle", "rotation": 180 },
				"east": { "uv": [ 16, 0, 0, 16 ], "texture": "#particle", "rotation": 180 }
			}
		},
		{
			"__comment": "Box43",
			"from": [ 2.515, -6.69, 0.05 ],
			"to": [ 2.51716, -5.07, 1.67 ],
			"faces": {
				"down": { "uv": [ 14, 7, 14.25, 9 ], "texture": "#particle" },
				"up": { "uv": [ 14, 7, 14.25, 9 ], "texture": "#particle" },
				"north": { "uv": [ 0, 0, 16, 16 ], "texture": "#particle" },
				"south": { "uv": [ 0, 0, 16, 16 ], "texture": "#particle" },
				"west": { "uv": [ 0, 0, 16, 16 ], "texture": "#particle", "rotation": 180 },
				"east": { "uv": [ 16, 0, 0, 16 ], "texture": "#particle", "rotation": 180 }
			}
		},
		{
			"__comment": "Box43",
			"from": [ 2.515, -5.61, 1.13 ],
			"to": [ 2.51716, -3.45, 3.29 ],
			"faces": {
				"down": { "uv": [ 14, 7, 14.25, 9 ], "texture": "#particle" },
				"up": { "uv": [ 14, 7, 14.25, 9 ], "texture": "#particle" },
				"north": { "uv": [ 0, 0, 16, 16 ], "texture": "#particle" },
				"south": { "uv": [ 0, 0, 16, 16 ], "texture": "#particle" },
				"west": { "uv": [ 0, 0, 16, 16 ], "texture": "#particle", "rotation": 180 },
				"east": { "uv": [ 16, 0, 0, 16 ], "texture": "#particle", "rotation": 180 }
			}
		},
		{
			"__comment": "Box43",
			"from": [ 2.515, -3.99, 2.21 ],
			"to": [ 2.51716, -1.83, 4.37 ],
			"faces": {
				"down": { "uv": [ 14, 7, 14.25, 9 ], "texture": "#particle" },
				"up": { "uv": [ 14, 7, 14.25, 9 ], "texture": "#particle" },
				"north": { "uv": [ 0, 0, 16, 16 ], "texture": "#particle" },
				"south": { "uv": [ 0, 0, 16, 16 ], "texture": "#particle" },
				"west": { "uv": [ 0, 0, 16, 16 ], "texture": "#particle", "rotation": 180 },
				"east": { "uv": [ 16, 0, 0, 16 ], "texture": "#particle", "rotation": 180 }
			}
		},
		{
			"__comment": "Box43",
			"from": [ 2.515, -2.37, 3.29 ],
			"to": [ 2.51716, 0.3300002, 5.99 ],
			"faces": {
				"down": { "uv": [ 14, 7, 14.25, 9 ], "texture": "#particle" },
				"up": { "uv": [ 14, 7, 14.25, 9 ], "texture": "#particle" },
				"north": { "uv": [ 0, 0, 16, 16 ], "texture": "#particle" },
				"south": { "uv": [ 0, 0, 16, 16 ], "texture": "#particle" },
				"west": { "uv": [ 0, 0, 16, 16 ], "texture": "#particle", "rotation": 180 },
				"east": { "uv": [ 16, 0, 0, 16 ], "texture": "#particle", "rotation": 180 }
			}
		},
		{
			"__comment": "Box43",
			"from": [ 2.515, -0.21, 4.37 ],
			"to": [ 2.51716, 3.03, 7.61 ],
			"faces": {
				"down": { "uv": [ 14, 7, 14.25, 9 ], "texture": "#particle" },
				"up": { "uv": [ 14, 7, 14.25, 9 ], "texture": "#particle" },
				"north": { "uv": [ 0, 0, 16, 16 ], "texture": "#particle" },
				"south": { "uv": [ 0, 0, 16, 16 ], "texture": "#particle" },
				"west": { "uv": [ 0, 0, 16, 16 ], "texture": "#particle", "rotation": 180 },
				"east": { "uv": [ 16, 0, 0, 16 ], "texture": "#particle", "rotation": 180 }
			}
		},
		{
			"__comment": "Box43",
			"from": [ 2.515, 2.49, 5.99 ],
			"to": [ 2.51716, 6.27, 9.77 ],
			"faces": {
				"down": { "uv": [ 14, 7, 14.25, 9 ], "texture": "#particle" },
				"up": { "uv": [ 14, 7, 14.25, 9 ], "texture": "#particle" },
				"north": { "uv": [ 0, 0, 16, 16 ], "texture": "#particle" },
				"south": { "uv": [ 0, 0, 16, 16 ], "texture": "#particle" },
				"west": { "uv": [ 0, 0, 16, 16 ], "texture": "#particle", "rotation": 180 },
				"east": { "uv": [ 16, 0, 0, 16 ], "texture": "#particle", "rotation": 180 }
			}
		},
		{
			"__comment": "Box43",
			"from": [ 2.515, 5.73, 7.07 ],
			"to": [ 2.51716, 11.13, 11.93 ],
			"faces": {
				"down": { "uv": [ 14, 7, 14.25, 9 ], "texture": "#particle" },
				"up": { "uv": [ 14, 7, 14.25, 9 ], "texture": "#particle" },
				"north": { "uv": [ 0, 0, 16, 16 ], "texture": "#particle" },
				"south": { "uv": [ 0, 0, 16, 16 ], "texture": "#particle" },
				"west": { "uv": [ 0, 0, 16, 16 ], "texture": "#particle", "rotation": 180 },
				"east": { "uv": [ 16, 0, 0, 16 ], "texture": "#particle", "rotation": 180 }
			}
		},
		{
			"__comment": "Box43",
			"from": [ 22.36, 5.73, 7.61 ],
			"to": [ 22.36216, 11.13, 12.47 ],
			"faces": {
				"down": { "uv": [ 14, 7, 14.25, 9 ], "texture": "#particle" },
				"up": { "uv": [ 14, 7, 14.25, 9 ], "texture": "#particle" },
				"north": { "uv": [ 0, 0, 16, 16 ], "texture": "#particle" },
				"south": { "uv": [ 0, 0, 16, 16 ], "texture": "#particle" },
				"west": { "uv": [ 0, 0, 16, 16 ], "texture": "#particle", "rotation": 180 },
				"east": { "uv": [ 16, 0, 0, 16 ], "texture": "#particle", "rotation": 180 }
			}
		},
		{
			"__comment": "Box43",
			"from": [ 22.495, -7.23, -1.03 ],
			"to": [ 22.49716, -5.61, 0.5900002 ],
			"faces": {
				"down": { "uv": [ 14, 7, 14.25, 9 ], "texture": "#particle" },
				"up": { "uv": [ 14, 7, 14.25, 9 ], "texture": "#particle" },
				"north": { "uv": [ 0, 0, 16, 16 ], "texture": "#particle" },
				"south": { "uv": [ 0, 0, 16, 16 ], "texture": "#particle" },
				"west": { "uv": [ 0, 0, 16, 16 ], "texture": "#particle", "rotation": 180 },
				"east": { "uv": [ 16, 0, 0, 16 ], "texture": "#particle", "rotation": 180 }
			}
		},
		{
			"__comment": "Box43",
			"from": [ 22.495, -6.15, -0.49 ],
			"to": [ 22.49716, -3.99, 1.67 ],
			"faces": {
				"down": { "uv": [ 14, 7, 14.25, 9 ], "texture": "#particle" },
				"up": { "uv": [ 14, 7, 14.25, 9 ], "texture": "#particle" },
				"north": { "uv": [ 0, 0, 16, 16 ], "texture": "#particle" },
				"south": { "uv": [ 0, 0, 16, 16 ], "texture": "#particle" },
				"west": { "uv": [ 0, 0, 16, 16 ], "texture": "#particle", "rotation": 180 },
				"east": { "uv": [ 16, 0, 0, 16 ], "texture": "#particle", "rotation": 180 }
			}
		},
		{
			"__comment": "Box43",
			"from": [ 22.495, -4.53, 0.05 ],
			"to": [ 22.49716, -1.829998, 2.75 ],
			"faces": {
				"down": { "uv": [ 14, 7, 14.25, 9 ], "texture": "#particle" },
				"up": { "uv": [ 14, 7, 14.25, 9 ], "texture": "#particle" },
				"north": { "uv": [ 0, 0, 16, 16 ], "texture": "#particle" },
				"south": { "uv": [ 0, 0, 16, 16 ], "texture": "#particle" },
				"west": { "uv": [ 0, 0, 16, 16 ], "texture": "#particle", "rotation": 180 },
				"east": { "uv": [ 16, 0, 0, 16 ], "texture": "#particle", "rotation": 180 }
			}
		},
		{
			"__comment": "Box43",
			"from": [ 22.495, -2.37, 1.13 ],
			"to": [ 22.49716, 0.3300002, 3.83 ],
			"faces": {
				"down": { "uv": [ 14, 7, 14.25, 9 ], "texture": "#particle" },
				"up": { "uv": [ 14, 7, 14.25, 9 ], "texture": "#particle" },
				"north": { "uv": [ 0, 0, 16, 16 ], "texture": "#particle" },
				"south": { "uv": [ 0, 0, 16, 16 ], "texture": "#particle" },
				"west": { "uv": [ 0, 0, 16, 16 ], "texture": "#particle", "rotation": 180 },
				"east": { "uv": [ 16, 0, 0, 16 ], "texture": "#particle", "rotation": 180 }
			}
		},
		{
			"__comment": "Box43",
			"from": [ 22.495, -0.21, 2.21 ],
			"to": [ 22.49716, 2.49, 4.91 ],
			"faces": {
				"down": { "uv": [ 14, 7, 14.25, 9 ], "texture": "#particle" },
				"up": { "uv": [ 14, 7, 14.25, 9 ], "texture": "#particle" },
				"north": { "uv": [ 0, 0, 16, 16 ], "texture": "#particle" },
				"south": { "uv": [ 0, 0, 16, 16 ], "texture": "#particle" },
				"west": { "uv": [ 0, 0, 16, 16 ], "texture": "#particle", "rotation": 180 },
				"east": { "uv": [ 16, 0, 0, 16 ], "texture": "#particle", "rotation": 180 }
			}
		},
		{
			"__comment": "Box43",
			"from": [ 22.495, 1.95, 3.29 ],
			"to": [ 22.49716, 4.65, 5.99 ],
			"faces": {
				"down": { "uv": [ 14, 7, 14.25, 9 ], "texture": "#particle" },
				"up": { "uv": [ 14, 7, 14.25, 9 ], "texture": "#particle" },
				"north": { "uv": [ 0, 0, 16, 16 ], "texture": "#particle" },
				"south": { "uv": [ 0, 0, 16, 16 ], "texture": "#particle" },
				"west": { "uv": [ 0, 0, 16, 16 ], "texture": "#particle", "rotation": 180 },
				"east": { "uv": [ 16, 0, 0, 16 ], "texture": "#particle", "rotation": 180 }
			}
		},
		{
			"__comment": "Box43",
			"from": [ 22.495, 4.11, 4.37 ],
			"to": [ 22.49716, 6.81, 7.07 ],
			"faces": {
				"down": { "uv": [ 14, 7, 14.25, 9 ], "texture": "#particle" },
				"up": { "uv": [ 14, 7, 14.25, 9 ], "texture": "#particle" },
				"north": { "uv": [ 0, 0, 16, 16 ], "texture": "#particle" },
				"south": { "uv": [ 0, 0, 16, 16 ], "texture": "#particle" },
				"west": { "uv": [ 0, 0, 16, 16 ], "texture": "#particle", "rotation": 180 },
				"east": { "uv": [ 16, 0, 0, 16 ], "texture": "#particle", "rotation": 180 }
			}
		},
		{
			"__comment": "Box43",
			"from": [ 22.495, 6.27, 5.45 ],
			"to": [ 22.49716, 8.97, 8.15 ],
			"faces": {
				"down": { "uv": [ 14, 7, 14.25, 9 ], "texture": "#particle" },
				"up": { "uv": [ 14, 7, 14.25, 9 ], "texture": "#particle" },
				"north": { "uv": [ 0, 0, 16, 16 ], "texture": "#particle" },
				"south": { "uv": [ 0, 0, 16, 16 ], "texture": "#particle" },
				"west": { "uv": [ 0, 0, 16, 16 ], "texture": "#particle", "rotation": 180 },
				"east": { "uv": [ 16, 0, 0, 16 ], "texture": "#particle", "rotation": 180 }
			}
		},
		{
			"__comment": "Box43",
			"from": [ 22.36, -6.69, 0.59 ],
			"to": [ 22.36216, -5.07, 2.21 ],
			"faces": {
				"down": { "uv": [ 14, 7, 14.25, 9 ], "texture": "#particle" },
				"up": { "uv": [ 14, 7, 14.25, 9 ], "texture": "#particle" },
				"north": { "uv": [ 0, 0, 16, 16 ], "texture": "#particle" },
				"south": { "uv": [ 0, 0, 16, 16 ], "texture": "#particle" },
				"west": { "uv": [ 0, 0, 16, 16 ], "texture": "#particle", "rotation": 180 },
				"east": { "uv": [ 16, 0, 0, 16 ], "texture": "#particle", "rotation": 180 }
			}
		},
		{
			"__comment": "Box43",
			"from": [ 22.36, -5.61, 1.67 ],
			"to": [ 22.36216, -3.45, 3.83 ],
			"faces": {
				"down": { "uv": [ 14, 7, 14.25, 9 ], "texture": "#particle" },
				"up": { "uv": [ 14, 7, 14.25, 9 ], "texture": "#particle" },
				"north": { "uv": [ 0, 0, 16, 16 ], "texture": "#particle" },
				"south": { "uv": [ 0, 0, 16, 16 ], "texture": "#particle" },
				"west": { "uv": [ 0, 0, 16, 16 ], "texture": "#particle", "rotation": 180 },
				"east": { "uv": [ 16, 0, 0, 16 ], "texture": "#particle", "rotation": 180 }
			}
		},
		{
			"__comment": "Box43",
			"from": [ 22.36, -3.99, 2.75 ],
			"to": [ 22.36216, -1.83, 4.91 ],
			"faces": {
				"down": { "uv": [ 14, 7, 14.25, 9 ], "texture": "#particle" },
				"up": { "uv": [ 14, 7, 14.25, 9 ], "texture": "#particle" },
				"north": { "uv": [ 0, 0, 16, 16 ], "texture": "#particle" },
				"south": { "uv": [ 0, 0, 16, 16 ], "texture": "#particle" },
				"west": { "uv": [ 0, 0, 16, 16 ], "texture": "#particle", "rotation": 180 },
				"east": { "uv": [ 16, 0, 0, 16 ], "texture": "#particle", "rotation": 180 }
			}
		},
		{
			"__comment": "Box43",
			"from": [ 22.36, -2.37, 3.83 ],
			"to": [ 22.36216, 0.3300002, 6.53 ],
			"faces": {
				"down": { "uv": [ 14, 7, 14.25, 9 ], "texture": "#particle" },
				"up": { "uv": [ 14, 7, 14.25, 9 ], "texture": "#particle" },
				"north": { "uv": [ 0, 0, 16, 16 ], "texture": "#particle" },
				"south": { "uv": [ 0, 0, 16, 16 ], "texture": "#particle" },
				"west": { "uv": [ 0, 0, 16, 16 ], "texture": "#particle", "rotation": 180 },
				"east": { "uv": [ 16, 0, 0, 16 ], "texture": "#particle", "rotation": 180 }
			}
		},
		{
			"__comment": "Box43",
			"from": [ 22.36, -0.21, 4.91 ],
			"to": [ 22.36216, 3.03, 8.15 ],
			"faces": {
				"down": { "uv": [ 14, 7, 14.25, 9 ], "texture": "#particle" },
				"up": { "uv": [ 14, 7, 14.25, 9 ], "texture": "#particle" },
				"north": { "uv": [ 0, 0, 16, 16 ], "texture": "#particle" },
				"south": { "uv": [ 0, 0, 16, 16 ], "texture": "#particle" },
				"west": { "uv": [ 0, 0, 16, 16 ], "texture": "#particle", "rotation": 180 },
				"east": { "uv": [ 16, 0, 0, 16 ], "texture": "#particle", "rotation": 180 }
			}
		},
		{
			"__comment": "Box43",
			"from": [ 22.36, 2.49, 6.53 ],
			"to": [ 22.36216, 6.27, 10.31 ],
			"faces": {
				"down": { "uv": [ 14, 7, 14.25, 9 ], "texture": "#particle" },
				"up": { "uv": [ 14, 7, 14.25, 9 ], "texture": "#particle" },
				"north": { "uv": [ 0, 0, 16, 16 ], "texture": "#particle" },
				"south": { "uv": [ 0, 0, 16, 16 ], "texture": "#particle" },
				"west": { "uv": [ 0, 0, 16, 16 ], "texture": "#particle", "rotation": 180 },
				"east": { "uv": [ 16, 0, 0, 16 ], "texture": "#particle", "rotation": 180 }
			}
		},
		{
			"__comment": "Box1",
			"from": [ -3.56, 18.15, -5.35 ],
			"to": [ -1.94, 20.85, -2.65 ],
			"faces": {
				"down": { "uv": [ 4, 0, 12, 16 ], "texture": "#texture2" },
				"up": { "uv": [ 0, 0, 5, 5 ], "texture": "#texture2" },
				"north": { "uv": [ 0, 0, 5, 5 ], "texture": "#texture2" },
				"south": { "uv": [ 0, 0, 5, 5 ], "texture": "#texture2" },
				"west": { "uv": [ 0, 0, 5, 5 ], "texture": "#texture2" },
				"east": { "uv": [ 0, 0, 5, 5 ], "texture": "#texture2" }
			}
		},
		{
			"__comment": "Box43",
			"from": [ 1.84, 14.37, 4.235 ],
			"to": [ 5.08, 17.61, 4.23716 ],
			"faces": {
				"down": { "uv": [ 14, 7, 14.25, 9 ], "texture": "#particle", "rotation": 90 },
				"up": { "uv": [ 14, 7, 14.25, 9 ], "texture": "#particle", "rotation": 270 },
				"north": { "uv": [ 16, 0, 0, 16 ], "texture": "#particle", "rotation": 180 },
				"south": { "uv": [ 0, 0, 16, 16 ], "texture": "#particle", "rotation": 180 },
				"west": { "uv": [ 0, 0, 16, 16 ], "texture": "#particle" },
				"east": { "uv": [ 0, 0, 16, 16 ], "texture": "#particle" }
			}
		},
		{
			"__comment": "Box43",
			"from": [ 3.46, 17.07, 4.235 ],
			"to": [ 6.7, 20.31, 4.23716 ],
			"faces": {
				"down": { "uv": [ 14, 7, 14.25, 9 ], "texture": "#particle", "rotation": 90 },
				"up": { "uv": [ 14, 7, 14.25, 9 ], "texture": "#particle", "rotation": 270 },
				"north": { "uv": [ 16, 0, 0, 16 ], "texture": "#particle", "rotation": 180 },
				"south": { "uv": [ 0, 0, 16, 16 ], "texture": "#particle", "rotation": 180 },
				"west": { "uv": [ 0, 0, 16, 16 ], "texture": "#particle" },
				"east": { "uv": [ 0, 0, 16, 16 ], "texture": "#particle" }
			}
		},
		{
			"__comment": "Box43",
			"from": [ 5.08, 19.77, 4.235 ],
			"to": [ 8.32, 23.01, 4.23716 ],
			"faces": {
				"down": { "uv": [ 14, 7, 14.25, 9 ], "texture": "#particle", "rotation": 90 },
				"up": { "uv": [ 14, 7, 14.25, 9 ], "texture": "#particle", "rotation": 270 },
				"north": { "uv": [ 16, 0, 0, 16 ], "texture": "#particle", "rotation": 180 },
				"south": { "uv": [ 0, 0, 16, 16 ], "texture": "#particle", "rotation": 180 },
				"west": { "uv": [ 0, 0, 16, 16 ], "texture": "#particle" },
				"east": { "uv": [ 0, 0, 16, 16 ], "texture": "#particle" }
			}
		},
		{
			"__comment": "Box43",
			"from": [ 6.16, 22.47, 4.235 ],
			"to": [ 9.4, 25.71, 4.23716 ],
			"faces": {
				"down": { "uv": [ 14, 7, 14.25, 9 ], "texture": "#particle", "rotation": 90 },
				"up": { "uv": [ 14, 7, 14.25, 9 ], "texture": "#particle", "rotation": 270 },
				"north": { "uv": [ 16, 0, 0, 16 ], "texture": "#particle", "rotation": 180 },
				"south": { "uv": [ 0, 0, 16, 16 ], "texture": "#particle", "rotation": 180 },
				"west": { "uv": [ 0, 0, 16, 16 ], "texture": "#particle" },
				"east": { "uv": [ 0, 0, 16, 16 ], "texture": "#particle" }
			}
		},
		{
			"__comment": "Box43",
			"from": [ 3.46, 23.55, 4.37 ],
			"to": [ 6.7, 26.79, 4.37216 ],
			"faces": {
				"down": { "uv": [ 14, 7, 14.25, 9 ], "texture": "#particle", "rotation": 90 },
				"up": { "uv": [ 14, 7, 14.25, 9 ], "texture": "#particle", "rotation": 270 },
				"north": { "uv": [ 16, 0, 0, 16 ], "texture": "#particle", "rotation": 180 },
				"south": { "uv": [ 0, 0, 16, 16 ], "texture": "#particle", "rotation": 180 },
				"west": { "uv": [ 0, 0, 16, 16 ], "texture": "#particle" },
				"east": { "uv": [ 0, 0, 16, 16 ], "texture": "#particle" }
			}
		},
		{
			"__comment": "Box43",
			"from": [ 2.38, 20.31, 4.37 ],
			"to": [ 5.62, 23.55, 4.37216 ],
			"faces": {
				"down": { "uv": [ 14, 7, 14.25, 9 ], "texture": "#particle", "rotation": 90 },
				"up": { "uv": [ 14, 7, 14.25, 9 ], "texture": "#particle", "rotation": 270 },
				"north": { "uv": [ 16, 0, 0, 16 ], "texture": "#particle", "rotation": 180 },
				"south": { "uv": [ 0, 0, 16, 16 ], "texture": "#particle", "rotation": 180 },
				"west": { "uv": [ 0, 0, 16, 16 ], "texture": "#particle" },
				"east": { "uv": [ 0, 0, 16, 16 ], "texture": "#particle" }
			}
		},
		{
			"__comment": "Box43",
			"from": [ 0.76, 17.61, 4.37 ],
			"to": [ 4, 20.85, 4.37216 ],
			"faces": {
				"down": { "uv": [ 14, 7, 14.25, 9 ], "texture": "#particle", "rotation": 90 },
				"up": { "uv": [ 14, 7, 14.25, 9 ], "texture": "#particle", "rotation": 270 },
				"north": { "uv": [ 16, 0, 0, 16 ], "texture": "#particle", "rotation": 180 },
				"south": { "uv": [ 0, 0, 16, 16 ], "texture": "#particle", "rotation": 180 },
				"west": { "uv": [ 0, 0, 16, 16 ], "texture": "#particle" },
				"east": { "uv": [ 0, 0, 16, 16 ], "texture": "#particle" }
			}
		},
		{
			"__comment": "Box43",
			"from": [ -0.86, 14.37, 4.37 ],
			"to": [ 2.38, 17.61, 4.37216 ],
			"faces": {
				"down": { "uv": [ 14, 7, 14.25, 9 ], "texture": "#particle", "rotation": 90 },
				"up": { "uv": [ 14, 7, 14.25, 9 ], "texture": "#particle", "rotation": 270 },
				"north": { "uv": [ 16, 0, 0, 16 ], "texture": "#particle", "rotation": 180 },
				"south": { "uv": [ 0, 0, 16, 16 ], "texture": "#particle", "rotation": 180 },
				"west": { "uv": [ 0, 0, 16, 16 ], "texture": "#particle" },
				"east": { "uv": [ 0, 0, 16, 16 ], "texture": "#particle" }
			}
		},
		{
			"__comment": "Box43",
			"from": [ 8.32, 20.85, 4.37 ],
			"to": [ 11.56, 24.09, 4.37216 ],
			"faces": {
				"down": { "uv": [ 14, 7, 14.25, 9 ], "texture": "#particle", "rotation": 90 },
				"up": { "uv": [ 14, 7, 14.25, 9 ], "texture": "#particle", "rotation": 270 },
				"north": { "uv": [ 16, 0, 0, 16 ], "texture": "#particle", "rotation": 180 },
				"south": { "uv": [ 0, 0, 16, 16 ], "texture": "#particle", "rotation": 180 },
				"west": { "uv": [ 0, 0, 16, 16 ], "texture": "#particle" },
				"east": { "uv": [ 0, 0, 16, 16 ], "texture": "#particle" }
			}
		},
		{
			"__comment": "Box43",
			"from": [ 6.7, 17.07, 4.37 ],
			"to": [ 9.940001, 20.31, 4.37216 ],
			"faces": {
				"down": { "uv": [ 14, 7, 14.25, 9 ], "texture": "#particle", "rotation": 90 },
				"up": { "uv": [ 14, 7, 14.25, 9 ], "texture": "#particle", "rotation": 270 },
				"north": { "uv": [ 16, 0, 0, 16 ], "texture": "#particle", "rotation": 180 },
				"south": { "uv": [ 0, 0, 16, 16 ], "texture": "#particle", "rotation": 180 },
				"west": { "uv": [ 0, 0, 16, 16 ], "texture": "#particle" },
				"east": { "uv": [ 0, 0, 16, 16 ], "texture": "#particle" }
			}
		},
		{
			"__comment": "Box43",
			"from": [ -0.4572, 23.145, -2.65 ],
			"to": [ -0.4550399, 26.385, 0.5900009 ],
			"faces": {
				"down": { "uv": [ 14, 7, 14.25, 9 ], "texture": "#particle" },
				"up": { "uv": [ 14, 7, 14.25, 9 ], "texture": "#particle" },
				"north": { "uv": [ 0, 0, 16, 16 ], "texture": "#particle" },
				"south": { "uv": [ 0, 0, 16, 16 ], "texture": "#particle" },
				"west": { "uv": [ 0, 0, 16, 16 ], "texture": "#particle", "rotation": 180 },
				"east": { "uv": [ 16, 0, 0, 16 ], "texture": "#particle", "rotation": 180 }
			}
		},
		{
			"__comment": "Box43",
			"from": [ -0.455, 23.145, -6.43 ],
			"to": [ -0.4528399, 26.385, -3.19 ],
			"faces": {
				"down": { "uv": [ 14, 7, 14.25, 9 ], "texture": "#particle", "rotation": 180 },
				"up": { "uv": [ 14, 7, 14.25, 9 ], "texture": "#particle", "rotation": 180 },
				"north": { "uv": [ 0, 0, 16, 16 ], "texture": "#particle" },
				"south": { "uv": [ 0, 0, 16, 16 ], "texture": "#particle" },
				"west": { "uv": [ 16, 0, 0, 16 ], "texture": "#particle", "rotation": 180 },
				"east": { "uv": [ 0, 0, 16, 16 ], "texture": "#particle", "rotation": 180 }
			}
		},
		{
			"__comment": "Box1",
			"from": [ -3.56, 18.15, -2.65 ],
			"to": [ -1.94, 20.85, 0.05000067 ],
			"faces": {
				"down": { "uv": [ 12, 16, 4, 0 ], "texture": "#texture2" },
				"up": { "uv": [ 0, 0, 5, 5 ], "texture": "#texture2" },
				"north": { "uv": [ 0, 0, 5, 5 ], "texture": "#texture2" },
				"south": { "uv": [ 0, 0, 5, 5 ], "texture": "#texture2" },
				"west": { "uv": [ 0, 0, 5, 5 ], "texture": "#texture2" },
				"east": { "uv": [ 0, 0, 5, 5 ], "texture": "#texture2" }
			}
		},
		{
			"__comment": "Box1",
			"from": [ -2.885, 19.23, -3.73 ],
			"to": [ 1.435, 20.85, -1.57 ],
			"rotation": { "origin": [ -2.885001, 19.23, -3.73 ], "axis": "z", "angle": 22.5 },
			"faces": {
				"down": { "uv": [ 4, 0, 12, 16 ], "texture": "#texture2" },
				"up": { "uv": [ 8.5, 0.375, 10.5, 5 ], "texture": "#texture2", "rotation": 90 },
				"north": { "uv": [ 0, 0, 5, 5 ], "texture": "#texture2" },
				"south": { "uv": [ 0, 0, 5, 5 ], "texture": "#texture2" },
				"west": { "uv": [ 0, 0, 5, 5 ], "texture": "#texture2" },
				"east": { "uv": [ 0, 0, 5, 5 ], "texture": "#texture2" }
			}
		},
		{
			"__comment": "Box43",
			"from": [ -0.32, 14.37, -9.13 ],
			"to": [ 2.92, 17.61, -9.12784 ],
			"faces": {
				"down": { "uv": [ 14, 7, 14.25, 9 ], "texture": "#particle", "rotation": 90 },
				"up": { "uv": [ 14, 7, 14.25, 9 ], "texture": "#particle", "rotation": 270 },
				"north": { "uv": [ 16, 0, 0, 16 ], "texture": "#particle", "rotation": 180 },
				"south": { "uv": [ 0, 0, 16, 16 ], "texture": "#particle", "rotation": 180 },
				"west": { "uv": [ 0, 0, 16, 16 ], "texture": "#particle" },
				"east": { "uv": [ 0, 0, 16, 16 ], "texture": "#particle" }
			}
		},
		{
			"__comment": "Box43",
			"from": [ 2.38, 14.37, -9.264999 ],
			"to": [ 5.62, 17.61, -9.262839 ],
			"faces": {
				"down": { "uv": [ 14, 7, 14.25, 9 ], "texture": "#particle", "rotation": 90 },
				"up": { "uv": [ 14, 7, 14.25, 9 ], "texture": "#particle", "rotation": 270 },
				"north": { "uv": [ 16, 0, 0, 16 ], "texture": "#particle", "rotation": 180 },
				"south": { "uv": [ 0, 0, 16, 16 ], "texture": "#particle", "rotation": 180 },
				"west": { "uv": [ 0, 0, 16, 16 ], "texture": "#particle" },
				"east": { "uv": [ 0, 0, 16, 16 ], "texture": "#particle" }
			}
		},
		{
			"__comment": "Box43",
			"from": [ 1.3, 17.61, -9.13 ],
			"to": [ 4.54, 20.85, -9.12784 ],
			"faces": {
				"down": { "uv": [ 14, 7, 14.25, 9 ], "texture": "#particle", "rotation": 90 },
				"up": { "uv": [ 14, 7, 14.25, 9 ], "texture": "#particle", "rotation": 270 },
				"north": { "uv": [ 16, 0, 0, 16 ], "texture": "#particle", "rotation": 180 },
				"south": { "uv": [ 0, 0, 16, 16 ], "texture": "#particle", "rotation": 180 },
				"west": { "uv": [ 0, 0, 16, 16 ], "texture": "#particle" },
				"east": { "uv": [ 0, 0, 16, 16 ], "texture": "#particle" }
			}
		},
		{
			"__comment": "Box43",
			"from": [ 4, 17.07, -9.264999 ],
			"to": [ 7.24, 20.31, -9.262839 ],
			"faces": {
				"down": { "uv": [ 14, 7, 14.25, 9 ], "texture": "#particle", "rotation": 90 },
				"up": { "uv": [ 14, 7, 14.25, 9 ], "texture": "#particle", "rotation": 270 },
				"north": { "uv": [ 16, 0, 0, 16 ], "texture": "#particle", "rotation": 180 },
				"south": { "uv": [ 0, 0, 16, 16 ], "texture": "#particle", "rotation": 180 },
				"west": { "uv": [ 0, 0, 16, 16 ], "texture": "#particle" },
				"east": { "uv": [ 0, 0, 16, 16 ], "texture": "#particle" }
			}
		},
		{
			"__comment": "Box43",
			"from": [ 2.92, 20.31, -9.13 ],
			"to": [ 6.16, 23.55, -9.12784 ],
			"faces": {
				"down": { "uv": [ 14, 7, 14.25, 9 ], "texture": "#particle", "rotation": 90 },
				"up": { "uv": [ 14, 7, 14.25, 9 ], "texture": "#particle", "rotation": 270 },
				"north": { "uv": [ 16, 0, 0, 16 ], "texture": "#particle", "rotation": 180 },
				"south": { "uv": [ 0, 0, 16, 16 ], "texture": "#particle", "rotation": 180 },
				"west": { "uv": [ 0, 0, 16, 16 ], "texture": "#particle" },
				"east": { "uv": [ 0, 0, 16, 16 ], "texture": "#particle" }
			}
		},
		{
			"__comment": "Box43",
			"from": [ 5.62, 19.77, -9.264999 ],
			"to": [ 8.860001, 23.01, -9.262839 ],
			"faces": {
				"down": { "uv": [ 14, 7, 14.25, 9 ], "texture": "#particle", "rotation": 90 },
				"up": { "uv": [ 14, 7, 14.25, 9 ], "texture": "#particle", "rotation": 270 },
				"north": { "uv": [ 16, 0, 0, 16 ], "texture": "#particle", "rotation": 180 },
				"south": { "uv": [ 0, 0, 16, 16 ], "texture": "#particle", "rotation": 180 },
				"west": { "uv": [ 0, 0, 16, 16 ], "texture": "#particle" },
				"east": { "uv": [ 0, 0, 16, 16 ], "texture": "#particle" }
			}
		},
		{
			"__comment": "Box43",
			"from": [ 4, 23.55, -9.13 ],
			"to": [ 7.24, 26.79, -9.12784 ],
			"faces": {
				"down": { "uv": [ 14, 7, 14.25, 9 ], "texture": "#particle", "rotation": 90 },
				"up": { "uv": [ 14, 7, 14.25, 9 ], "texture": "#particle", "rotation": 270 },
				"north": { "uv": [ 16, 0, 0, 16 ], "texture": "#particle", "rotation": 180 },
				"south": { "uv": [ 0, 0, 16, 16 ], "texture": "#particle", "rotation": 180 },
				"west": { "uv": [ 0, 0, 16, 16 ], "texture": "#particle" },
				"east": { "uv": [ 0, 0, 16, 16 ], "texture": "#particle" }
			}
		},
		{
			"__comment": "Box43",
			"from": [ 6.7, 22.47, -9.264999 ],
			"to": [ 9.940001, 25.71, -9.262839 ],
			"faces": {
				"down": { "uv": [ 14, 7, 14.25, 9 ], "texture": "#particle", "rotation": 90 },
				"up": { "uv": [ 14, 7, 14.25, 9 ], "texture": "#particle", "rotation": 270 },
				"north": { "uv": [ 16, 0, 0, 16 ], "texture": "#particle", "rotation": 180 },
				"south": { "uv": [ 0, 0, 16, 16 ], "texture": "#particle", "rotation": 180 },
				"west": { "uv": [ 0, 0, 16, 16 ], "texture": "#particle" },
				"east": { "uv": [ 0, 0, 16, 16 ], "texture": "#particle" }
			}
		},
		{
			"__comment": "Box43",
			"from": [ 8.86, 20.85, -9.13 ],
			"to": [ 12.1, 24.09, -9.12784 ],
			"faces": {
				"down": { "uv": [ 14, 7, 14.25, 9 ], "texture": "#particle", "rotation": 90 },
				"up": { "uv": [ 14, 7, 14.25, 9 ], "texture": "#particle", "rotation": 270 },
				"north": { "uv": [ 16, 0, 0, 16 ], "texture": "#particle", "rotation": 180 },
				"south": { "uv": [ 0, 0, 16, 16 ], "texture": "#particle", "rotation": 180 },
				"west": { "uv": [ 0, 0, 16, 16 ], "texture": "#particle" },
				"east": { "uv": [ 0, 0, 16, 16 ], "texture": "#particle" }
			}
		},
		{
			"__comment": "Box43",
			"from": [ 7.24, 17.07, -9.13 ],
			"to": [ 10.48, 20.31, -9.12784 ],
			"faces": {
				"down": { "uv": [ 14, 7, 14.25, 9 ], "texture": "#particle", "rotation": 90 },
				"up": { "uv": [ 14, 7, 14.25, 9 ], "texture": "#particle", "rotation": 270 },
				"north": { "uv": [ 16, 0, 0, 16 ], "texture": "#particle", "rotation": 180 },
				"south": { "uv": [ 0, 0, 16, 16 ], "texture": "#particle", "rotation": 180 },
				"west": { "uv": [ 0, 0, 16, 16 ], "texture": "#particle" },
				"east": { "uv": [ 0, 0, 16, 16 ], "texture": "#particle" }
			}
		},
		{
			"__comment": "Box1",
			"from": [ -0.59, 20.85, -5.08 ],
			"to": [ -0.32, 22.2, -4.405 ],
			"faces": {
				"down": { "uv": [ 5, 5, 0, 0 ], "texture": "#texture2", "rotation": 90 },
				"up": { "uv": [ 0, 0, 5, 5 ], "texture": "#texture2", "rotation": 270 },
				"north": { "uv": [ 8.5, 5.125, 9.75, 2.75 ], "texture": "#texture2", "rotation": 180 },
				"south": { "uv": [ 8.5, 5.125, 9.75, 2.75 ], "texture": "#texture2", "rotation": 180 },
				"west": { "uv": [ 8.5, 5.125, 9.75, 2.75 ], "texture": "#texture2", "rotation": 180 },
				"east": { "uv": [ 8.5, 5.125, 9.75, 2.75 ], "texture": "#texture2", "rotation": 180 }
			}
		},
		{
			"__comment": "Box1",
			"from": [ -0.725, 20.85, -7.24 ],
			"to": [ -0.3199998, 23.01, -5.08 ],
			"faces": {
				"down": { "uv": [ 11.625, 2.75, 14, 5.125 ], "texture": "#texture2", "rotation": 270 },
				"up": { "uv": [ 11.625, 2.75, 14, 5.125 ], "texture": "#texture2", "rotation": 270 },
				"north": { "uv": [ 11.625, 2.75, 14, 5.125 ], "texture": "#texture2", "rotation": 270 },
				"south": { "uv": [ 11.625, 2.75, 14, 5.125 ], "texture": "#texture2", "rotation": 270 },
				"west": { "uv": [ 11.625, 2.75, 14, 5.125 ], "texture": "#texture2", "rotation": 270 },
				"east": { "uv": [ 11.625, 2.75, 14, 5.125 ], "texture": "#texture2", "rotation": 270 }
			}
		},
		{
			"__comment": "Box1",
			"from": [ -0.59, 20.85, -8.05 ],
			"to": [ -0.32, 23.955, -7.24 ],
			"faces": {
				"down": { "uv": [ 8.5, 5.125, 10.5, 0 ], "texture": "#texture2", "rotation": 90 },
				"up": { "uv": [ 8.5, 5.125, 10.5, 0 ], "texture": "#texture2", "rotation": 90 },
				"north": { "uv": [ 8.5, 5.125, 9.875, 0 ], "texture": "#texture2", "rotation": 180 },
				"south": { "uv": [ 8.5, 5.125, 9.875, 0 ], "texture": "#texture2", "rotation": 180 },
				"west": { "uv": [ 8.5, 5.125, 9.875, 0 ], "texture": "#texture2", "rotation": 180 },
				"east": { "uv": [ 8.5, 5.125, 9.875, 0 ], "texture": "#texture2", "rotation": 180 }
			}
		},
		{
			"__comment": "Box1",
			"from": [ -0.725, 20.85, -0.895 ],
			"to": [ -0.455, 22.2, -0.22 ],
			"faces": {
				"down": { "uv": [ 5, 5, 0, 0 ], "texture": "#texture2", "rotation": 270 },
				"up": { "uv": [ 0, 0, 5, 5 ], "texture": "#texture2", "rotation": 90 },
				"north": { "uv": [ 8.5, 5.125, 9.75, 2.75 ], "texture": "#texture2", "rotation": 180 },
				"south": { "uv": [ 8.5, 5.125, 9.75, 2.75 ], "texture": "#texture2", "rotation": 180 },
				"west": { "uv": [ 8.5, 5.125, 9.75, 2.75 ], "texture": "#texture2", "rotation": 180 },
				"east": { "uv": [ 8.5, 5.125, 9.75, 2.75 ], "texture": "#texture2", "rotation": 180 }
			}
		},
		{
			"__comment": "Box1",
			"from": [ -0.725, 20.85, -0.22 ],
			"to": [ -0.3199998, 23.01, 1.94 ],
			"faces": {
				"down": { "uv": [ 11.625, 2.75, 14, 5.125 ], "texture": "#texture2", "rotation": 90 },
				"up": { "uv": [ 11.625, 2.75, 14, 5.125 ], "texture": "#texture2", "rotation": 90 },
				"north": { "uv": [ 11.625, 2.75, 14, 5.125 ], "texture": "#texture2", "rotation": 270 },
				"south": { "uv": [ 11.625, 2.75, 14, 5.125 ], "texture": "#texture2", "rotation": 270 },
				"west": { "uv": [ 11.625, 2.75, 14, 5.125 ], "texture": "#texture2", "rotation": 270 },
				"east": { "uv": [ 11.625, 2.75, 14, 5.125 ], "texture": "#texture2", "rotation": 270 }
			}
		},
		{
			"__comment": "Box1",
			"from": [ -0.725, 20.85, 1.94 ],
			"to": [ -0.455, 23.955, 2.75 ],
			"faces": {
				"down": { "uv": [ 8.5, 5.125, 10.5, 0 ], "texture": "#texture2", "rotation": 270 },
				"up": { "uv": [ 8.5, 5.125, 10.5, 0 ], "texture": "#texture2", "rotation": 270 },
				"north": { "uv": [ 8.5, 5.125, 9.875, 0 ], "texture": "#texture2", "rotation": 180 },
				"south": { "uv": [ 8.5, 5.125, 9.875, 0 ], "texture": "#texture2", "rotation": 180 },
				"west": { "uv": [ 8.5, 5.125, 9.875, 0 ], "texture": "#texture2", "rotation": 180 },
				"east": { "uv": [ 8.5, 5.125, 9.875, 0 ], "texture": "#texture2", "rotation": 180 }
			}
		},
		{
			"__comment": "Box1",
			"from": [ 0.76, 26.925, -7.51 ],
			"to": [ 10.75, 27.87, 2.210001 ],
			"faces": {
				"down": { "uv": [ 4, 0, 12, 16 ], "texture": "#texture1" },
				"up": { "uv": [ 4, 0, 12, 16 ], "texture": "#texture1" },
				"north": { "uv": [ 4, 4, 12, 12.5 ], "texture": "#texture1" },
				"south": { "uv": [ 4, 4, 12, 12.5 ], "texture": "#texture1" },
				"west": { "uv": [ 0, 4, 16, 12.5 ], "texture": "#texture1" },
				"east": { "uv": [ 0, 4, 16, 12.5 ], "texture": "#texture1" }
			}
		},
		{
			"__comment": "Box1",
			"from": [ 1.57, 27.87, -6.43 ],
			"to": [ 9.805, 28.41, 1.130001 ],
			"faces": {
				"down": { "uv": [ 4, 0, 12, 16 ], "texture": "#texture1" },
				"up": { "uv": [ 4, 0, 12, 16 ], "texture": "#texture1" },
				"north": { "uv": [ 4, 4, 12, 12.5 ], "texture": "#texture1" },
				"south": { "uv": [ 4, 4, 12, 12.5 ], "texture": "#texture1" },
				"west": { "uv": [ 0, 4, 16, 12.5 ], "texture": "#texture1" },
				"east": { "uv": [ 0, 4, 16, 12.5 ], "texture": "#texture1" }
			}
		},
		{
			"__comment": "Box43",
			"from": [ 7.78, 8.969999, 17.33 ],
			"to": [ 11.29, 8.972159, 20.84 ],
			"rotation": { "origin": [ 11.29, 8.97, 17.33 ], "axis": "x", "angle": 22.5 },
			"faces": {
				"down": { "uv": [ 16, 0, 0, 16 ], "texture": "#particle", "rotation": 180 },
				"up": { "uv": [ 16, 16, 0, 0 ], "texture": "#particle", "rotation": 180 },
				"north": { "uv": [ 14.25, 9, 14, 7 ], "texture": "#particle", "rotation": 270 },
				"south": { "uv": [ 14, 7, 14.25, 9 ], "texture": "#particle", "rotation": 90 },
				"west": { "uv": [ 16, 16, 0, 0 ], "texture": "#particle", "rotation": 270 },
				"east": { "uv": [ 16, 16, 0, 0 ], "texture": "#particle", "rotation": 90 }
			}
		},
		{
			"__comment": "Box43",
			"from": [ 7.78, 6.54, 23.27 ],
			"to": [ 11.29, 6.54216, 26.78 ],
			"rotation": { "origin": [ 11.29, 6.54, 23.27 ], "axis": "x", "angle": 22.5 },
			"faces": {
				"down": { "uv": [ 16, 0, 0, 16 ], "texture": "#particle", "rotation": 180 },
				"up": { "uv": [ 16, 16, 0, 0 ], "texture": "#particle", "rotation": 180 },
				"north": { "uv": [ 14.25, 9, 14, 7 ], "texture": "#particle", "rotation": 270 },
				"south": { "uv": [ 14, 7, 14.25, 9 ], "texture": "#particle", "rotation": 90 },
				"west": { "uv": [ 16, 16, 0, 0 ], "texture": "#particle", "rotation": 270 },
				"east": { "uv": [ 16, 16, 0, 0 ], "texture": "#particle", "rotation": 90 }
			}
		},
		{
			"__comment": "Box43",
			"from": [ 7.78, 7.755, 20.57 ],
			"to": [ 11.29, 7.75716, 24.08 ],
			"rotation": { "origin": [ 11.29, 7.755, 20.57 ], "axis": "x", "angle": 22.5 },
			"faces": {
				"down": { "uv": [ 16, 0, 0, 16 ], "texture": "#particle", "rotation": 180 },
				"up": { "uv": [ 16, 16, 0, 0 ], "texture": "#particle", "rotation": 180 },
				"north": { "uv": [ 14.25, 9, 14, 7 ], "texture": "#particle", "rotation": 270 },
				"south": { "uv": [ 14, 7, 14.25, 9 ], "texture": "#particle", "rotation": 90 },
				"west": { "uv": [ 16, 16, 0, 0 ], "texture": "#particle", "rotation": 270 },
				"east": { "uv": [ 16, 16, 0, 0 ], "texture": "#particle", "rotation": 90 }
			}
		},
		{
			"__comment": "Box43",
			"from": [ 7.78, 5.46, 25.97 ],
			"to": [ 11.29, 5.46216, 29.48 ],
			"rotation": { "origin": [ 11.29, 5.46, 25.97 ], "axis": "x", "angle": 45 },
			"faces": {
				"down": { "uv": [ 16, 0, 0, 16 ], "texture": "#particle", "rotation": 180 },
				"up": { "uv": [ 16, 16, 0, 0 ], "texture": "#particle", "rotation": 180 },
				"north": { "uv": [ 14.25, 9, 14, 7 ], "texture": "#particle", "rotation": 270 },
				"south": { "uv": [ 14, 7, 14.25, 9 ], "texture": "#particle", "rotation": 90 },
				"west": { "uv": [ 16, 16, 0, 0 ], "texture": "#particle", "rotation": 270 },
				"east": { "uv": [ 16, 16, 0, 0 ], "texture": "#particle", "rotation": 90 }
			}
		},
		{
			"__comment": "Box43",
			"from": [ 7.78, -0.21, 28.265 ],
			"to": [ 11.29, 3.3, 28.26716 ],
			"faces": {
				"down": { "uv": [ 14, 7, 14.25, 9 ], "texture": "#particle", "rotation": 90 },
				"up": { "uv": [ 14, 7, 14.25, 9 ], "texture": "#particle", "rotation": 270 },
				"north": { "uv": [ 0, 16, 16, 0 ], "texture": "#particle", "rotation": 180 },
				"south": { "uv": [ 16, 16, 0, 0 ], "texture": "#particle", "rotation": 180 },
				"west": { "uv": [ 16, 16, 0, 0 ], "texture": "#particle" },
				"east": { "uv": [ 16, 16, 0, 0 ], "texture": "#particle" }
			}
		},
		{
			"__comment": "Box43",
			"from": [ 7.78, -3.72, 28.265 ],
			"to": [ 11.29, -0.2099988, 28.26716 ],
			"faces": {
				"down": { "uv": [ 14, 7, 14.25, 9 ], "texture": "#particle", "rotation": 90 },
				"up": { "uv": [ 14, 7, 14.25, 9 ], "texture": "#particle", "rotation": 270 },
				"north": { "uv": [ 0, 16, 16, 0 ], "texture": "#particle", "rotation": 180 },
				"south": { "uv": [ 16, 16, 0, 0 ], "texture": "#particle", "rotation": 180 },
				"west": { "uv": [ 16, 16, 0, 0 ], "texture": "#particle" },
				"east": { "uv": [ 16, 16, 0, 0 ], "texture": "#particle" }
			}
		},
		{
			"__comment": "Box43",
			"from": [ 7.78, -6.96, 28.265 ],
			"to": [ 11.29, -3.45, 28.26716 ],
			"faces": {
				"down": { "uv": [ 14, 7, 14.25, 9 ], "texture": "#particle", "rotation": 90 },
				"up": { "uv": [ 14, 7, 14.25, 9 ], "texture": "#particle", "rotation": 270 },
				"north": { "uv": [ 0, 16, 16, 0 ], "texture": "#particle", "rotation": 180 },
				"south": { "uv": [ 16, 16, 0, 0 ], "texture": "#particle", "rotation": 180 },
				"west": { "uv": [ 16, 16, 0, 0 ], "texture": "#particle" },
				"east": { "uv": [ 16, 16, 0, 0 ], "texture": "#particle" }
			}
		},
		{
			"__comment": "Box43",
			"from": [ 14.125, -0.21, 28.3978 ],
			"to": [ 17.635, 3.3, 28.39996 ],
			"faces": {
				"down": { "uv": [ 14, 7, 14.25, 9 ], "texture": "#particle", "rotation": 270 },
				"up": { "uv": [ 14, 7, 14.25, 9 ], "texture": "#particle", "rotation": 90 },
				"north": { "uv": [ 16, 16, 0, 0 ], "texture": "#particle", "rotation": 180 },
				"south": { "uv": [ 0, 16, 16, 0 ], "texture": "#particle", "rotation": 180 },
				"west": { "uv": [ 16, 16, 0, 0 ], "texture": "#particle" },
				"east": { "uv": [ 16, 16, 0, 0 ], "texture": "#particle" }
			}
		},
		{
			"__comment": "Box43",
			"from": [ 14.125, -3.72, 28.3978 ],
			"to": [ 17.635, -0.2099988, 28.39996 ],
			"faces": {
				"down": { "uv": [ 14, 7, 14.25, 9 ], "texture": "#particle", "rotation": 270 },
				"up": { "uv": [ 14, 7, 14.25, 9 ], "texture": "#particle", "rotation": 90 },
				"north": { "uv": [ 16, 16, 0, 0 ], "texture": "#particle", "rotation": 180 },
				"south": { "uv": [ 0, 16, 16, 0 ], "texture": "#particle", "rotation": 180 },
				"west": { "uv": [ 16, 16, 0, 0 ], "texture": "#particle" },
				"east": { "uv": [ 16, 16, 0, 0 ], "texture": "#particle" }
			}
		},
		{
			"__comment": "Box43",
			"from": [ 14.125, -6.96, 28.3978 ],
			"to": [ 17.635, -3.45, 28.39996 ],
			"faces": {
				"down": { "uv": [ 14, 7, 14.25, 9 ], "texture": "#particle", "rotation": 270 },
				"up": { "uv": [ 14, 7, 14.25, 9 ], "texture": "#particle", "rotation": 90 },
				"north": { "uv": [ 16, 16, 0, 0 ], "texture": "#particle", "rotation": 180 },
				"south": { "uv": [ 0, 16, 16, 0 ], "texture": "#particle", "rotation": 180 },
				"west": { "uv": [ 16, 16, 0, 0 ], "texture": "#particle" },
				"east": { "uv": [ 16, 16, 0, 0 ], "texture": "#particle" }
			}
		},
		{
			"__comment": "Box43",
			"from": [ 14.395, 6.5378, 23.405 ],
			"to": [ 17.905, 6.53996, 26.915 ],
			"rotation": { "origin": [ 14.395, 6.54, 23.405 ], "axis": "x", "angle": 22.5 },
			"faces": {
				"down": { "uv": [ 16, 16, 0, 0 ], "texture": "#particle" },
				"up": { "uv": [ 16, 0, 0, 16 ], "texture": "#particle" },
				"north": { "uv": [ 14, 7, 14.25, 9 ], "texture": "#particle", "rotation": 270 },
				"south": { "uv": [ 14.25, 9, 14, 7 ], "texture": "#particle", "rotation": 90 },
				"west": { "uv": [ 16, 16, 0, 0 ], "texture": "#particle", "rotation": 270 },
				"east": { "uv": [ 16, 16, 0, 0 ], "texture": "#particle", "rotation": 90 }
			}
		},
		{
			"__comment": "Box43",
			"from": [ 14.395, 6.4486, 20.4456 ],
			"to": [ 17.905, 6.450761, 23.9556 ],
			"rotation": { "origin": [ 14.395, 6.54, 23.405 ], "axis": "x", "angle": 22.5 },
			"faces": {
				"down": { "uv": [ 16, 16, 0, 0 ], "texture": "#particle" },
				"up": { "uv": [ 16, 0, 0, 16 ], "texture": "#particle" },
				"north": { "uv": [ 14, 7, 14.25, 9 ], "texture": "#particle", "rotation": 270 },
				"south": { "uv": [ 14.25, 9, 14, 7 ], "texture": "#particle", "rotation": 90 },
				"west": { "uv": [ 16, 16, 0, 0 ], "texture": "#particle", "rotation": 270 },
				"east": { "uv": [ 16, 16, 0, 0 ], "texture": "#particle", "rotation": 90 }
			}
		},
		{
			"__comment": "Box43",
			"from": [ 14.395, 6.5659, 16.9872 ],
			"to": [ 17.905, 6.56806, 20.4972 ],
			"rotation": { "origin": [ 14.395, 6.54, 23.405 ], "axis": "x", "angle": 22.5 },
			"faces": {
				"down": { "uv": [ 16, 16, 0, 0 ], "texture": "#particle" },
				"up": { "uv": [ 16, 0, 0, 16 ], "texture": "#particle" },
				"north": { "uv": [ 14, 7, 14.25, 9 ], "texture": "#particle", "rotation": 270 },
				"south": { "uv": [ 14.25, 9, 14, 7 ], "texture": "#particle", "rotation": 90 },
				"west": { "uv": [ 16, 16, 0, 0 ], "texture": "#particle", "rotation": 270 },
				"east": { "uv": [ 16, 16, 0, 0 ], "texture": "#particle", "rotation": 90 }
			}
		},
		{
			"__comment": "Box43",
			"from": [ 14.395, 5.4578, 26.375 ],
			"to": [ 17.905, 5.45996, 29.885 ],
			"rotation": { "origin": [ 14.395, 5.46, 26.375 ], "axis": "x", "angle": 45 },
			"faces": {
				"down": { "uv": [ 16, 16, 0, 0 ], "texture": "#particle" },
				"up": { "uv": [ 16, 0, 0, 16 ], "texture": "#particle" },
				"north": { "uv": [ 14, 7, 14.25, 9 ], "texture": "#particle", "rotation": 270 },
				"south": { "uv": [ 14.25, 9, 14, 7 ], "texture": "#particle", "rotation": 90 },
				"west": { "uv": [ 16, 16, 0, 0 ], "texture": "#particle", "rotation": 270 },
				"east": { "uv": [ 16, 16, 0, 0 ], "texture": "#particle", "rotation": 90 }
			}
		},
		{
			"__comment": "Box1",
			"from": [ 11, 5, -5.5 ],
			"to": [ 14.5, 8, -2.5 ],
			"rotation": { "origin": [ 11, 5, -5.5 ], "axis": "x", "angle": -22.5 },
			"faces": {
				"down": { "uv": [ 0, 0, 3, 3 ], "texture": "#texture2" },
				"up": { "uv": [ 0, 0, 3, 3 ], "texture": "#texture2" },
				"north": { "uv": [ 0, 0, 3, 3 ], "texture": "#texture2" },
				"south": { "uv": [ 0, 0, 3, 3 ], "texture": "#texture2" },
				"west": { "uv": [ 0, 0, 3, 3 ], "texture": "#texture2" },
				"east": { "uv": [ 0, 0, 3, 3 ], "texture": "#texture2" }
			}
		}
	],
	"display": {
		"gui": {
			"rotation":  [ 0, 90, 0 ],
			"scale":  [ 0.5, 0.5, 0.5 ]
		},
		"head": {
			"rotation":  [ 0, 90, 0 ],
			"translation":  [ 10, 13, 15 ],
			"scale":  [ 3, 3, 3 ]
		},
		"fixed": {
			"rotation":  [ 0, -90, 0 ],
			"translation":  [ 10, 53, 3 ],
			"scale":  [ 4, 4, 4 ]
		}
	}
}