{
	"__comment": "Designed by twodice",
	"textures": {
		"texture": "items/qudvnd"
	},
	"elements": [ 	 
		{
			"__comment": "Box1",
			"from": [ -14.5, -16, 16 ],
			"to": [ 9, 32, 17 ],
			"faces": {
				"down": { "uv": [ 2, 13.5, 3.75, 14.5 ], "texture": "#texture" },
				"up": { "uv": [ 2, 13.5, 3.75, 14.5 ], "texture": "#texture" },
				"north": { "uv": [ 9, 0, 0, 16 ], "texture": "#texture" },
				"south": { "uv": [ 0, 0, 9, 16 ], "texture": "#texture" },
				"west": { "uv": [ 3.25, 13.25, 4.75, 14.5 ], "texture": "#texture" },
				"east": { "uv": [ 5.5, 0, 6.5, 16 ], "texture": "#texture" }
			}
		},
		{
			"__comment": "Box1",
			"from": [ 17.5, -16, -5 ],
			"to": [ 18.5, 32, 18.5 ],
			"rotation": { "origin": [ 18.5, -16, -5 ], "axis": "y", "angle": -22.5 },
			"faces": {
				"down": { "uv": [ 2, 13.5, 3.75, 14.5 ], "texture": "#texture", "rotation": 270 },
				"up": { "uv": [ 2, 13.5, 3.75, 14.5 ], "texture": "#texture", "rotation": 90 },
				"north": { "uv": [ 3.25, 13.25, 4.75, 14.5 ], "texture": "#texture" },
				"south": { "uv": [ 6, 0, 7, 16 ], "texture": "#texture" },
				"west": { "uv": [ 0, 0, 9, 16 ], "texture": "#texture" },
				"east": { "uv": [ 9, 0, 0, 16 ], "texture": "#texture" }
			}
		}
	],
	"display": {
		"head": {
			"translation":  [ 0, 27, 0 ],
			"scale":  [ 3, 3, 3 ]
		}
	}
}