{
	"__comment": "Designed by twodice",
	"textures": {
		"particle": "items/gksrnr1",
		"texture": "items/fr1"
	},
	"elements": [ 	 
		{
			"__comment": "Box1",
			"from": [ -2.5, -6.5, 7 ],
			"to": [ -1.5, 25.5, 8 ],
			"faces": {
				"down": { "uv": [ 7, 8, 8, 9 ], "texture": "#texture" },
				"up": { "uv": [ 7, 7, 8, 8 ], "texture": "#texture" },
				"north": { "uv": [ 8, 0, 9, 16 ], "texture": "#texture" },
				"south": { "uv": [ 7, 0, 8, 16 ], "texture": "#texture" },
				"west": { "uv": [ 7, 0, 8, 16 ], "texture": "#texture" },
				"east": { "uv": [ 8, 0, 9, 16 ], "texture": "#texture" }
			}
		},
		{
			"__comment": "Box3",
			"from": [ -8, -6.5, 7.5 ],
			"to": [ 24, 25.5, 7.501 ],
			"faces": {
				"down": { "uv": [ 0, 0, 2.5, 1.5 ], "texture": "#particle" },
				"up": { "uv": [ 0, 0, 2.5, 1.5 ], "texture": "#particle" },
				"north": { "uv": [ 0, 0, 16, 16 ], "texture": "#particle" },
				"south": { "uv": [ 16, 0, 0, 16 ], "texture": "#particle" },
				"west": { "uv": [ 0, 0, 2.5, 1.5 ], "texture": "#particle" },
				"east": { "uv": [ 0, 0, 2.5, 1.5 ], "texture": "#particle" }
			}
		},
		{
			"__comment": "Box1",
			"from": [ 17.5, -6.5, 7 ],
			"to": [ 18.5, 25.5, 8 ],
			"faces": {
				"down": { "uv": [ 8, 8, 9, 9 ], "texture": "#texture" },
				"up": { "uv": [ 8, 7, 9, 8 ], "texture": "#texture" },
				"north": { "uv": [ 7, 0, 8, 16 ], "texture": "#texture" },
				"south": { "uv": [ 8, 0, 9, 16 ], "texture": "#texture" },
				"west": { "uv": [ 7, 0, 8, 16 ], "texture": "#texture" },
				"east": { "uv": [ 8, 0, 9, 16 ], "texture": "#texture" }
			}
		},
		{
			"__comment": "Box1",
			"from": [ -2.5, 25.5, 7 ],
			"to": [ 18.5, 26.5, 8 ],
			"faces": {
				"down": { "uv": [ 0, 8, 16, 9 ], "texture": "#texture" },
				"up": { "uv": [ 0, 7, 16, 8 ], "texture": "#texture" },
				"north": { "uv": [ 0, 9, 16, 10 ], "texture": "#texture" },
				"south": { "uv": [ 0, 9, 16, 10 ], "texture": "#texture" },
				"west": { "uv": [ 7, 9, 8, 10 ], "texture": "#texture" },
				"east": { "uv": [ 8, 9, 9, 10 ], "texture": "#texture" }
			}
		},
		{
			"__comment": "Box1",
			"from": [ -2.5, -7.5, 7 ],
			"to": [ 18.5, -6.5, 8 ],
			"faces": {
				"down": { "uv": [ 0, 8, 16, 9 ], "texture": "#texture" },
				"up": { "uv": [ 0, 7, 16, 8 ], "texture": "#texture" },
				"north": { "uv": [ 0, 4.5, 16, 5.5 ], "texture": "#texture" },
				"south": { "uv": [ 0, 4.5, 16, 5.5 ], "texture": "#texture" },
				"west": { "uv": [ 7, 4.5, 8, 5.5 ], "texture": "#texture" },
				"east": { "uv": [ 8, 4.5, 9, 5.5 ], "texture": "#texture" }
			}
		}
	],
	"display": {
		"head": {
			"rotation":  [ 0, -90, 0 ],
			"translation":  [ -13, 40, 0 ],
			"scale":  [ 4, 4, 4 ]
		}
	}
}