{
	"__comment": "Designed by twodice",
	"textures": {
		"texture": "items/sksch1"
	},
	"elements": [ 	 
		{
			"__comment": "Box1",
			"from": [ 0, 0, 8 ],
			"to": [ 16, 16, 8.001 ],
			"faces": {
				"down": { "uv": [ 0, 7.499, 16, 7.5 ], "texture": "#texture" },
				"up": { "uv": [ 0, 8.5, 16, 8.500999 ], "texture": "#texture" },
				"north": { "uv": [ 1.75, 0.5, 14.25, 13 ], "texture": "#texture" },
				"south": { "uv": [ 14.25, 0.5, 1.75, 13 ], "texture": "#texture" },
				"west": { "uv": [ 8.5, 0, 8.501, 16 ], "texture": "#texture" },
				"east": { "uv": [ 7.499, 0, 7.5, 16 ], "texture": "#texture" }
			}
		},
		{
			"__comment": "Box1",
			"from": [ 8, 0, 0 ],
			"to": [ 8.001, 16, 16 ],
			"faces": {
				"down": { "uv": [ 8, 15.999, 16, 16 ], "texture": "#texture", "rotation": 90 },
				"up": { "uv": [ 8, 0, 16, 0.001000404 ], "texture": "#texture", "rotation": 270 },
				"north": { "uv": [ 0, 0, 1, 1 ], "texture": "#texture" },
				"south": { "uv": [ 0, 0, 0.5, 0.5 ], "texture": "#texture" },
				"west": { "uv": [ 1.75, 0.5, 14.25, 13 ], "texture": "#texture" },
				"east": { "uv": [ 1.75, 0.5, 14.25, 13 ], "texture": "#texture" }
			}
		}
	],
	"display": {
		"head": {
			"translation":  [ 0, -18, 0 ],
			"scale":  [ 3, 3, 3 ]
		}
	}
}