{
	"__comment": "Designed by twodice",
	"textures": {
		"particle": "items/hat4",
		"texture": "acc/wjsflq2",
		"texture1": "items/hat2",
		"texture2": "items/hat1",
		"texture3": "items/hat3"
	},
	"elements": [ 	 
		{
			"__comment": "Box1",
			"from": [ 2.0625, 0.375, 0 ],
			"to": [ 14.0625, 0.875, 16 ],
			"faces": {
				"down": { "uv": [ 7.3125, 6.0625, 10, 7.8125 ], "texture": "#texture1" },
				"up": { "uv": [ 7.3125, 6.0625, 10, 7.8125 ], "texture": "#texture1" },
				"north": { "uv": [ 7.3125, 6.0625, 10, 7.8125 ], "texture": "#texture1" },
				"south": { "uv": [ 7.3125, 6.0625, 10, 7.8125 ], "texture": "#texture1" },
				"west": { "uv": [ 7.3125, 6.0625, 10, 7.8125 ], "texture": "#texture1" },
				"east": { "uv": [ 7.3125, 6.0625, 10, 7.8125 ], "texture": "#texture1" }
			}
		},
		{
			"__comment": "Box1",
			"from": [ 0.0625, 0.375, 2 ],
			"to": [ 16.0625, 0.875, 14 ],
			"faces": {
				"down": { "uv": [ 7.3125, 6.0625, 10, 7.8125 ], "texture": "#texture1" },
				"up": { "uv": [ 7.3125, 6.0625, 10, 7.8125 ], "texture": "#texture1" },
				"north": { "uv": [ 7.3125, 6.0625, 10, 7.8125 ], "texture": "#texture1" },
				"south": { "uv": [ 7.3125, 6.0625, 10, 7.8125 ], "texture": "#texture1" },
				"west": { "uv": [ 7.3125, 6.0625, 10, 7.8125 ], "texture": "#texture1" },
				"east": { "uv": [ 7.3125, 6.0625, 10, 7.8125 ], "texture": "#texture1" }
			}
		},
		{
			"__comment": "Box1",
			"from": [ 5.0625, 0.375, -1 ],
			"to": [ 11.0625, 0.875, 0 ],
			"faces": {
				"down": { "uv": [ 7.3125, 6.0625, 10, 7.8125 ], "texture": "#texture1" },
				"up": { "uv": [ 7.3125, 6.0625, 10, 7.8125 ], "texture": "#texture1" },
				"north": { "uv": [ 7.3125, 6.0625, 10, 7.8125 ], "texture": "#texture1" },
				"south": { "uv": [ 7.3125, 6.0625, 10, 7.8125 ], "texture": "#texture1" },
				"west": { "uv": [ 7.3125, 6.0625, 10, 7.8125 ], "texture": "#texture1" },
				"east": { "uv": [ 7.3125, 6.0625, 10, 7.8125 ], "texture": "#texture1" }
			}
		},
		{
			"__comment": "Box1",
			"from": [ -0.9375, 0.375, 5 ],
			"to": [ 0.0625, 0.875, 11 ],
			"faces": {
				"down": { "uv": [ 7.3125, 6.0625, 10, 7.8125 ], "texture": "#texture1" },
				"up": { "uv": [ 7.3125, 6.0625, 10, 7.8125 ], "texture": "#texture1" },
				"north": { "uv": [ 7.3125, 6.0625, 10, 7.8125 ], "texture": "#texture1" },
				"south": { "uv": [ 7.3125, 6.0625, 10, 7.8125 ], "texture": "#texture1" },
				"west": { "uv": [ 7.3125, 6.0625, 10, 7.8125 ], "texture": "#texture1" },
				"east": { "uv": [ 7.3125, 6.0625, 10, 7.8125 ], "texture": "#texture1" }
			}
		},
		{
			"__comment": "Box1",
			"from": [ 16.0625, 0.375, 5 ],
			"to": [ 17.0625, 0.875, 11 ],
			"faces": {
				"down": { "uv": [ 7.3125, 6.0625, 10, 7.8125 ], "texture": "#texture1" },
				"up": { "uv": [ 7.3125, 6.0625, 10, 7.8125 ], "texture": "#texture1" },
				"north": { "uv": [ 7.3125, 6.0625, 10, 7.8125 ], "texture": "#texture1" },
				"south": { "uv": [ 7.3125, 6.0625, 10, 7.8125 ], "texture": "#texture1" },
				"west": { "uv": [ 7.3125, 6.0625, 10, 7.8125 ], "texture": "#texture1" },
				"east": { "uv": [ 7.3125, 6.0625, 10, 7.8125 ], "texture": "#texture1" }
			}
		},
		{
			"__comment": "Box1",
			"from": [ 5.0625, 0.375, 16 ],
			"to": [ 11.0625, 0.875, 17 ],
			"faces": {
				"down": { "uv": [ 7.3125, 6.0625, 10, 7.8125 ], "texture": "#texture1" },
				"up": { "uv": [ 7.3125, 6.0625, 10, 7.8125 ], "texture": "#texture1" },
				"north": { "uv": [ 7.3125, 6.0625, 10, 7.8125 ], "texture": "#texture1" },
				"south": { "uv": [ 7.3125, 6.0625, 10, 7.8125 ], "texture": "#texture1" },
				"west": { "uv": [ 7.3125, 6.0625, 10, 7.8125 ], "texture": "#texture1" },
				"east": { "uv": [ 7.3125, 6.0625, 10, 7.8125 ], "texture": "#texture1" }
			}
		},
		{
			"__comment": "Box1",
			"from": [ 3.903, 0.875, 4.627 ],
			"to": [ 12.097, 3.375, 10.933 ],
			"faces": {
				"down": { "uv": [ 7.3125, 6.0625, 10, 7.8125 ], "texture": "#texture1" },
				"up": { "uv": [ 7.3125, 6.0625, 10, 7.8125 ], "texture": "#texture1" },
				"north": { "uv": [ 7.125, 2.4375, 13.625, 4.9375 ], "texture": "#texture1" },
				"south": { "uv": [ 7.125, 2.4375, 13.625, 4.9375 ], "texture": "#texture1" },
				"west": { "uv": [ 7.125, 2.4375, 13.625, 4.9375 ], "texture": "#texture1" },
				"east": { "uv": [ 7.125, 2.4375, 13.625, 4.9375 ], "texture": "#texture1" }
			}
		},
		{
			"__comment": "Box1",
			"from": [ 5.1875, 5.625, 5.25 ],
			"to": [ 10.6875, 7.625, 10.25 ],
			"faces": {
				"down": { "uv": [ 7.3125, 6.0625, 10, 7.8125 ], "texture": "#texture1" },
				"up": { "uv": [ 7.3125, 6.0625, 10, 7.8125 ], "texture": "#texture1" },
				"north": { "uv": [ 7.3125, 6.0625, 10, 7.8125 ], "texture": "#texture1" },
				"south": { "uv": [ 7.3125, 6.0625, 10, 7.8125 ], "texture": "#texture1" },
				"west": { "uv": [ 7.3125, 6.0625, 10, 7.8125 ], "texture": "#texture1" },
				"east": { "uv": [ 7.3125, 6.0625, 10, 7.8125 ], "texture": "#texture1" }
			}
		},
		{
			"__comment": "Box18",
			"from": [ 7, 1, 11.75 ],
			"to": [ 9, 3, 11.751 ],
			"faces": {
				"down": { "uv": [ 3.5, 9.375, 5.5, 9.376 ], "texture": "#texture2", "rotation": 180 },
				"up": { "uv": [ 3.5, 9.375, 5.5, 9.376 ], "texture": "#texture2", "rotation": 180 },
				"north": { "uv": [ 3.5, 9.375, 5.5, 9.376 ], "texture": "#texture2" },
				"south": { "uv": [ 0, 0, 16, 16 ], "texture": "#texture2" },
				"west": { "uv": [ 3.5, 9.375, 5.5, 9.376 ], "texture": "#texture2" },
				"east": { "uv": [ 3.5, 9.375, 5.5, 9.376 ], "texture": "#texture2" }
			}
		},
		{
			"__comment": "Box32",
			"from": [ 3.25, 0.875, 7.625 ],
			"to": [ 4.211, 3.375, 8.625 ],
			"faces": {
				"down": { "uv": [ 3.25, 7.375, 4.211, 8.375 ], "texture": "#texture3" },
				"up": { "uv": [ 3.25, 7.625, 4.211, 8.625 ], "texture": "#texture3" },
				"north": { "uv": [ 11.789, 12.5625, 12.75, 15.0625 ], "texture": "#texture3" },
				"south": { "uv": [ 3.25, 12.5625, 4.211, 15.0625 ], "texture": "#texture3" },
				"west": { "uv": [ 7.625, 12.5625, 8.625, 15.0625 ], "texture": "#texture3" },
				"east": { "uv": [ 7.375, 12.5625, 8.375, 15.0625 ], "texture": "#texture3" }
			}
		},
		{
			"__comment": "Box32",
			"from": [ 11.875, 0.8125, 7.625 ],
			"to": [ 12.875, 3.3125, 8.625 ],
			"faces": {
				"down": { "uv": [ 11.875, 7.375, 12.875, 8.375 ], "texture": "#texture3" },
				"up": { "uv": [ 11.875, 7.625, 12.875, 8.625 ], "texture": "#texture3" },
				"north": { "uv": [ 3.125, 12.6875, 4.125, 15.1875 ], "texture": "#texture3" },
				"south": { "uv": [ 11.875, 12.6875, 12.875, 15.1875 ], "texture": "#texture3" },
				"west": { "uv": [ 7.625, 12.6875, 8.625, 15.1875 ], "texture": "#texture3" },
				"east": { "uv": [ 7.375, 12.6875, 8.375, 15.1875 ], "texture": "#texture3" }
			}
		},
		{
			"__comment": "Box1",
			"from": [ 4.75, 0.875, 3.6875 ],
			"to": [ 11.25, 3.375, 11.6875 ],
			"faces": {
				"down": { "uv": [ 7.3125, 6.0625, 10, 7.8125 ], "texture": "#texture1", "rotation": 90 },
				"up": { "uv": [ 7.3125, 6.0625, 10, 7.8125 ], "texture": "#texture1", "rotation": 270 },
				"north": { "uv": [ 7.125, 2.4375, 13.625, 4.9375 ], "texture": "#texture1" },
				"south": { "uv": [ 7.125, 2.4375, 13.625, 4.9375 ], "texture": "#texture1" },
				"west": { "uv": [ 7.125, 2.4375, 13.625, 4.9375 ], "texture": "#texture1" },
				"east": { "uv": [ 7.125, 2.4375, 13.625, 4.9375 ], "texture": "#texture1" }
			}
		},
		{
			"__comment": "Box1",
			"from": [ 5.611, 5.625, 4.7835 ],
			"to": [ 10.264, 7.625, 10.6305 ],
			"faces": {
				"down": { "uv": [ 7.3125, 6.0625, 10, 7.8125 ], "texture": "#texture1", "rotation": 90 },
				"up": { "uv": [ 7.3125, 6.0625, 10, 7.8125 ], "texture": "#texture1", "rotation": 270 },
				"north": { "uv": [ 7.3125, 6.0625, 10, 7.8125 ], "texture": "#texture1" },
				"south": { "uv": [ 7.3125, 6.0625, 10, 7.8125 ], "texture": "#texture1" },
				"west": { "uv": [ 7.3125, 6.0625, 10, 7.8125 ], "texture": "#texture1" },
				"east": { "uv": [ 7.3125, 6.0625, 10, 7.8125 ], "texture": "#texture1" }
			}
		},
		{
			"__comment": "Box1",
			"from": [ 4.3125, 3.375, 4.9375 ],
			"to": [ 11.6871, 5.625, 10.6129 ],
			"faces": {
				"down": { "uv": [ 7.3125, 6.0625, 10, 7.8125 ], "texture": "#texture1" },
				"up": { "uv": [ 7.3125, 6.0625, 10, 7.8125 ], "texture": "#texture1" },
				"north": { "uv": [ 7.125, 2.4375, 13.625, 4.9375 ], "texture": "#texture1" },
				"south": { "uv": [ 7.125, 2.4375, 13.625, 4.9375 ], "texture": "#texture1" },
				"west": { "uv": [ 7.125, 2.4375, 13.625, 4.9375 ], "texture": "#texture1" },
				"east": { "uv": [ 7.125, 2.4375, 13.625, 4.9375 ], "texture": "#texture1" }
			}
		},
		{
			"__comment": "Box1",
			"from": [ 5.0748, 3.375, 4.092 ],
			"to": [ 10.9248, 5.625, 11.292 ],
			"faces": {
				"down": { "uv": [ 7.3125, 6.0625, 10, 7.8125 ], "texture": "#texture1", "rotation": 90 },
				"up": { "uv": [ 7.3125, 6.0625, 10, 7.8125 ], "texture": "#texture1", "rotation": 270 },
				"north": { "uv": [ 7.125, 2.4375, 13.625, 4.9375 ], "texture": "#texture1" },
				"south": { "uv": [ 7.125, 2.4375, 13.625, 4.9375 ], "texture": "#texture1" },
				"west": { "uv": [ 7.125, 2.4375, 13.625, 4.9375 ], "texture": "#texture1" },
				"east": { "uv": [ 7.125, 2.4375, 13.625, 4.9375 ], "texture": "#texture1" }
			}
		},
		{
			"__comment": "Box21",
			"from": [ 3.4997, 10.1875, -3.5 ],
			"to": [ 3.5007, 26.1875, 12.5 ],
			"rotation": { "origin": [ 3.5, 10.1875, -3.5 ], "axis": "x", "angle": 45 },
			"faces": {
				"down": { "uv": [ 14, 0, 15, 16 ], "texture": "#particle" },
				"up": { "uv": [ 14, 0, 15, 16 ], "texture": "#particle" },
				"north": { "uv": [ 1, 0, 2, 16 ], "texture": "#particle" },
				"south": { "uv": [ 14, 0, 15, 16 ], "texture": "#particle" },
				"west": { "uv": [ 0, 0, 16, 16 ], "texture": "#particle" },
				"east": { "uv": [ 16, 0, 0, 16 ], "texture": "#particle" }
			}
		},
		{
			"__comment": "Box21",
			"from": [ 12.4997, 10.0625, -3.5 ],
			"to": [ 12.5007, 26.0625, 12.5 ],
			"rotation": { "origin": [ 12.5, 10.0625, -3.5 ], "axis": "x", "angle": 45 },
			"faces": {
				"down": { "uv": [ 14, 0, 15, 16 ], "texture": "#particle" },
				"up": { "uv": [ 14, 0, 15, 16 ], "texture": "#particle" },
				"north": { "uv": [ 1, 0, 2, 16 ], "texture": "#particle" },
				"south": { "uv": [ 14, 0, 15, 16 ], "texture": "#particle" },
				"west": { "uv": [ 0, 0, 16, 16 ], "texture": "#particle" },
				"east": { "uv": [ 16, 0, 0, 16 ], "texture": "#particle" }
			}
		}
	],
	"display": {
		"thirdperson_righthand": {
			"rotation":  [ 180, 0, -180 ],
			"translation":  [ 0, 7.6521, 0 ],
			"scale":  [ 0.7, 0.7, 0.7 ]
		},
		"thirdperson_lefthand": {
			"rotation":  [ 180, 0, -180 ],
			"translation":  [ 0, 7.6521, 0 ],
			"scale":  [ 0.7, 0.7, 0.7 ]
		},
		"firstperson_righthand": {
			"translation":  [ 0, 9, 0 ],
			"scale":  [ 0.5, 0.5, 0.5 ]
		},
		"firstperson_lefthand": {
			"translation":  [ 0, 9, 0 ],
			"scale":  [ 0.5, 0.5, 0.5 ]
		},
		"gui": {
			"translation":  [ -2, 5, 0 ],
			"scale":  [ 0.5, 0.5, 0.5 ]
		},
		"head": {
			"rotation":  [ 0, 180, 0 ],
			"translation":  [ 0, 17, 0 ],
			"scale":  [ 2.07, 2.07, 2.07 ]
		},
		"ground": {
			"translation":  [ 0, 5, 0 ]
		}
	}
}