{
	"__comment": "Designed by twodice",
	"textures": {
		"particle": "items/carpet1",
		"texture": "items/carpet1"
	},
	"elements": [ 	 
		{
			"__comment": "Box1",
			"from": [ 0, 0, 0 ],
			"to": [ 16, 1, 16 ],
			"faces": {
				"down": { "uv": [ 0, 0, 16, 16 ], "texture": "#texture" },
				"up": { "uv": [ 0, 0, 16, 16 ], "texture": "#texture" },
				"north": { "uv": [ 0, 15, 1, 16 ], "texture": "#texture" },
				"south": { "uv": [ 0, 15, 1, 16 ], "texture": "#texture" },
				"west": { "uv": [ 0, 15, 1, 16 ], "texture": "#texture" },
				"east": { "uv": [ 0, 15, 1, 16 ], "texture": "#texture" }
			}
		}
	]
}