{
	"__comment": "Designed by twodice",
	"textures": {
		"texture": "items/emd1"
	},
	"elements": [ 	 
		{
			"__comment": "Cube1",
			"from": [ 7.5, 6.5, 8.5 ],
			"to": [ 7.501, 6.501, 8.501 ],
			"faces": {
				"down": { "uv": [ 0, 15.999, 2.5, 13 ], "texture": "#texture" },
				"up": { "uv": [ 0, 15.999, 2.5, 13 ], "texture": "#texture" },
				"north": { "uv": [ 0, 15.999, 2.5, 13 ], "texture": "#texture" },
				"south": { "uv": [ 0, 15.999, 2.5, 13 ], "texture": "#texture" },
				"west": { "uv": [ 0, 15.999, 2.5, 13 ], "texture": "#texture" },
				"east": { "uv": [ 0, 15.999, 2.5, 13 ], "texture": "#texture" }
			}
		}
	],
	"display": {
		"fixed": {
			"translation":  [ 0, 0.5, 7.5 ],
			"scale":  [ 0.7, 0.7, 0.7 ]
		}
	}
}