{
	"__comment": "Designed by twodice",
	"textures": {
		"particle": "blocks/e_particle",
		"texture": "blocks/e_texture"
	},
	"elements": [ 	 
		{
			"__comment": "Box1",
			"from": [ 7.5, 0, 7 ],
			"to": [ 7.501, 0.001, 7.001 ],
			"faces": {
				"down": { "uv": [ 7.5, 8.999001, 7.501, 9 ], "texture": "#texture" },
				"up": { "uv": [ 7.5, 7, 7.501, 7.001 ], "texture": "#texture" },
				"north": { "uv": [ 8.499, 15.999, 8.5, 16 ], "texture": "#texture" },
				"south": { "uv": [ 7.5, 15.999, 7.501, 16 ], "texture": "#texture" },
				"west": { "uv": [ 7, 15.999, 7.001, 16 ], "texture": "#texture" },
				"east": { "uv": [ 8.999, 15.999, 9, 16 ], "texture": "#texture" }
			}
		}
	]
}